t,ex0,to0,cg0,ex1,to1,cg1,ex2,to2,cg2
0.0,1.0,1.0,1.0,1.0,1.0,1.0,1.0,1.0,1.0
0.01,0.9997947147612164,0.999658262299081,0.9927024740088093,0.9997671223691937,0.9997494552373163,0.9912045235585392,0.9997163937220902,0.9997829893145813,0.9886515078167454
0.02,0.9991790108827028,0.9986336681963415,0.9851388386025475,0.9990687182796505,0.9989980999018623,0.9821680073241007,0.9988659711013763,0.9991321381799144,0.9771150434548208
0.03,0.9981533383337347,0.9969280204305817,0.9773157084409502,0.9979054617924801,0.997746754226987,0.9728981836798262,0.9974498911742636,0.998047981691866,0.9653999372165535
0.04,0.9967184433669475,0.9945442873923008,0.9692396929813982,0.9962784681111874,0.9959967741853107,0.9634027368816869,0.9954700659330012,0.99653140656428,0.9535153867820945
0.05,0.9948753685183367,0.9914866031236965,0.9609173964789188,0.9941892935816727,0.9937500514887249,0.9536893030584838,0.9929291603256813,0.9945836511289771,0.9414704572094185
0.06,0.9926254526072575,0.9877602673186652,0.9523554179861846,0.9916399356922312,0.9910090135883918,0.9437654702118472,0.9898305922562399,0.9922063053357552,0.9292740809343235
0.07,0.9899703307364253,0.983371745322802,0.9435603513535141,0.9886328330735534,0.9877766236747452,0.9336387782162372,0.986178532584456,0.9894013107523891,0.9169350577704315
0.08,0.986911934291915,0.9783229588401714,0.9345387852288716,0.9851707496958154,0.9840558610967173,0.9233167188189435,0.9819758504063466,0.9861709602662304,0.9044620387334887
0.09,0.9834481240702998,0.9726092938235467,0.925294971632268,0.9812476473050061,0.9798387254503834,0.9128034819743601,0.9772129102297296,0.9825097898036399,0.891859521340137
0.1,0.979576656404237,0.966245537970623,0.9158307494083022,0.9768636040077283,0.9751275821934868,0.9021019161576512,0.9718970805256003,0.9784148204589933,0.8791334777185525
0.11,0.9753021917849151,0.9592479228083178,0.9061535442362426,0.9720257666588168,0.9699310365298571,0.8912204488345781,0.9660400566371651,0.9738921239951517,0.8662931441735504
0.12,0.97062955395723,0.9516329714485617,0.8962709136600022,0.9667414247455998,0.9642578537122022,0.8801674555549284,0.9596537128057308,0.968947889776521,0.8533475748806106
0.13,0.9655636913515111,0.943417498588298,0.8861903287499241,0.9610180103878992,0.9581169590421083,0.8689511851419734,0.9527501021707049,0.963588424769051,0.8403056418858794
0.14,0.9601096770835197,0.9346186105094825,0.8759191741027816,0.954863098338031,0.9515174378700402,0.8575797596924681,0.9453414567695958,0.9578201535402364,0.8271760351061682
0.15,0.9542727089544507,0.9252537050790839,0.8654647478417787,0.948284405980804,0.9444685355953407,0.8460611745766506,0.9374401875380125,0.9516496182591161,0.8139672623289543
0.16,0.9480581094509315,0.9153404717490837,0.8548342616165492,0.9412897933335214,0.9369796576662314,0.8344032984382427,0.9290588843096644,0.9450834786962733,0.8006876492123806
0.17,0.9414713257450222,0.9048968915564762,0.8440348406031573,0.9338872630459794,0.9290603695798119,0.8226138731944496,0.9202103158163619,0.9381285122238356,0.7873453392852555
0.18,0.9345179296942162,0.8939412371232682,0.8330735235040975,0.9260849604004684,0.9207203968820602,0.81070051403596,0.9109074296880163,0.9307916138154753,0.7739482939470533
0.19,0.9272036178414391,0.8824920726564797,0.8219572625482945,0.917891173311772,0.9119696251678329,0.7986707094269463,0.901163352452639,0.9230797960464087,0.7605042924679137
0.2,0.9195342114150499,0.8705682539481429,0.8106929234911034,0.9093143323271675,0.9028181000808647,0.7865318211050641,0.8909913895363424,0.9150001890933966,0.7470209319886422
0.21,0.91151565632884,0.8581889283753031,0.7992872856143096,0.9003630106264262,0.8932760273137688,0.7742910840814529,0.8804050252633397,0.9065600407347447,0.7335056275207097
0.22,0.9031540231820339,0.8453735349000184,0.7877470417261284,0.8910459240218125,0.8833537726080365,0.7619556066407351,0.8694179228559447,0.8977667163503024,0.719965611946253
0.23,0.8944555072592889,0.8321418040693596,0.7760787981612057,0.8813719309580847,0.8730618617540379,0.7495323703410173,0.8580439244345716,0.8886276989214638,0.7064079360180744
0.24,0.8854264285306951,0.8185137580154099,0.7642890747806176,0.8713500325124948,0.862410980591021,0.7370282300138888,0.8462970510177359,0.8791505890311674,0.6928394683596418
0.25,0.8760732316517753,0.8045097104552659,0.7523843049718704,0.8609893723947882,0.8514119750071125,0.7244499137644232,0.8341915025220531,0.8693431048638961,0.6792668954650889
0.26,0.8664024859634853,0.7901502666910364,0.7403708356489006,0.8502992369472041,0.8400758509393172,0.7118040229711772,0.8217416577622398,0.8592130822056773,0.6656967216992149
0.27,0.8564208854922137,0.7754563236098433,0.7282549272520753,0.8392890551444754,0.8284137743735186,0.6990970322861908,0.8089620744511135,0.8487684744440827,0.6521352692974847
0.28,0.8461352489497819,0.7604490696838211,0.7160427537481914,0.8279683985938284,0.8164370713444782,0.6863352896349878,0.7958674891995916,0.8380173525682282,0.6385886783660286
0.29,0.8355525197334441,0.7451499849701171,0.7037404026304763,0.8163469815349831,0.8041572279358359,0.6735250162165756,0.7824728175166932,0.8269679051687745,0.6250629068816431
0.3,0.8246797659258873,0.7295808411108913,0.6913538749185877,0.8044346608401532,0.7915858902801101,0.6606723065034446,0.768793153809537,0.8156284384379264,0.6115637306917897
0.31,0.8135241802952317,0.7137637013333163,0.6788890851586136,0.7922414360140462,0.7787348645586976,0.6477831282415693,0.7548437713833436,0.8040073761694333,0.5980967435145959
0.32,0.8020930802950296,0.697720920449578,0.6663518614230719,0.7797774491938627,0.7656161170018732,0.6348633224504071,0.740640122441433,0.7921132597585889,0.5846673569388545
0.33,0.7903939080642668,0.6814751448568744,0.6537479453109114,0.7670529851492975,0.7522417738887905,0.6219186034228995,0.726197838085227,0.7799547482022312,0.5712808004240246
0.34,0.7784342304273617,0.6650493125374167,0.6410829919475105,0.7540784712825387,0.7386241215474814,0.608954558725471,0.7115327283142474,0.7675406180987429,0.5579421213002304
0.35000000000000003,0.7662217388941654,0.6484666530584289,0.6283625699846782,0.740864477628268,0.7247756063548558,0.59597664919803,0.6966607820261168,0.7548797636480507,0.5446561847682616
0.36,0.7537642496599621,0.6317506875721471,0.6155921616006539,0.7274217168536612,0.7107088347367023,0.582990208953968,0.681598167016559,0.7419811966516259,0.531427673899574
0.37,0.7410697036054686,0.6149252288158211,0.6027771625001069,0.7137610442583868,0.6964365731676876,0.5700004453801603,0.6663612299793977,0.7288540465124844,0.5182610896362889
0.38,0.7281461662968346,0.5980143811117126,0.589922881914137,0.6998934577746081,0.681971748171357,0.5570124391369654,0.6509664965065578,0.7155075602351864,0.5051607507911928
0.39,0.7150018279856427,0.5810425403670967,0.5770345426002743,0.6858300979669811,0.6673274463201341,0.5440311441582257,0.6354306710880646,0.701951102425836,0.4921307940477387
0.4,0.7016450036089081,0.5640343940742606,0.5641172808424788,0.6715822480326559,0.6525169142353205,0.5310613876512669,0.6197706371120446,0.6881941552920825,0.47917517396004433
0.41000000000000003,0.6880841327890792,0.5470149213105051,0.5511761464511413,0.6571613338012758,0.6375535585870968,0.5181078700968978,0.6040034568647243,0.6742463186431192,0.4662976629528936
0.42,0.6743277798340371,0.5300106381759865,0.5382161027630827,0.6425789237349786,0.6224509460945215,0.5051751652494116,0.5881463715304316,0.6601173098896838,0.45350185132173604
0.43,0.6603846337370955,0.5130465509198043,0.5252420266415538,0.6278467289283944,0.6072228035255315,0.492267720136584,0.5722168011915942,0.6458169640440583,0.4407911472326866
0.44,0.6462635081770011,0.4961421054040407,0.512258708476236,0.6129766031086482,0.5918830176969421,0.4793898550596749,0.5562323448287414,0.6313552337200692,0.4281687767225256
0.45,0.6319733415179334,0.47931602683825714,0.499270852183241,0.5979805426353579,0.5764456354744472,0.46654576359342753,0.5402107803205023,0.6167421891330873,0.4156377836986998
0.46,0.6175231968095048,0.46258644476849775,0.4862830752051105,0.5828706865006354,0.5609248637726186,0.45373951258606826,0.5241700644436078,0.6019880181000284,0.40320102993932105
0.47000000000000003,0.6029222617867607,0.4459708930772897,0.4732999085108167,0.567659316329086,0.5453350695549066,0.44097504215930755,0.5081283328728885,0.5871030260393518,0.39086119509316697
0.48,0.5881798488701788,0.42948630998364273,0.46032579659576206,0.5523588563778086,0.5296907798336408,0.4282561657083389,0.49210390009712285,0.5720976359710619,0.37862077667968064
0.49,0.5733053951656701,0.4131490380430491,0.44736509748177894,0.5369818735363958,0.5140066816700269,0.4155865699018396,0.47611357282195665,0.5569823885167071,0.3664820900889707
0.5,0.5583084624645783,0.3969748241474841,0.43442208271713056,0.5215410773269338,0.4982976221741513,0.4029698146819699,0.46017186200002835,0.5417679418993804,0.3544472685818121
0.51,0.54319873724368,0.3809788195254057,0.42150093737650973,0.5060493199040027,0.4825786085049776,0.3904093332643743,0.4442933868704513,0.5264650719437192,0.34251826328964496
0.52,0.5279860306651842,0.3651755797417544,0.4086057600610402,0.490519596054676,0.466864807870348,0.3779084321381804,0.4284923281512031,0.5110846720759048,0.3306968432145745
0.53,0.5126802785767333,0.34957906469795363,0.39574056289827564,0.4749650431985204,0.4511705531459125,0.36547029106599915,0.4127824280391262,0.4956377533236638,0.3189845952293724
0.54,0.4972915415114023,0.33420263863190974,0.3829092715422,0.4593989413875974,0.43550409624585945,0.3530979630839254,0.39717699020992747,0.48013544431626665,0.3073829240774759
0.55,0.4818300046876992,0.31905907011801127,0.3701157251732272,0.4438347133064606,0.41987777043006413,0.34079437450153716,0.38168887981817845,0.46458899128452846,0.29589305237298746
0.56,0.4663059780095643,0.3041605320671299,0.3573636764982021,0.42828441671486905,0.40430465975001845,0.32856232490189585,0.36633052349731526,0.449009758060808,0.28452169346887984
0.5700000000000001,0.45072989606637137,0.28951860172662003,0.3446567917503993,0.4127501602242613,0.38879748958693355,0.316404487141547,0.3511139093596385,0.43340922607900967,0.27327688548100626
0.58,0.43511231813292683,0.27514426068031883,0.33199865068952394,0.39724206835162806,0.3733686266517404,0.3043234073505191,0.33605058699631357,0.41779899437458135,0.2621606966147854
0.59,0.41946392816946954,0.2610478948485457,0.31939274660171113,0.3817721529901134,0.35803007898508865,0.29232337556838955,0.32115166747737,0.40219077958451543,0.251175108493462
0.6,0.4037955348216715,0.24723929448810333,0.3068424877156533,0.36635211135136214,0.342793495957348,0.2804116751802817,0.3064278233517025,0.3865964159473493,0.24032202065760566
0.61,0.3881180714206377,0.2337276541922771,0.2943521587848943,0.3509933259655186,0.3276701682686073,0.268591879384994,0.29188928864706976,0.3710278553031636,0.22960325056511122
0.62,0.37244259598290586,0.2205215728908348,0.28192647470226617,0.33570686468122735,0.31267102794867474,0.25686729909138456,0.27754585887009564,0.3554971670935847,0.21902053359119822
0.63,0.3567788008306415,0.20762905385002722,0.26956953683796603,0.32050348066563283,0.29780664835707815,0.24524114986360465,0.26340689100626813,0.34001334547032697,0.20857552302841117
0.64,0.34112186355545926,0.19505750467258798,0.25728534933907576,0.30539361240437946,0.28308724418306447,0.2337165519210991,0.24948130351994002,0.32457639521873677,0.1982697900866196
0.65,0.32547803622234284,0.18281373729773293,0.24507781912956209,0.29038738370161177,0.26852267144560027,0.222296530138606,0.2357775763543285,0.30919589673539843,0.18810482389301786
0.66,0.3098575860804848,0.17090396800116114,0.23295075591027634,0.27549460367997397,0.25412242749337133,0.2109840140461569,0.22230375093151566,0.2938821886154242,0.1780820314921254
0.67,0.2942705492550839,0.15933381739505437,0.22090787215895463,0.2607247667806106,0.2398956510047829,0.19978183782907663,0.20906743015244794,0.2786453446699526,0.16820273784578646
0.68,0.27872673074734533,0.14810831042807682,0.20895278313021792,0.24608705276316598,0.2258511219879597,0.18869274032798344,0.19607577839693618,0.2634951739261484,0.15846818583317032
0.6900000000000001,0.2632357044344804,0.13723187638537565,0.1970890068555718,0.23159032670578442,0.2119972617807458,0.17771936503878902,0.18333552152365618,0.24844122062720259,0.14887953625077116
0.7000000000000001,0.2478068130697068,0.12670834888858085,0.18531996414340662,0.21724313900511033,0.19834213305070464,0.16686426011269836,0.17085294687014824,0.23349276423233228,0.1394378678124081
0.71,0.23244916828224874,0.11654096589580493,0.17364897857899766,0.20305372537628819,0.18489343979511924,0.1561298783562099,0.158633903252817,0.2186588194167811,0.13014417714922535
0.72,0.21717165057733603,0.10673236970164307,0.16207927652450457,0.1890300068529619,0.17165852734099157,0.14551857723111528,0.14668380096693184,0.20394813607181828,0.12099937880969172
0.73,0.20198290933620539,0.09728460693717322,0.15061398711897206,0.175179589787276,0.1586443823450434,0.13503261885449963,0.1350076117866268,0.18936919930473986,0.11200430525960117
0.74,0.1868913628160996,0.08819912856995654,0.13925614227832944,0.16150976584987464,0.14585763279371583,0.12467416999874151,0.12360986896490023,0.17493022943886793,0.10315970688207268
0.75,0.1719051981502678,0.07947678990403623,0.12800867669539093,0.14802751202990222,0.13330454800316927,0.11444530209151282,0.11249466723361551,0.16063918201355074,0.09446625197755015
0.76,0.15703237134796527,0.07111422575019039,0.11687442783985535,0.1347394906350028,0.12099103861928368,0.10434799121577887,0.1016656628035002,0.1465037477841628,0.0859245267638023
0.77,0.14228060729445383,0.06310285229620101,0.10585613595830626,0.12165204929132067,0.10892265661765821,0.09438411810979824,0.09112607336414646,0.13253135272210478,0.07753503537592285
0.78,0.12765739975100127,0.05543748209809238,0.09495644407421208,0.10877122094350022,0.09710459530361149,0.08455546816712292,0.08087867808401139,0.11872915801480369,0.0692981998663304
0.79,0.11317001135488194,0.048112836706147716,0.08417789798792594,0.09610272385468538,0.0855416893121817,0.07486373143659841,0.07092581761041633,0.10510406006571271,0.0612143602047687
0.8,0.09882547361937627,0.04112349583624023,0.07352294627668554,0.08365196160652033,0.0742384146081263,0.06531050262236335,0.061269394069547234,0.09166269049431114,0.05328377427830616
0.81,0.08463058693377101,0.034463897369833095,0.06299394029461355,0.07142402309914936,0.06319888848592209,0.055897281083849976,0.0519108710664547,0.07841141613610475,0.04550661789133642
0.8200000000000001,0.07059192056335928,0.02812833735397937,0.052593134172717326,0.059423682551216495,0.05242686956976522,0.04662547083578367,0.042851273685053815,0.06535633904262511,0.037882984765577776
0.8300000000000001,0.05671581264944059,0.022110970001322186,0.042322684818888956,0.04765539949986597,0.041925757813571496,0.03749638054818355,0.03409118848812459,0.05250329648143043,0.030412886540073736
0.84,0.04300837020932047,0.01640580769009458,0.03218465191790543,0.03612331880074182,0.03169859450097584,0.028511223546361875,0.025630763517311472,0.039857860936105105,0.023096252771192483
0.85,0.029475469136310717,0.011006720964119393,0.02218099793142797,0.02483127062798801,0.021748062245332822,0.01967111781092401,0.017469708293122832,0.027425340106259244,0.01593293093262732
0.86,0.01612275419972964,0.0059074385328096585,0.012313588098003203,0.013782770474248696,0.012076484989716085,0.010977085977769141,0.009607293814932583,0.0152107769075297,0.008922686415396508
0.87,0.0029556390449017034,0.0011015472711682905,0.002584190433062017,0.0029810191506678962,0.0026858280069191887,0.0024300553380897094,0.0020423525609786775,0.0032189494715795797,0.0020652025278431463
0.88,-0.010020693806842285,-0.003417507780211937,-0.0070055242710796994,-0.007571097213110223,-0.006422302100545396,-0.005969142161628527,-0.005226721511636168,-0.008545628853902143,-0.0046399195043647645
0.89,-0.022801292958165298,-0.007656423415148175,-0.016453982445221393,-0.01787100716894191,-0.015246657400445729,-0.014219769919606384,-0.012200803264484972,-0.020078709505200076,-0.011193160538233993
0.9,-0.03538143813572381,-0.011622038261867654,-0.025759707743277738,-0.027916453950182885,-0.02378634863083029,-0.02232118667877142,-0.018878431502459894,-0.031376308702572575,-0.017595083513446907
0.91,-0.04775664019016845,-0.015321332783007693,-0.03492132104227863,-0.03770549547168939,-0.032040845200028034,-0.030272846526757657,-0.025263935486436424,-0.04243470745025202,-0.023846333452360202
0.92,-0.05992264109614309,-0.018761429275615596,-0.04393754044236925,-0.04723650432981741,-0.040009975186648894,-0.03807429889590591,-0.031362274798822296,-0.05325045153644414,-0.029947637460006227
0.93,-0.07187541395228586,-0.021949591871148713,-0.05280718126681011,-0.05650816780242296,-0.047689241612066544,-0.04572518856326341,-0.03717843037937404,-0.06382035153332877,-0.035899804724092266
0.9400000000000001,-0.08361116298122784,-0.024893226535474447,-0.06152915606197695,-0.06551948784886208,-0.05507515011134853,-0.05322525565058428,-0.04271740452519702,-0.07414148279705968,-0.04170372651500043
0.9500000000000001,-0.09512632352959449,-0.02759988106887032,-0.07010247459736063,-0.07426978110999094,-0.06217061128089352,-0.060574335624328846,-0.04798422089074539,-0.08421118546776385,-0.04736037618578809
0.96,-0.10641756206800479,-0.03007724510602379,-0.07852624386556734,-0.08275867890816557,-0.06897861978484879,-0.06777235929566455,-0.052983924487822076,-0.09402706446954234,-0.05287080917218756
0.97,-0.11748177619107131,-0.03233315011603244,-0.08679966808231865,-0.0909861272472422,-0.07550224579980677,-0.0748193528204652,-0.05772158168557899,-0.10358698951047057,-0.05823616299260642
0.98,-0.12831609461740062,-0.0343755694024038,-0.09492204868645121,-0.0989523868125769,-0.08174463501480461,-0.08171543769931122,-0.06220228021051667,-0.11288909508259665,-0.06345765724812708
0.99,-0.1389178771895928,-0.03621261810305555,-0.10289278433991694,-0.10665803297102583,-0.08770900863132447,-0.08846083077748979,-0.06643112914648452,-0.1219317804619433,-0.06853659362250725
1.0,-0.14928471487424155,-0.03785255319031536,-0.11071137092778316,-0.11410395577094512,-0.09339866336329347,-0.09505584424499447,-0.07041325893468078,-0.13071370970850654,-0.07347435588217932
1.01,-0.15941442976193432,-0.039305773715345375,-0.11837740155823223,-0.12129135994219087,-0.09881697143708365,-0.1015008856365257,-0.07415382137365246,-0.13923381166625648,-0.0782713083580623
1.02,-0.16930507506725245,-0.04058423113027661,-0.12589056656256203,-0.1282217648961197,-0.103967380591512,-0.1077964578314905,-0.07765798961929544,-0.147491279963137,-0.08292471658198221
1.03,-0.17895493512877114,-0.0416953446089227,-0.13325065349518533,-0.13489700472558752,-0.10885341407784044,-0.11394315905400232,-0.08093095818485439,-0.15548557301106536,-0.08743565932434441
1.04,-0.18836252540905873,-0.042646355539437186,-0.14045754713363062,-0.14131267462252414,-0.11347867065977581,-0.11994168287288137,-0.08397794294092274,-0.16321641400593312,-0.09180563845022427
1.05,-0.19752659249467763,-0.04344445714155119,-0.14751122947854128,-0.1474575427793686,-0.11784682461346994,-0.12579281820165455,-0.08680418111544282,-0.17068379092760544,-0.09603615973296999
1.06,-0.2064461140961843,-0.04409679446657344,-0.15441177975367576,-0.1533349829983968,-0.1219616257275196,-0.13149744929855545,-0.08941493129370567,-0.17788795653992118,-0.10012873285420268
1.07,-0.21512029904812846,-0.044610464397390234,-0.16115937440590833,-0.15894889680283475,-0.12582689930296645,-0.13705632492515088,-0.09181547341835128,-0.18482942839069294,-0.10408487140381635
1.08,-0.22354858730905325,-0.044992515648465486,-0.16775428710522844,-0.1643031897160308,-0.12944654615329712,-0.14246578837969126,-0.09401110878936829,-0.1915009799480726,-0.10790609287997789
1.09,-0.23173064996149662,-0.04524994876584068,-0.17419688874474015,-0.16940177126145559,-0.13282454260444318,-0.1477247679586079,-0.09600716006409431,-0.19789570165265963,-0.11159391868912703
1.1,-0.2396663892119889,-0.04538971612713492,-0.18048764744066348,-0.17424855496270214,-0.13596494049478114,-0.15283398202411616,-0.09780897125721565,-0.2040164824001281,-0.11514987414597647
1.11,-0.2473559383910554,-0.04541872194154487,-0.1866251817639303,-0.17884745834348587,-0.13887186717513242,-0.15779417562378925,-0.09942190774076742,-0.2098662586955964,-0.11857548847351171
1.12,-0.2547996619532139,-0.04534382224984482,-0.1926057621231714,-0.18320240292764442,-0.14154952550876343,-0.16260612049055817,-0.1008513562441337,-0.21544800539914272,-0.12187229480299121
1.1300000000000001,-0.261998155476977,-0.04517182492438663,-0.19842937451846027,-0.1873173142391379,-0.1440021938713855,-0.1672706150427118,-0.10210272485404716,-0.22076473572580488,-0.12504183017394627
1.1400000000000001,-0.2689522456648501,-0.044909489669099745,-0.20409616954997323,-0.19119612180204867,-0.1462342261511549,-0.1717884843838968,-0.10318144301458945,-0.22581950124558056,-0.12808563553418106
1.1500000000000001,-0.2756579763965267,-0.04456352801949122,-0.20960633962980696,-0.19484275914058152,-0.14825005174867284,-0.17616058030311763,-0.104092961527191,-0.23061539188342717,-0.13100525573977273
1.16,-0.2821052573447174,-0.044140603342645725,-0.21496011898197845,-0.19826116377906344,-0.15005417557698542,-0.18038778127473654,-0.10484275255063095,-0.23515553591926175,-0.13380223955507115
1.17,-0.288295423251281,-0.043647330837225454,-0.2201577836424255,-0.20145527724194406,-0.1516511780615838,-0.18447099245847384,-0.10543630960103743,-0.23944309998796143,-0.13647813965269925
1.18,-0.2942303345587703,-0.04309027753347026,-0.22519965145900608,-0.20442904505379508,-0.1530457151404039,-0.18841114569940737,-0.10587914755188725,-0.24348128907936284,-0.13903451261355282
1.19,-0.299911908340872,-0.04247596229319754,-0.23008608209149856,-0.20718641673931062,-0.15424251826382687,-0.19220919952797294,-0.10617680263400597,-0.24727334653826236,-0.14147291892680042
1.2,-0.30534211830240693,-0.04181085580980234,-0.23481747701160188,-0.20973134582330716,-0.15524639439467847,-0.19586613915996415,-0.1063350949353995,-0.25082255406441617,-0.14379492298988356
1.21,-0.31052299477932954,-0.04110138060825722,-0.23939427950293532,-0.2120677898307235,-0.15606222600822955,-0.19938297649653244,-0.10636366345866263,-0.2541322317125403,-0.14600209310851664
1.22,-0.3154566247387284,-0.040353794843023455,-0.2438169746610387,-0.21419971028662088,-0.15669497109219596,-0.202760750124187,-0.10626956644140141,-0.25720573789231044,-0.14809600149668703
1.23,-0.3201451517788258,-0.03957201069712568,-0.24808608939337212,-0.21613107271618273,-0.15714966314673842,-0.20600052531479496,-0.10605841841493363,-0.26004646936836207,-0.1500782242766548
1.24,-0.324590776128978,-0.03875899230781238,-0.25220219241931635,-0.21786584664471498,-0.15743141118446258,-0.20910339402558115,-0.105735732285966,-0.26265786126029034,-0.15195034147895303
1.25,-0.3287957546496752,-0.03791789693128703,-0.2561658942701724,-0.2194080055976458,-0.15754539973041898,-0.21207047489912834,-0.10530691933659404,-0.2650433870426503,-0.15371393704238773
1.26,-0.3327624008325414,-0.03705184534625782,-0.2599778472891618,-0.22076152710052582,-0.15749688882210333,-0.21490291326337702,-0.10477728922430225,-0.26720655854495673,-0.15537059881403764
1.27,-0.33649308480033446,-0.036163921853937596,-0.26363874563142653,-0.2219303926790278,-0.1572922604142962,-0.21760188113162557,-0.10415204998196395,-0.2691509259516841,-0.15692191854925452
1.28,-0.33999023330694633,-0.03525717427804391,-0.26714932526402896,-0.22291858785894714,-0.15694095293165847,-0.22016857720253014,-0.10343630801784136,-0.2708800778022667,-0.15836949191166305
1.29,-0.3432563297374026,-0.03433461396479899,-0.2705103639659519,-0.22373010216620134,-0.15644928019777044,-0.2226042268601048,-0.1026350681155856,-0.27239764099109853,-0.1597149184731606
1.3,-0.3462939141078629,-0.03339921578292976,-0.2737226813280987,-0.22436892912683037,-0.1558231449228156,-0.22491008217372135,-0.10175323343423667,-0.27370728076753337,-0.1609598017139176
1.31,-0.3491055830656208,-0.03245391812366782,-0.27678713875329297,-0.22483906626699646,-0.15506836107678093,-0.22708742189810938,-0.10079560550822346,-0.2748127007358847,-0.1621057490223773
1.32,-0.3516939898891036,-0.03150162290074947,-0.27970463945627894,-0.22514451511298433,-0.15419065388945685,-0.2291375514733564,-0.09976688424736373,-0.275717642855426,-0.16315437169525585
1.33,-0.3540618444878726,-0.030545195550415682,-0.28247612846372117,-0.2252892811912009,-0.15319565985043726,-0.23106180302490775,-0.09867166793686415,-0.27642588744039015,-0.16410728493754229
1.34,-0.3562119134026229,-0.029587465031412134,-0.28510259261420473,-0.2252773740281755,-0.15208892670911953,-0.23286153536356646,-0.09751445323732025,-0.27694125315997004,-0.16496610786249855
1.35,-0.35814701980518365,-0.02863122382498917,-0.287585060558235,-0.2251128071505598,-0.15087591347470455,-0.23453813398549356,-0.09629963518471647,-0.2772675970383182,-0.16573246349165938
1.36,-0.3598700434985178,-0.02767922793490184,-0.28992460275823795,-0.22479959808512784,-0.14956199041619658,-0.23609301107220768,-0.09503150719042613,-0.27740881445454707,-0.16640797875483254
1.37,-0.3613839209167221,-0.026734196887409866,-0.2921223314885599,-0.22434176835877595,-0.14815243906240344,-0.2375276054905855,-0.09371426104121143,-0.27736883914272864,-0.16699428449009862
1.3800000000000001,-0.3626916451250274,-0.025798813731277667,-0.2941794008354677,-0.22374334349852287,-0.1466524522019364,-0.23884338279286138,-0.09235198689922344,-0.2771516431918948,-0.16749301544381107
1.3900000000000001,-0.3637962658197982,-0.024875725037774344,-0.29609700669714845,-0.22300835303150957,-0.14506713388321016,-0.2400418352166276,-0.09094867330200218,-0.2767612370460371,-0.16790581027059615
1.4000000000000001,-0.364700889328533,-0.023967540900673684,-0.29787638678370987,-0.2221408304849995,-0.1434014994144429,-0.24112448168483414,-0.08950820716247647,-0.27620166950410696,-0.1682343115333532
1.41,-0.36540867860986437,-0.02307647144531192,-0.29951882061718,-0.22114481338637845,-0.14166047536365636,-0.24209286780578892,-0.08803437376896409,-0.27547702772001553,-0.1684801657032543
1.42,-0.36592285325355856,-0.022202439984176554,-0.30102562953150747,-0.22002434326315445,-0.1398488995586756,-0.24294856587315766,-0.08653085678517164,-0.2745914372026336,-0.1686450231597445
1.43,-0.36624668948051564,-0.021345480455127002,-0.3023981766725612,-0.21878346564295792,-0.13797152108712926,-0.2436931748659638,-0.08500123825019465,-0.2735490618157919,-0.16873053819054162
1.44,-0.3663835201427697,-0.020505776737818525,-0.30363786699813067,-0.21742623005354172,-0.13603300029644944,-0.2443283204485887,-0.08344899857851754,-0.27235410377828084,-0.16873836899163652
1.45,-0.3663367347234888,-0.01968353779078802,-0.3047461472779256,-0.2159566900227809,-0.13403790879387165,-0.24485565497077155,-0.08187751656001357,-0.27101080366385044,-0.1686701776672928
1.46,-0.36610977933697486,-0.018878997651454014,-0.3057245060935765,-0.214378903078673,-0.13199072944643492,-0.2452768574676093,-0.08029006935994498,-0.2695234404012108,-0.168527612589451
1.47,-0.36570615672866347,-0.018092415436116675,-0.3065744738386338,-0.21269823929663204,-0.12989585638098175,-0.24559363365955678,-0.07868983251896278,-0.26789633127403145,-0.16831165204587759
1.48,-0.36512942627512435,-0.0173240753399578,-0.30729762271856886,-0.2109227713024987,-0.1277575949841581,-0.24580771595242662,-0.07707990857591515,-0.26613383192094187,-0.16802384422313116
1.49,-0.36438320398406104,-0.016574286637040823,-0.30789556675077323,-0.20905745944106469,-0.12558016190241342,-0.24592086343738923,-0.07546450305568532,-0.2642403363355313,-0.16766616123283648
1.5,-0.363471162494311,-0.015843383680310807,-0.308369961764559,-0.2071069641319518,-0.12336768504200057,-0.2459348618909729,-0.07384629621762293,-0.2622202768663487,-0.16724054877877279
1.51,-0.3623970310758454,-0.015131725901594456,-0.3087225054011586,-0.20507584920356212,-0.12112420356897595,-0.24585152377506375,-0.07222693532165932,-0.26007812421690263,-0.16674892615687364
1.52,-0.36116459562976966,-0.014439697811600101,-0.30895493711372496,-0.20296858189307812,-0.1188536679091994,-0.2456726882369057,-0.07060803231298815,-0.25781859400313334,-0.1661931862552271
1.53,-0.35977769868832277,-0.013767708999917715,-0.30906903816733144,-0.2007895328464627,-0.11655993974833423,-0.24540022110910045,-0.06899116382206547,-0.2554496842854,-0.1655751955540756
1.54,-0.35824023941487765,-0.013116194135018898,-0.3090666316389719,-0.19854297611845903,-0.1142467920318472,-0.24503601490960755,-0.06737787116460965,-0.2529776897538199,-0.16489679412581595
1.55,-0.3565561736039413,-0.012485612964256891,-0.3089495824175605,-0.19623308917259072,-0.11191790896500861,-0.24458198884174445,-0.06576966034160149,-0.2504077560338704,-0.16415979563499944
1.56,-0.3547295136811545,-0.011876450313866554,-0.30871979720393194,-0.19386395288116168,-0.10957688601289216,-0.2440392938896287,-0.0641680020392841,-0.2477449385260586,-0.16336598733833171
1.57,-0.3527643287032919,-0.011289216088964405,-0.30837922451084127,-0.19143955152525624,-0.10722757341194329,-0.24340754077754068,-0.06257433162916298,-0.24499420240592176,-0.16251713008467286
1.58,-0.35066474435826195,-0.010724445273548577,-0.3079298546629642,-0.18896377279473908,-0.1048748060031427,-0.24268862920406048,-0.06099004916800596,-0.24216042262402698,-0.16161495831503736
1.59,-0.34843494296510724,-0.010182697930498844,-0.30737371979689654,-0.1864404077882552,-0.1025212191316575,-0.24188460672812045,-0.05941651939784327,-0.23924838390597128,-0.1606611800625941
1.6,-0.34607916347400397,-0.009663534889101712,-0.30671289386115486,-0.18387315101323,-0.1001690923617977,-0.2409975022715772,-0.057855071745967476,-0.2362627807523817,-0.15965747695266644
1.61,-0.34360170146626257,-0.009164909099825274,-0.3059489408249184,-0.1812656003858693,-0.09782065157941691,-0.2400293261192113,-0.05630700032493351,-0.23320821743891518,-0.158605504202732
1.62,-0.341006909154327,-0.008686201526956832,-0.30508048450885766,-0.1786212572311592,-0.09547806899191238,-0.23898206991872747,-0.05477356393255868,-0.2300892080162586,-0.157506890622423
1.6300000000000001,-0.3382979273539621,-0.008226857486130671,-0.30410901396391044,-0.1759435262828662,-0.0931434631282249,-0.23785770668075454,-0.05325598605192266,-0.22691017631012877,-0.15636323861352597
1.6400000000000001,-0.33547619534662443,-0.007786341951013633,-0.30303662441250007,-0.17323571568353713,-0.09081889883883892,-0.23665819077884542,-0.051755454851367455,-0.22367545592127255,-0.15517612416998183
1.6500000000000001,-0.33254637102449547,-0.007364139553305119,-0.3018653997713825,-0.17050103698449925,-0.08850638729578249,-0.2353854579494771,-0.05027312318449746,-0.22038929022546663,-0.15394709687788596
1.6600000000000001,-0.3295131942819247,-0.00695975458273709,-0.30059741265164597,-0.16774260514586012,-0.08620788599262724,-0.2340414252920507,-0.04881010859017943,-0.21705583237351767,-0.1526776799154881
1.67,-0.3263813232652172,-0.006572710987074069,-0.29923472435871123,-0.16496343853650777,-0.08392529874448848,-0.2326279912688914,-0.047367493292542515,-0.21367914529126236,-0.15136937005319254
1.68,-0.3231553343726331,-0.006202552372113116,-0.2977793848923315,-0.1621664589341104,-0.08166047568802497,-0.2311470357052485,-0.04594632420097811,-0.21026320167956716,-0.15002363765355778
1.69,-0.31983972225438834,-0.005848842001683876,-0.2962334329465925,-0.15935449152511674,-0.0794152132814392,-0.22960041978929538,-0.0445476129101401,-0.2068118840143286,-0.14864192667129683
1.7,-0.31643889981265416,-0.005511162797648542,-0.2945988959099122,-0.15653026490475586,-0.07719125430447729,-0.22798998607212953,-0.04317233569994467,-0.20332898454647313,-0.14722565465327714
1.71,-0.31295719820155715,-0.005189117339901863,-0.29287778986504126,-0.15369641107703713,-0.07499028785842887,-0.22631755846777252,-0.0418214335355704,-0.1998182053019572,-0.1457762127385205
1.72,-0.3093988668271795,-0.004882327866371149,-0.2910721195890627,-0.15085546545475034,-0.07281394936612723,-0.22458494225317008,-0.040495812067458205,-0.1962831580817671,-0.1442949656582032
1.73,-0.30576807334755873,-0.004590436273016269,-0.289183878553392,-0.14800986685946566,-0.07066382057194928,-0.22279392406819193,-0.03919634163131138,-0.19272736446191918,-0.1427832517356559
1.74,-0.3020689036726878,-0.004313104113829651,-0.28721504892377714,-0.14516195752153357,-0.0685414295418155,-0.22094627191563193,-0.03792385724809556,-0.18915425579345962,-0.1412423828863636
1.75,-0.2983053619645151,-0.004050012600836276,-0.28516760156029836,-0.14231398308008497,-0.06644825066318999,-0.21904373516120812,-0.03667915862403877,-0.18556717320246457,-0.13967364461796583
1.76,-0.2944813706369445,-0.003800862604093693,-0.28304349601736867,-0.13946809258303103,-0.06438570464508046,-0.21708804453356248,-0.0354630101303605,-0.18196936759004023,-0.13807829603025643
1.77,-0.2906007703558353,-0.003565006292682163,-0.28084468054373324,-0.1366263384870634,-0.06235515851803822,-0.21508091212426123,-0.03427512570733316,-0.17836399963232263,-0.1364575698151837
1.78,-0.2866673200390022,-0.003341503986111439,-0.2785730920824699,-0.13379067665765404,-0.0603579256341582,-0.21302403138779455,-0.033114532738770325,-0.1747541397804778,-0.13481267225685037
1.79,-0.28268469685621533,-0.0031298626497279843,-0.27623065627098875,-0.13096296636905524,-0.0583952656670789,-0.21091907714157687,-0.03198091951002518,-0.17114276826070168,-0.13314478323151355
1.8,-0.2786564962292003,-0.0029296040951639246,-0.27381928744103257,-0.12814497030429978,-0.05646838461198249,-0.2087677055659466,-0.03087398073144571,-0.16753277507422015,-0.13145505620758477
1.81,-0.27458623183163805,-0.0027402609749824927,-0.27134088861867645,-0.12533835455520062,-0.054578434785594675,-0.20657155420416629,-0.029793417538374698,-0.16392695999728915,-0.12974461824562997
1.82,-0.2704773355891651,-0.002561376782678025,-0.2687973515243279,-0.12254468862235122,-0.05272651482618481,-0.20433224196242256,-0.02873893749114976,-0.16032803258119438,-0.12801456999836947
1.83,-0.26633315767937327,-0.002392505852675966,-0.26619055657272694,-0.11976544541512538,-0.05091366969356583,-0.20205136910982618,-0.027710254575103302,-0.1567386121522516,-0.12626598571067804
1.84,-0.2621569665318099,-0.002233213360332863,-0.26352237287294605,-0.11700200125167726,-0.04914072643981707,-0.19973051727841193,-0.02670708920056256,-0.15316122781180652,-0.12449991321958488
1.85,-0.2579519488279778,-0.00208307532193637,-0.2607946582283902,-0.11425563585894134,-0.047407564732182335,-0.19737124946313878,-0.02572916820284956,-0.14959831843623478,-0.12271737395427357
1.86,-0.2537212095013351,-0.0019416785947052484,-0.25800925913679673,-0.11152953670392521,-0.04571383130621979,-0.19497511002188975,-0.024776224842281157,-0.1460522326769419,-0.12091936293608208
1.87,-0.2494677717372954,-0.0018086208767893615,-0.2551680107902355,-0.10882749068179437,-0.044059186242483186,-0.1925436246754719,-0.023847998804168997,-0.1425252289603634,-0.1191068487785028
1.8800000000000001,-0.24519457697322777,-0.0016835107072696825,-0.2522727370751088,-0.10615046272512065,-0.04244329699611732,-0.19007830050761654,-0.022944236198819568,-0.13902002736494423,-0.11728077368718257
1.8900000000000001,-0.24090448489845673,-0.0015659674661582857,-0.24932525057215132,-0.10349936799632778,-0.040865838396857944,-0.1875806259649789,-0.022064689561534134,-0.1355421178449804,-0.11544205345992263
1.9000000000000001,-0.23660027345426216,-0.0014556213743983533,-0.24632735255643037,-0.10087508875902891,-0.03932649264903187,-0.18505207085713843,-0.021209117852608785,-0.13209360467838377,-0.11359157748667861
1.9100000000000001,-0.23228463883387945,-0.0013521134938641742,-0.24328083299734554,-0.09827847437802655,-0.03782494933155688,-0.1824940863565986,-0.02037728645733443,-0.1286758626265215,-0.11173020874956052
1.92,-0.2279601954824994,-0.0012550869700545348,-0.24018747055862896,-0.09571034131931262,-0.03636090539794183,-0.17990810499878712,-0.019568967185996787,-0.12529022648299262,-0.10985907404055802
1.93,-0.2236294760972682,-0.0011641155483518772,-0.23704903259834514,-0.0931714731500683,-0.03493406517628647,-0.17729554068205555,-0.018783938273876352,-0.12193799107362764,-0.10797995147394313
1.94,-0.21929493162728744,-0.001078888952879226,-0.23386727516889108,-0.09066262053866427,-0.03354414036928166,-0.17465778866767967,-0.01802198438124846,-0.11862041125648909,-0.1060939754514915
1.95,-0.2149589312736143,-0.0009991360265204407,-0.2306439430169963,-0.08818450125466054,-0.032190850054209234,-0.17199622557985947,-0.017282896593383276,-0.1153387019218711,-0.10420221184604037
1.96,-0.21062376248926126,-0.0009245898667052598,-0.22738076958372272,-0.08573780016880653,-0.030873920682942053,-0.16931220940571884,-0.016566472420545732,-0.11209403799229956,-0.10230570345561246
1.97,-0.20629163097919634,-0.0008549878254093008,-0.22407947700446473,-0.083323169253041,-0.02959308608194396,-0.16660707949530595,-0.01587251579799561,-0.10888755442253209,-0.10040547000341608
1.98,-0.20196466070034289,-0.000790071509154059,-0.22074177610894918,-0.08094122758049209,-0.028348087452269827,-0.16388215656159288,-0.015200837085987472,-0.10572034619955809,-0.098502508137845
1.99,-0.19764489386157974,-0.000729586779006909,-0.21736936642123528,-0.07859256132547736,-0.027138673369565523,-0.161138742680476,-0.014551253069770714,-0.10259346834259864,-0.09659779143247854
2.0,-0.19333429092374116,-0.000673283750581104,-0.21396393615971482,-0.0762777237635037,-0.025964599784067937,-0.1583781212907756,-0.01392358695958952,-0.09950793590310658,-0.09469227038608154
2.0100000000000002,-0.18903473059961678,-0.0006209167940357736,-0.21052716223711188,-0.07399723527126736,-0.024825630020604953,-0.15560155719423613,-0.013317668390682894,-0.09646472396476642,-0.0927868724226043
2.02,-0.18474800985395193,-0.0005722445340759322,-0.2070607102604834,-0.07175158332665416,-0.02372153477859553,-0.1528102965555263,-0.012733333252406973,-0.09346476764349468,-0.09088250189118284
2.0300000000000002,-0.18047584390344693,-0.0005270298499524637,-0.20356623453121817,-0.0695412225087389,-0.02265209213204949,-0.15000556690223854,-0.012169742193960671,-0.09050896208743914,-0.0889800400661384
2.04,-0.17621986621675806,-0.0004850398754621398,-0.200045378045038,-0.06736657449778624,-0.021617087529567862,-0.14718857718738876,-0.011625830042619235,-0.08759816247697988,-0.08708034514697804
2.05,-0.17198162851449655,-0.00044604599894760373,-0.1964997724919968,-0.06522802807524988,-0.02061631379434252,-0.14436058255159667,-0.011101049081389007,-0.08473318402472826,-0.08518425225839418
2.06,-0.1677626007692291,-0.00040982386329737946,-0.19293103825648084,-0.06312593912377287,-0.01964957112415636,-0.14152300283927738,-0.010594864569948246,-0.08191480197552743,-0.08329257345026465
2.07,-0.1635641712054784,-0.00037615477591786985,-0.18934078441720936,-0.06106063062718797,-0.018716667091383428,-0.13867726455722873,-0.01010675474464719,-0.07914375160645268,-0.08140609769765313
2.08,-0.15938911794912003,-0.0003448694852117033,-0.18573060874723346,-0.059032392670516944,-0.017817416642988602,-0.13582476702108784,-0.009636210818507898,-0.07642072822681042,-0.07952559090080846
2.09,-0.1552423692714989,-0.0003158527872416713,-0.18210209771393726,-0.057041482439971244,-0.016951642100527936,-0.13296688235533205,-0.009182736981224427,-0.07374638717813946,-0.07765179588516533
2.1,-0.1511255977429349,-0.00028899222940783205,-0.1784568264790367,-0.055088124222951416,-0.01611917316014832,-0.13010495549327797,-0.008745850399162659,-0.07112134383420973,-0.07578543240134364
2.11,-0.147040278609562,-0.00026417531973395303,-0.17479634432556693,-0.05317250940804767,-0.01531872984164493,-0.12724030417708254,-0.008325081215360472,-0.06854617360102341,-0.07392719712514911
2.12,-0.14298783884865338,-0.0002412895268675014,-0.1711215639865658,-0.05129479648503932,-0.01454833797480722,-0.12437421895774194,-0.007919972549527575,-0.06602141191681397,-0.07207776365757274
2.13,-0.13896965716862275,-0.00022022228007965278,-0.16743385164612898,-0.04945511104489529,-0.013807189331153503,-0.1215079631950926,-0.0075300804980456635,-0.06354755425204708,-0.07023778252479122
2.14,-0.13498706400902305,-0.00020086096926528324,-0.16373495432321417,-0.04765354577977368,-0.013094494775101802,-0.11864277305781026,-0.0071549741339682746,-0.061125056109419665,-0.06840788117816662
2.15,-0.1310413415405478,-0.00018309294494297647,-0.16002658896918415,-0.045890160483022205,-0.012409480208429384,-0.11577985752341091,-0.006794235507020919,-0.05875433302386082,-0.0665886639942467
2.16,-0.12713372366502973,-0.00016680551825501745,-0.15631044246780548,-0.04416498204917764,-0.011751386570272498,-0.11292039837824977,-0.006447459643600958,-0.05643576056253101,-0.06478071227476451
2.17,-0.12326539601544215,-0.0001518859609673982,-0.15258817163524974,-0.042478004473966505,-0.011119469837126625,-0.11006555021752243,-0.006114254546777728,-0.05416967432482281,-0.06298458424663893
2.18,-0.11943749595589753,-0.00013822150546981222,-0.14886140322009234,-0.040829188854304324,-0.010513001022846236,-0.10721644044526366,-0.005794241196292413,-0.05195636994236011,-0.061200815061973994
2.19,-0.11565111258164898,-0.00012569934477566,-0.14513173390331374,-0.03921846338829635,-0.009931266178645027,-0.10437416927434856,-0.005487053548558165,-0.04979610307899897,-0.05942991679805965
2.2,-0.11190728671908878,-0.00011420663252204364,-0.14140073029829817,-0.03764572337523693,-0.009373566393095695,-0.10153980972649145,-0.005192338536659996,-0.04768908943082678,-0.057672378457371
2.21,-0.10820701092574977,-0.0001036304829697721,-0.13766992895083494,-0.03611083273784899,-0.008839217792130141,-0.09871440763224695,-0.004909756070354881,-0.045635504726163054,-0.05592866596756899
2.22,-0.10455122949030408,-9.3858368313683e-05,-0.13394083633911708,-0.03461367142782377,-0.008327551539039295,-0.09589898163100896,-0.0046389790360716505,-0.04363548472555871,-0.0541992221814998
2.23,-0.1009408384325643,-8.48233073590477e-05,-0.1302149288737428,-0.033153805722411445,-0.007837913834473272,-0.09309452317101166,-0.004379693296911102,-0.04168912522179667,-0.05248446687719537
2.24,-0.09737668550348233,-7.650523907047018e-05,-0.12649365289771397,-0.031730674121571045,-0.007369665916441219,-0.09030199650932844,-0.004131597692645896,-0.03979631908716386,-0.05078479675787299
2.25,-0.09385957018515052,-6.88768468916953e-05,-0.1227784246864376,-0.030343721080573434,-0.006922184060311471,-0.08752233871187301,-0.0038944040397206423,-0.03795613602223848,-0.04910058545193564
2.2600000000000002,-0.09039024369080058,-6.190885206683776e-05,-0.11907063044772444,-0.028992397010000857,-0.006494859578811393,-0.08475645965339836,-0.003667837131251824,-0.03616769055830048,-0.0474321835129716
2.27,-0.08696940896480468,-5.5570013640384596e-05,-0.11537162632179031,-0.027676158275747396,-0.006087098822027541,-0.08200524201749772,-0.0034516028782362487,-0.034430136017290315,-0.0457799184197549
2.2800000000000002,-0.08359772068267426,-4.982712845719288e-05,-0.11168273838125482,-0.0263944671990185,-0.0056983231774055,-0.07926954129660362,-0.0032450822517353867,-0.03274263679448673,-0.04414409457624488
2.29,-0.08027578525106129,-4.4645031162491895e-05,-0.10800526263114262,-0.02514679205633146,-0.005327969069750039,-0.07655018579198881,-0.0030478478769550487,-0.031104368358507405,-0.042524993311586656
2.3000000000000003,-0.07700416080775697,-3.998659420188109e-05,-0.1043404650088822,-0.023932607079514952,-0.004975487961224968,-0.07384797661376538,-0.0028595644013617028,-0.02951451725130829,-0.04092287288011058
2.31,-0.07378335722169309,-3.581272782133196e-05,-0.100689581384307,-0.022751392455709465,-0.004640346351353261,-0.07116368768088566,-0.002679905044338742,-0.027972281088184274,-0.039337968461332765
2.32,-0.07061383609294077,-3.208238006718651e-05,-0.09705381755965455,-0.02160263432736695,-0.0043220257770169804,-0.06849806572114134,-0.0025085515971864265,-0.02647686855776861,-0.03777049215995472
2.33,-0.06749601075271112,-2.8752536786158016e-05,-0.09343434926956666,-0.020485824792250938,-0.004020022812457273,-0.06585183027116395,-0.0023451944231219065,-0.02502749942203318,-0.03622063300586344
2.34,-0.06443024626335553,-2.5778221625331242e-05,-0.08983232218109014,-0.019400461903436757,-0.003733849069274448,-0.06322567367642512,-0.002189532457279246,-0.02362340451628866,-0.03468855695413159
2.35,-0.06141685941836465,-2.311249603216164e-05,-0.08624885189367548,-0.01834604966931111,-0.0034628610335485322,-0.06062026109123575,-0.0020412732067093715,-0.022263825749184084,-0.03317440688501719
2.36,-0.05845611874236972,-2.070645925447626e-05,-0.08268502393917838,-0.017322098053572512,-0.003205999548019382,-0.058036230478747036,-0.0019001327503801256,-0.02094801610270733,-0.031678302603963954
2.37,-0.05554824449114118,-1.8509248340472896e-05,-0.07914189378185818,-0.016328122975230903,-0.0029627133165693975,-0.05547419261094945,-0.0017658357391762175,-0.019675239632184663,-0.03020036946231012
2.38,-0.05269340865159004,-1.646803813872088e-05,-0.07562048681837936,-0.015363646308607998,-0.0027325051601433995,-0.05293473106867366,-0.0016381153958992722,-0.018444771466281172,-0.02874160550908972
2.39,-0.04989173494176656,-1.4544265425074718e-05,-0.07212179837781013,-0.014428195883336936,-0.002514886253705219,-0.05041840224158971,-0.001516713515267781,-0.017255897807000323,-0.027302605366947216
2.4,-0.04714329881086145,-1.2759197292663764e-05,-0.0686467937216238,-0.013521305484362665,-0.00230937612623778,-0.04792573532820786,-0.001401380463917148,-0.016107915929684434,-0.025883542870630098
2.41,-0.0444481274392048,-1.1119934820786274e-05,-0.06519640804369749,-0.012642514851941546,-0.002115502660743022,-0.045457232335877645,-0.001291875180399647,-0.015000134183014196,-0.024484582448876694
2.42,-0.04180619973826706,-9.629549684373728e-06,-0.061771546470313285,-0.011791369681641694,-0.001932802094241974,-0.043013368080788844,-0.001187965175184465,-0.013931871989009106,-0.023105879124416664
2.43,-0.039217446350658144,-8.28916214614607e-06,-0.058373084060157135,-0.010967421624342721,-0.0017608190177746835,-0.04059459018797058,-0.0010894265306576577,-0.012902459843027108,-0.021747578513970495
2.44,-0.036681749650128326,-7.097941056612242e-06,-0.05500186580432001,-0.010170228286235948,-0.001599106376400282,-0.03820131909129218,-0.0009960439011221906,-0.01191123931376489,-0.020409816828249987
2.45,-0.034198943741567234,-6.053103854069702e-06,-0.051658706626296666,-0.009399353228824198,-0.0014472254691969264,-0.03583394803346229,-0.0009076105127979032,-0.010957563043257606,-0.0190927208719578
2.46,-0.03176881446100496,-5.149916564604853e-06,-0.048344391381986984,-0.008654365968921992,-0.0013047459492618527,-0.03349284306602976,-0.0008239281638215416,-0.010040794746879193,-0.0177964080437879
2.47,-0.029391099375610907,-4.38169380209266e-06,-0.045059674859694504,-0.007934841978655374,-0.0011712458237113253,-0.031178343049382815,-0.0007448072242467289,-0.009160309213341995,-0.01652098633642509
2.48,-0.02706548778369483,-3.7397987681969995e-06,-0.04180528178012788,-0.007240362685462097,-0.0010463114536806849,-0.02889075965274983,-0.0006700666360439909,-0.008315492304697157,-0.015266554336545493
2.49,-0.024791620714706114,-3.2136432523703395e-06,-0.03858190679639967,-0.006570515472091375,-0.0009295375543243033,-0.02663037735419857,-0.0005995339131007315,-0.007505740956334245,-0.014033201224816078
2.5,-0.02256909092923423,-2.79068763185402e-06,-0.03539021449402727,-0.005924893676604193,-0.0008205271948156256,-0.02439745344063693,-0.0005330451412212602,-0.00673046317698163,-0.012821006775895122
2.5100000000000002,-0.020398642599420397,-2.45644087167802e-06,-0.03223083939093199,-0.005303096592372995,-0.0007188917983471325,-0.022192218007812264,-0.000470443229779078,-0.005989078048706083,-0.011630041358431764
2.52,-0.018281092208497628,-2.1944605246611434e-06,-0.029104385937440302,-0.00470472946808196,-0.000624251142130374,-0.020014873960311985,-0.0004114903179502447,-0.0052810157269131755,-0.010460365935066423
2.5300000000000002,-0.016215903626932482,-1.9863527314108753e-06,-0.02601142851628216,-0.004129403507726753,-0.000536233357395935,-0.017865771288466052,-0.00035598690980875,-0.004605717440346935,-0.009312032062430392
2.54,-0.014202538283505812,-1.8117722203234935e-06,-0.022952511442592832,-0.0035767358706147515,-0.00045447492939347306,-0.015746254706956724,-0.00030378593455991903,-0.003962635491090098,-0.008185081891146261
2.5500000000000003,-0.01224045608200595,-1.6484223075839868e-06,-0.019928148963911346,-0.0030463473363449554,-0.0003786206973916814,-0.013656840437330262,-0.00025474420328489033,-0.0033512332545639345,-0.007079548165827482
2.56,-0.01032911540122942,-1.4720548971661015e-06,-0.016938825260181672,-0.0025374446584205137,-0.00030832385467832,-0.011597837178857819,-0.0002087224089406345,-0.002770984956137332,-0.005995454225078793
2.57,-0.008467973094980326,-1.2565697304781339e-06,-0.013984994443751786,-0.002049199711603411,-0.0002432419803547222,-0.009569538770947407,-0.00016558512635993835,-0.0022203133695938245,-0.004932814001495867
2.58,-0.006656484492070621,-1.012747191924746e-06,-0.011067080559374193,-0.001581039866055174,-0.0001830491690546794,-0.007572224193144199,-0.0001252008122514122,-0.0016974630439335907,-0.003891632021665436
2.59,-0.004894103396320321,-7.692000284939743e-07,-0.008185477584206041,-0.00113240386708133,-0.0001275192331331758,-0.0056061575651307725,-8.744180519949433e-05,-0.0012015736002482019,-0.002871903406165475
2.6,-0.0031802820865569938,-5.339066762082794e-07,-0.005340549427808539,-0.0007027418351312656,-7.644260467112258e-05,-0.0036715881467265076,-5.218432566443941e-05,-0.0007318000553956715,-0.0018736138695648573
2.61,-0.0015144713166163337,-3.1375601943118645e-07,-0.002532629932147701,-0.0002915152657983842,-2.9612275094589917e-05,-0.001768750337888269,-1.9308475982331022e-05,-0.00028731282200062996,-0.0008967397204236796
2.62,0.00010387968465841099,-1.1454739086720386e-07,0.00023750682139950024,0.000101802970180042,1.3176204825211422e-05,0.00010213632129026443,1.1301759634929956e-05,0.00013270229154583972,5.875213870700641e-05
2.63,0.0016753232134158781,5.90094284381012e-08,0.0029685563277219535,0.0004777286269227348,5.2124724971913574e-05,0.0019408671505779275,3.975851509961431e-05,0.0005290440810860465,0.0009929042112849507
2.64,0.0032004130907971225,2.03294209098171e-07,0.005660007754893695,0.0008367660834045403,8.74326158840062e-05,0.0037472523296067477,6.617004244817524e-05,0.0009024959466958399,0.0019057684067769406
2.65,0.004679704662935116,3.1577627338539726e-07,0.008311391285586792,0.0011794083434563006,0.00011929664875482343,0.00552111689787128,9.064071184123788e-05,0.001253825892684469,0.002797406040658576
2.66,0.006113754800955239,3.95014495231172e-07,0.010922257482196884,0.0015061370357649807,0.00014791103543255568,0.00726230075472924,0.0001132710115636093,0.001583786527594712,0.0036678878344145044
2.67,0.0075031219009747754,4.406573002258467e-07,0.013492177286842254,0.0018174224138735448,0.00017346742842023907,0.008970658659400887,0.00013415754802426929,0.0018931150642027593,0.00451729391553813
2.68,0.00884836588410342,4.534426656187625e-07,0.016020742021364737,0.0021137233561810765,0.00019615492087576446,0.010646060230969645,0.00015339304575637865,0.0021825333195183236,0.00534571381753194
2.69,0.01015004819644278,4.3519812031823053e-07,0.018507563387328837,0.0023954873659426607,0.00021616004661186998,0.012288389948381492,0.0001710663474172717,0.0024527477147845327,0.006153246479907219
2.7,0.011408731809086858,3.888407448915422e-07,0.02095227346602256,0.0026631505712694974,0.0002336667800961475,0.013897547150445541,0.0001872624137884629,0.0027044492754780304,0.00694000024818428
2.71,0.012624981218121611,3.183771715649679e-07,0.02335452471845664,0.0029171377251287975,0.000248856536451037,0.015473446035833498,0.00020206232377564153,0.0029383136313088807,0.007706092873892234
2.72,0.013799362444625339,2.2890358422374812e-07,0.025713989985365282,0.003157862205343878,0.000261908171453831,0.017016015663080142,0.00021554327440867558,0.0031550010162206647,0.008451651514569246
2.73,0.014932443034668341,1.266057184121137e-07,0.028030362487205415,0.003385726014594072,0.0002729979815366707,0.018525199950582903,0.00022777858084160852,0.003355156268390385,0.009176812733762287
2.74,0.01602479205931321,1.8758861333255043e-08,0.030303355824157455,0.0036011197804148125,0.0002822997037865506,0.02000095767660228,0.0002388376763526631,0.003539408830228557,0.00988172250102734
2.75,0.01707698011461458,-8.627214815064132e-08,0.03253270397612454,0.0038044227551975555,0.000289984515945313,0.021443262479261406,0.00024878611234423653,0.0037083727483791145,0.01056653619192921
2.7600000000000002,0.018089579321619365,-1.7903291951842967e-07,0.034718161302733266,0.003996002816189855,0.00029622103640965334,0.022852102856546458,0.00025768928530869027,0.0038626466737195055,0.011231418588041761
2.77,0.019063163326366504,-2.4897951058997017e-07,0.03685950254333301,0.004176216465495286,0.0003011753242311161,0.02422748216630631,0.0002656295503118931,0.0040028138613606165,0.011876543876947615
2.7800000000000002,0.019998307299887268,-2.84478427526158e-07,0.03895652281699655,0.004345408830073518,0.00030500194365799187,0.02556941862625283,0.0002726607312039897,0.004129442170646813,0.01250209565223847
2.79,0.020895587938204882,-2.728066248289031e-07,0.04100903762251946,0.004503913661740253,0.00030775325715219143,0.02687794531396056,0.0002788295815660873,0.004243084065155924,0.01310826691351482
2.8000000000000003,0.02175558346233493,-2.2188173064021381e-07,0.04301688283842072,0.004652053337167277,0.00030947511396458546,0.028153110166867126,0.00028418161551783537,0.004344276612699254,0.013695260066386161
2.81,0.022578873618285006,-1.5689494624291507e-07,0.04497991472294214,0.004790138857882412,0.00031022425668905283,0.02939497598227276,0.00028876110771742304,0.004433541485321562,0.01426328692247085
2.82,0.023366039677054924,-8.298325452476652e-08,0.046898009914048806,0.00491846985026956,0.0003100577472013692,0.030603620417340743,0.0002926110933615811,0.004511384959301087,0.014812568699396234
2.83,0.02411766443463672,-4.737607862917915e-09,0.04877106542942895,0.00503733456556868,0.00030903296665920656,0.03177913598909716,0.00029577336818558097,0.0045782979151495345,0.015343188931923286
2.84,0.02483433221201447,7.372695971782458e-08,0.05059899866649366,0.005147009879875777,0.0003072076155021334,0.03292163007443084,0.0002982884884632347,0.004634755837612067,0.01585487334157201
2.85,0.0255166288551645,1.487713325450227e-07,0.052381747402377415,0.005247761294142934,0.0003046397134516145,0.03403122491009361,0.0003001957710068957,0.004681218815667333,0.016347823085461954
2.86,0.026165141735055228,2.1723231329857935e-07,0.054119269793937524,0.0053398429341782756,0.0003013875995110117,0.03510805759270004,0.0003015332931674576,0.0047181627246727625,0.016822283372836366
2.87,0.02678045974764731,2.764226230107642e-07,0.05581154437775467,0.005423497550646007,0.0002975099319655825,0.036152280078727665,0.00030233789283435545,0.004746473120892743,0.017278498802753124
2.88,0.027363173313893464,3.241309010661902e-07,0.05745857007013236,0.005498956519066374,0.0002930656883824818,0.03716405918451671,0.0003026451684355649,0.004766695805789868,0.017716713364084598
2.89,0.02791387437973869,3.5862170520183335e-07,0.05906036616709751,0.005566566737296323,0.00028811416561076,0.03814357658627047,0.00030248947893760244,0.0047792118574343494,0.018137170435517793
2.9,0.028433156416120042,3.7863551150701765e-07,0.06061697234439979,0.00562688728748256,0.000282714979781365,0.03909102882005483,0.00030190394384552557,0.00478439553102259,0.018540112785554206
2.91,0.02892161441896679,3.8338871442342567e-07,0.062128448657512325,0.005680215850336696,0.0002769280663071402,0.04000662728179881,0.0003009204432029325,0.004782614258877181,0.01892578257250996
2.92,0.029379838981342755,3.725736267450921e-07,0.06359487554163103,0.005726830642442468,0.0002708136798828265,0.04089059822729402,0.00029956961759196245,0.004774228650446905,0.01929442134451568
2.93,0.029808445373784364,3.4635847961840555e-07,0.06501635381167517,0.005767003241572026,0.0002644323944850601,0.04174318277219515,0.0002978808681332954,0.004759592492306734,0.019646270039516613
2.94,0.03020817132674145,3.053874225421123e-07,0.06639300466228687,0.005800998586685916,0.00025784510337237504,0.04256463689201956,0.00029588235648615215,0.004739052748157835,0.0199815689852725
2.95,0.030579758268072705,2.507805233673064e-07,0.06772496966783169,0.005829074977933094,0.0002511130190852005,0.043355231422147575,0.0002936010048482945,0.004712949558827558,0.020300557899357724
2.96,0.03092393591708925,1.8413376829744642e-07,0.0690124107823979,0.005851484076650915,0.00024429767344586335,0.044115252057822324,0.000291062495956025,0.0046816162422694515,0.020603475889161144
2.97,0.031241422284554756,1.0751906188833235e-07,0.0702555103397972,0.005868470905365143,0.00023746091755858575,0.0448449993541498,0.0002882912730841871,0.004645379293563246,0.02089056145188626
2.98,0.03153292367268531,2.348422704813167e-08,0.07145447105356414,0.00588027384778994,0.00023066492180948768,0.04554478872609888,0.00028531054004616517,0.004604558384914871,0.021162052474551073
2.99,0.03179913467514955,-6.494699496264631e-08,0.0726095160169566,0.005887124648827876,0.00022394212840284725,0.046214950448501255,0.0002821422611938842,0.004559466365656438,0.02141818623398819
3.0,0.032040738177068546,-1.5427494453112505e-07,0.07372088870295536,0.0058892484145699215,0.0002172566704789794,0.04685582965605144,0.00027880716141781054,0.004510409262246259,0.02165919939684474
3.0100000000000002,0.0322584053550159,-2.405240436920892e-07,0.07478885296426446,0.005886863612295455,0.0002106063408102773,0.04746778634330688,0.0002753247261469507,0.004457686278268825,0.021885328019582463
3.02,0.03245279567701768,-3.1924279612794943e-07,0.0758136930333109,0.005880182070472255,0.00020399171596657587,0.048050765585238145,0.0002717132077047424,0.004401589794434828,0.0220968075484776
3.0300000000000002,0.032624556902552435,-3.8550378716878246e-07,0.07679571352224497,0.005869408978756505,0.00019741447266021119,0.0486043293616175,0.0002679916541263343,0.004342405368581141,0.022293872819621016
3.04,0.032774325082551216,-4.339036837922973e-07,0.0777352394229398,0.005854742887992794,0.00019087738774602308,0.04912880919266107,0.0002641729268826836,0.004280411735670837,0.02247675805891809
3.0500000000000003,0.03290272455939755,-4.585632346238529e-07,0.0786326161069919,0.005836375710214113,0.00018438433822135262,0.049624555445871056,0.000260265712245409,0.00421588080779317,0.02264569688208879
3.06,0.033010367966927454,-4.53127269936454e-07,0.07948820932572069,0.005814492718641856,0.0001779403012260446,0.05009191927358688,0.0002562784921168537,0.004149077674163594,0.022800922294667635
3.0700000000000003,0.03309785623042943,-4.103018199743023e-07,0.08030240521016879,0.005789272547685822,0.00017155135404244498,0.05053125261298535,0.00025221954403008376,0.004080260601123742,0.02294266669200372
3.08,0.03316577856664447,-3.2139072254553667e-07,0.08107561027110177,0.005760887192944215,0.00016522467409540347,0.05094290818608051,0.0002480969411488899,0.004009681032141452,0.02307116185926067
3.09,0.03321471248376605,-1.9328721211189658e-07,0.08180825139900855,0.005729502011203642,0.00015896853895227143,0.05132723949972373,0.00024391855226778582,0.003937583587810739,0.0231866389714167
3.1,0.033245223781440146,-3.5834527767745404e-08,0.08250077586410097,0.005695275720439111,0.00015279232632290252,0.05168460084560374,0.00023969204181200908,0.0038642060658518125,0.023289328593264595
3.11,0.033257866550765194,1.4182082108437655e-07,0.08315365131631403,0.005658360399814038,0.00014670651405965392,0.05201534730024646,0.00023542486983752146,0.0037897794411110796,0.023379460679411664
3.12,0.033253183174292135,3.3122905473380353e-07,0.08376719034932223,0.005618901489680239,0.00014072268015738408,0.052319834725015224,0.0002311242920310077,0.003714527865561125,0.02345726457427982
3.13,0.0332317043260244,5.246371231616823e-07,0.08434060234434795,0.0055770377915779394,0.00013485350275345502,0.052598419766110585,0.00022679735970987708,0.003638668668300739,0.023522969012105505
3.14,0.03319394897141789,7.149887060410393e-07,0.08487407118171704,0.00553290146823576,0.00012911276012773015,0.05285145985457046,0.00022245091982226177,0.003562397202230241,0.023576802116939747
3.15,0.03314042436738102,8.959242127367112e-07,0.08536803138604855,0.005486618043570734,0.00012351533070257642,0.053079313206270025,0.00021809161494701856,0.0034858233135477636,0.023618991402648115
3.16,0.033071626062274664,1.0617807823054127e-06,0.08582292038923356,0.005438306402688291,0.0001180771930428623,0.05328233882192181,0.00021372588329372698,0.0034090307299946944,0.023649763772910757
3.17,0.03298803789591219,1.207592283495674e-06,0.08623917853043488,0.005388078791882273,0.00011281542585595954,0.053460896487075575,0.0002093599587026913,0.0033321023402890343,0.023669345521222376
3.18,0.032890131999559466,1.3290893147478959e-06,0.0866172490560873,0.005336040818634914,0.00010774820799174168,0.05361534677211846,0.0002049998706449385,0.003255120101690829,0.023677962330892234
3.19,0.032778368795934834,1.4226992041943035e-06,0.08695757811989738,0.005282291451616867,0.00010289481844258545,0.05374605103227486,0.0002006514442222203,0.0031781650400021966,0.023675839275044165
3.2,0.03265319699920912,1.485546009658983e-06,0.08726061478284361,0.005226923020687171,9.826963491086251e-05,0.053853371407606494,0.00019632030016701116,0.0031013172495672975,0.023663200816616554
3.21,0.03251505361500566,1.5154505186578553e-06,0.08752681101317632,0.005170021216893285,9.383456939283686e-05,0.053937670823012374,0.0001920118548425102,0.003024655893272365,0.023640270808362354
3.22,0.03236436394040024,1.5109302483986906e-06,0.08775662168641772,0.0051116683012013275,8.957015093924793e-05,0.05399931298822882,0.00018773132024263938,0.0029482592025456772,0.023607272492849076
3.23,0.03220154156392117,1.4711994457811046e-06,0.08795050458536186,0.0050520653134154304,8.546641831709734e-05,0.054038662397829444,0.0001834837039920452,0.002872204477357583,0.023564428502458795
3.24,0.03202698836554921,1.3961690873965525e-06,0.08810892040007468,0.004991363853406891,8.15142108659632e-05,0.05405608433122519,0.00017927380934609712,0.0027965680862204745,0.02351196085938815
3.25,0.03184109451671765,1.2864468795283474e-06,0.08823233272789398,0.004929652489454103,7.770516849800163e-05,0.054051944852664284,0.00017510623519088908,0.002721425466188817,0.02345009097564834
3.2600000000000002,0.03164423848031222,1.1433372581516307e-06,0.08832120807342941,0.004867017333573895,7.403173169794534e-05,0.05402661081123225,0.00017098537604323802,0.0026468511228591204,0.023379039653065127
3.27,0.03143678701067118,9.688413889334072e-07,0.08837601584856253,0.00480354204152155,7.0487141523105e-05,0.053980449840851936,0.00016691542205068526,0.0025729186303699646,0.023299027083278835
3.2800000000000002,0.03121909515358524,7.65657167232504e-07,0.0883972283724467,0.004739307812790789,6.706543960336785e-05,0.053913830360283466,0.00016290035899149522,0.0024997006314019746,0.023210272847744344
3.29,0.03099150624629763,5.3717921809962e-07,0.08838532087150722,0.004674393390613786,6.376146814119909e-05,0.053827121573124304,0.00015894396827465665,0.002427268837177847,0.023112956520081555
3.3000000000000003,0.030754351917504034,2.8749889627727107e-07,0.08834077147944118,0.004608875061961151,6.057086991164059e-05,0.053720693467809166,0.0001550498269398815,0.0023556940274623225,0.02300728656856701
3.31,0.03050795208735266,2.1404286199852874e-08,0.0882640612372176,0.004542826657541948,5.749008826231204e-05,0.05359491681761014,0.00015122130765760587,0.002285046050562213,0.02289352708861909
3.3200000000000003,0.030252614967444157,-2.5561979800644165e-07,0.08815567409307731,0.004476319551803678,5.4516367113409866e-05,0.05345016318063654,0.00014746152347481492,0.0022153938233263754,0.02277193830159958
3.33,0.029988671567976376,-5.37391812523516e-07,0.08801609690253308,0.004409422662932296,5.1647750957708326e-05,0.05328680489983506,0.0001437703248156168,0.0021468053311457383,0.02264277654281351
3.34,0.0297168178880303,-8.1703348384148e-07,0.08784581942836947,0.0043422024528521974,4.888308486055853e-05,0.05310521510298964,0.0001401459489248473,0.002079347627953277,0.02250629426150913
3.35,0.02943754040301368,-1.086969808758577e-06,0.08764533434064295,0.004274722927226218,4.622201445988889e-05,0.05290576770272154,0.00013658736278182904,0.0020130868362240265,0.022362740020877927
3.36,0.029151222590058038,-1.338929054381196e-06,0.08741513721668183,0.00420704563545565,4.366498596620548e-05,0.05268883739648933,0.00013309357046085957,0.0019480881469750863,0.022212358498054637
3.37,0.02885823962012416,-1.563942758123909e-06,0.0871557265410863,0.00413922967068022,4.121324616259111e-05,0.05245479966658888,0.00012966361313121027,0.0018844158197656054,0.022055390484117202
3.38,0.02855895835800218,-1.7523457277093923e-06,0.08686760370572845,0.004071331669778111,3.8868842404706357e-05,0.05220403078015337,0.00012629656905712762,0.0018221331826967996,0.02189207288408683
3.39,0.02825373736231148,-1.8937760411685564e-06,0.08655127300975214,0.004003405813365936,3.663462262078871e-05,0.05193690778915326,0.000122991553597832,0.001761302632411932,0.02172263871692793
3.4,0.027942926885500805,-1.9771750468403768e-06,0.08620724165957322,0.003935503825798772,3.451423531165321e-05,0.051653808530396354,0.00011974771920751881,0.0017019297465211628,0.021547317115548175
3.41,0.027626868873848145,-1.9907873633720436e-06,0.0858360197688793,0.003867674975170124,3.25121295506919e-05,0.051355111625527715,0.00011656425543535737,0.0016439306714340083,0.021366333326798437
3.42,0.027305896967460858,-1.9221608797188964e-06,0.08543812035862991,0.0037999660733119547,3.0633554983874384e-05,0.05104119648102974,0.00011344038892549206,0.0015872830200883352,0.021179908711472857
3.43,0.026980336500275533,-1.760391175906114e-06,0.08501405935705643,0.003732421475794663,2.888422406994119e-05,0.050712443288222116,0.00011037538341704112,0.0015319669197388355,0.020988260744308783
3.44,0.026650504500058132,-1.5766446612070817e-06,0.08456435559966215,0.003665083081927101,2.7241980880964108e-05,0.05036923302326185,0.00010736853974409787,0.001477963530605385,0.020791603013986817
3.45,0.026316709688403866,-1.4094230931732617e-06,0.08408953082922212,0.0035979903347565572,2.568659462145304e-05,0.050011947447143205,0.0001044191958357295,0.0014252550458730246,0.02059014522313077
3.46,0.02597925248073729,-1.2574369042129738e-06,0.08359010969578337,0.003531180221068777,2.4213018245807558e-05,0.04964096910569782,0.00010152672671597828,0.0013738246916919785,0.02038409318830772
3.47,0.025638424986312226,-1.1194748969156714e-06,0.08306661975666473,0.0034646872713879374,2.2816463393370394e-05,0.049256681329594564,9.869054450386038e-05,0.001323656727177636,0.02017364884002793
3.48,0.025294511008211843,-9.94404244051993e-07,0.08251959147645693,0.003398543559976674,2.1492400388427976e-05,0.048859468234339676,9.591009841336697e-05,0.0012747364444105698,0.01995901022274496
3.49,0.024947786043348557,-8.81170488573715e-07,0.08194955822702253,0.003332778704836054,2.0236558240209918e-05,0.04844971472027664,9.318487475346317e-05,0.0012270501684365181,0.019740371494855538
3.5,0.024598517282464157,-7.78797543613795e-07,0.081357056287496,0.003267419867705604,1.904492464288949e-05,0.04802780359250402,9.05143969280891e-05,0.0011805852572664016,0.01951792292869968
3.5100000000000002,0.02424696361012966,-6.863876924863315e-07,0.08074262484428361,0.003202491754063284,1.791374597558318e-05,0.04759388455690453,8.789822543615888e-05,0.0011353301018763077,0.019291850910560595
3.52,0.02389337560474546,-6.031215886866015e-07,0.08010680599106361,0.0031380166131255082,1.6839527302351135e-05,0.0471482269504165,8.533595787156151e-05,0.0010912741262075047,0.019062337940664757
3.5300000000000002,0.02353799553854119,-5.282582558910259e-07,0.07945014472878596,0.003074014237847127,1.5819032372196705e-05,0.046691259944910156,8.282722892316006e-05,0.0010484077871664292,0.018829562633181838
3.54,0.023181057377575844,-4.6113508795720105e-07,0.07877318896567265,0.0030105019649214466,1.4849283619066888e-05,0.0462234069714652,8.037171037479251e-05,0.001006722574624698,0.018593699716224793
3.5500000000000003,0.022822786781737655,-4.011678489238706e-07,0.07807648951721738,0.0029474946747802076,1.3927562161851912e-05,0.045745085720370636,7.796911110527084e-05,0.0009662110114190959,0.018354920031849752
3.56,0.02246340110474424,-3.4785067301094916e-07,0.07736060010618587,0.0028850047915936062,1.3051407804385629e-05,0.045256708141124924,7.5619177088382e-05,0.0009268666533515887,0.018113390536056134
3.5700000000000003,0.02210310939414243,-3.0075606461950403e-07,0.07662607736261554,0.002823047346123084,1.2218619035445158e-05,0.04475868044243582,7.332169139288696e-05,0.0008886840891893091,0.017869274298786545
3.58,0.021742112391308452,-2.5953489833176944e-07,0.07587348082381584,0.00276168123558538,1.1427253028751188e-05,0.044251403092220545,7.107647418252156e-05,0.0008516589406645714,0.01762273050392686
3.59,0.021380602531447763,-2.2391641891113443e-07,0.075103372934368,0.0027009298286805685,1.0675625642967753e-05,0.04373527081760565,6.888338271599579e-05,0.0008157878624748597,0.017373914449306176
3.6,0.02101876394359514,-1.9370824130214923e-07,0.07431631904612507,0.002640803559146388,9.962311421702303e-06,0.04321067260492704,6.674231134699419e-05,0.0007810685422828309,0.017122977546696793
3.61,0.020656772450614706,-1.6879635063053034e-07,0.07351288741821208,0.002581312340992948,9.286143593505829e-06,0.04267799169973008,6.465319152417599e-05,0.0007474997007163222,0.016870067321814303
3.62,0.020294795569199817,-1.4914510220314508e-07,0.07269364824821722,0.0025224655685027117,8.646214071872623e-06,0.04213760560676942,6.261599179117455e-05,0.000715081091368338,0.01661532741431748
3.63,0.01993299250987321,-1.3479722150803167e-07,0.07185874393143807,0.002464272116230516,8.041873455240545e-06,0.0415898860900092,6.0630717786598056e-05,0.0006838135007970639,0.016358897577808364
3.64,0.01957151417698685,-1.2587380421438063e-07,0.0710084200238133,0.002406740339003552,7.472731026990754e-06,0.04103519917262282,5.8697412244028814e-05,0.0006536987485258529,0.0161009136798322
3.65,0.01921050316872208,-1.2257431617254729e-07,0.07014328508494792,0.0023498780719213843,6.938654755447956e-06,0.04047390513699317,5.6816154992023996e-05,0.0006247211740078942,0.015841507701877502
3.66,0.01885009377708947,-1.285629681490052e-07,0.06926394026339287,0.0022936926303559306,6.4397712938801914e-06,0.03990635852471243,5.498706295411483e-05,0.0005967923359988302,0.015580807739375981
3.67,0.018490411987928973,-1.6034755086271098e-07,0.06837097929664525,0.0022381908099514845,5.9764659804990245e-06,0.03933290813658223,5.321029014880742e-05,0.0005698725769374798,0.015318938001702616
3.68,0.018131575480909767,-2.1160200504036317e-07,0.0674649885111481,0.002183378886624691,5.549382838459384e-06,0.03875389703261352,5.1485865052149005e-05,0.0005439305529653161,0.015056018812175583
3.69,0.0177736936295304,-2.73243997583542e-07,0.06654654682229065,0.002129262616564571,5.159424575859658e-06,0.03816966253202669,4.9810151825094515e-05,0.0005189359158377512,0.014792166608056328
3.7,0.017416867501118677,-3.3731467364621817e-07,0.06561622573440806,0.0020758472362324976,4.805206683673463e-06,0.037580536213251435,4.81805592792798e-05,0.0004948593129241279,0.014527493940549493
3.71,0.017061189856831742,-3.9697865663473276e-07,0.06467458934078167,0.0020231374623622183,4.471047486934911e-06,0.036986843913926926,4.659575790959077e-05,0.0004716723872077277,0.014262109474802998
3.72,0.016706745151656002,-4.465240482078183e-07,0.06372219432363876,0.001971137491959835,4.1538701539389815e-06,0.03638890573090161,4.505444993983496e-05,0.0004493477772857634,0.013996117989907948
3.73,0.016353609534407218,-4.813624282765788e-07,0.06275958995415279,0.0019198510023038223,3.853452680277608e-06,0.03578703602023341,4.355536932274209e-05,0.0004278591173693862,0.013729620378898725
3.74,0.0160018508477304,-4.98028855004507e-07,0.06178731809244311,0.0018692811509450097,3.5695456816854223e-06,0.03518154339718955,4.209728173996352e-05,0.0004071810372836783,0.01346271594635148
3.75,0.015651668531665212,-4.941818648074712e-07,0.06080591318757535,0.0018194305757066004,3.3018723940398556e-06,0.0345727307362467,4.067898460207276e-05,0.00038728916246766066,0.013195621751789689
3.7600000000000002,0.015303385373866428,-4.686034723537229e-07,0.05981590227756096,0.0017703013946841505,3.0501286733610427e-06,0.033960895171090834,3.929930704856498e-05,0.0003681601139742854,0.012928526636251792
3.77,0.014957108911525773,-4.2119917056389614e-07,0.05881780498935767,0.0017218952062455902,2.8139829958119153e-06,0.0333463280946174,3.79571099478575e-05,0.0003497715084704427,0.012661556958378574
3.7800000000000002,0.014612939623387267,-3.529979306110005e-07,0.057812133538869055,0.001674213089031205,2.593076457698113e-06,0.03272931515893113,3.665128589728933e-05,0.00033210195823695464,0.012394836134595327
3.79,0.014270974747854515,-2.661522019204358e-07,0.05679939273094496,0.0016272556019536518,2.3870227754680665e-06,0.03211013627534623,3.5380759223121576e-05,0.0003151310711685809,0.012128484639111948
3.8000000000000003,0.013931308282990574,-1.6393791216996946e-07,0.055780079959381085,0.0015810227841979438,2.1954082857129193e-06,0.03148906561438618,3.414448598053705e-05,0.0002988394507740135,0.011862620003922828
3.81,0.013594030986518076,-5.075446728976675e-08,0.05475468520691938,0.0015355141552214652,2.0177919451666002e-06,0.030866371605783954,3.29414539536407e-05,0.00028320869617588166,0.011597356818806975
3.8200000000000003,0.013259230375819112,6.78752485376447e-08,0.05372369104524764,0.0014907287147539572,1.853705330705759e-06,0.03024231693848179,3.177068265545913e-05,0.00026822140211074685,0.011332806731327891
3.83,0.01292699072793535,1.8530487287733813e-07,0.05268757263499996,0.001446664942797532,1.7026526393498242e-06,0.029617158560631435,3.063122332794109e-05,0.0002538611589291082,0.01106907844683368
3.84,0.012597393079567929,2.9376456504201743e-07,0.05164679772575631,0.0014033207996266598,1.5641106882609537e-06,0.028991147679593904,2.9522158941957065e-05,0.00024011255259539724,0.01080627772845697
3.85,0.012270515227077504,3.843610060920105e-07,0.05060182665604271,0.0013606937257881748,1.4375289147440599e-06,0.028364529761939615,2.8442604197299454e-05,0.00022696116468798127,0.010544507397114935
3.86,0.011946431726484286,4.470773988352451e-07,0.04955311235333141,0.001318780642101281,1.322329376246818e-06,0.02773754453344843,2.7391705522682704e-05,0.00021439357239916318,0.01028386733150934
3.87,0.011625213893467955,4.7077346782728755e-07,0.04850110033404051,0.0012775779496575375,1.2179067503596395e-06,0.027110425979109502,2.6368641075742986e-05,0.00020239734853517906,0.01002445446812646
3.88,0.011306929803367755,4.4318545937130963e-07,0.047446228703534356,0.0012370815298208765,1.1236283348157014e-06,0.026483402343121454,2.5372620743038545e-05,0.00019096106151620176,0.009766362801237164
3.89,0.010991644291182393,3.38182477928629e-07,0.04638892815612318,0.0011972867442275853,1.0388340474909137e-06,0.02585669612889219,2.4402886140049364e-05,0.00018007427537633714,0.00950968338289683
3.9,0.010679418951570145,1.4086851687926724e-07,0.04532962197506344,0.0011581884347863225,9.628364264039586e-07,0.0252305240990391,2.3458710611177504e-05,0.0001697275422016811,0.009254504322945438
3.91,0.010370312138848758,-1.2067093303734555e-07,0.044268726032557465,0.0011197809236781037,8.949206297162458e-07,0.024605097275388847,2.2539399229746757e-05,0.00015988327973762923,0.009000910789007471
3.92,0.010064378966995541,-4.2008077242387957e-07,0.04320664878975384,0.0010820580133563155,8.343444357319594e-07,0.02398062093897758,2.1644288798003003e-05,0.00015049998294366763,0.008748985006492016
3.93,0.009761671309647266,-7.337126214943581e-07,0.042143791296747016,0.001045012986546701,7.803382428980129e-07,0.023357294630050728,2.077274784711383e-05,0.0001415607195813686,0.00849880625859266
3.94,0.00946223780010028,-1.040624820074054e-06,0.0410805471925777,0.0010086387564066201,7.321050698040899e-07,0.02273531214806319,1.9924176637168936e-05,0.00013304896114511828,0.008250450886287598
3.95,0.009166123831310385,-1.3225824275995995e-06,0.040017302705232426,0.0009729387542309683,6.888205551826078e-07,0.022114861551679157,1.9098007157179735e-05,0.00012494858286211347,0.008003992288339527
3.96,0.008873371555892963,-1.5640572231188778e-06,0.03895443665164404,0.000937911929076973,6.496329579087475e-07,0.021496125158772292,1.8293703125079714e-05,0.00011724386369236459,0.007759500921295741
3.97,0.008584019886122847,-1.7522277052911237e-06,0.037892320437691196,0.0009035503109300309,6.136631570004335e-07,0.020879279546425537,1.7510759987724093e-05,0.0001099194863286929,0.007517044299488048
3.98,0.008298104493934451,-1.8769790923868363e-06,0.03683131805819883,0.0008698459720545267,5.800046516183472e-07,0.020264495550931325,1.6748704920890184e-05,0.00010296053719673309,0.007276686995032848
3.99,0.00801565781092165,-1.9309033222878476e-06,0.03577178609693772,0.0008367910269938208,5.477235610659128e-07,0.019651948496590497,1.600709682927703e-05,9.635250645493082e-05,0.007038490637831054
4.0,0.0077367090283378785,-1.909299052487277e-06,0.034714073726624946,0.0008043776325702614,5.158586247893138e-07,0.019041957550239682,1.5285526346505748e-05,9.008128799454518e-05,0.006802513915568177
4.01,0.007461284097096059,-1.8101716600895563e-06,0.03365852270892342,0.0007725979878851734,4.834212023774785e-07,0.018434777390069282,1.4583615835119207e-05,8.413317943964648e-05,0.00656881257371424
4.0200000000000005,0.007189405727768614,-1.6342332418103987e-06,0.03260546739444214,0.0007414443343188629,4.500247485379585e-07,0.017830616380980713,1.3901019386582218e-05,7.849488214711702e-05,0.006337439415523821
4.03,0.006921093390587557,-1.3849026139768743e-06,0.0315552347227364,0.0007109089555306254,4.17647884045569e-07,0.017229677738784796,1.3237422821281624e-05,7.315350120665286e-05,0.006108444302036107
4.04,0.006656363315444348,-1.0683053125273085e-06,0.03050814422230727,0.0006809841774587306,3.8655745034978284e-07,0.01663215953020145,1.2592543688526042e-05,6.809654544076063e-05,0.005881874152074779
4.05,0.0063952284918899795,-6.932735930113422e-07,0.029464508010602013,0.0006516623683204316,3.5677231088178824e-07,0.01603825467285988,1.1966131266545993e-05,6.331192740475978e-05,0.005657772942248082
4.0600000000000005,0.006137698669134942,-2.71346430589892e-07,0.028424630794013812,0.0006229359386119616,3.2830806237482353e-07,0.01544815093529851,1.1357966562493922e-05,5.878796338678138e-05,0.00543618170694881
4.07,0.005883780356049313,1.8323047996472402e-07,0.027388809867882183,0.0005947973411085429,3.0117703486418747e-07,0.01486203093696515,1.0767862312444283e-05,5.451337340777006e-05,0.005217138538354361
4.08,0.0056334768211626154,6.535047242689831e-07,0.026357335116492485,0.0005672390708643715,2.75388291687224e-07,0.014280072148216711,1.0195662981393309e-05,5.047728122148128e-05,0.005000678586426622
4.09,0.005386788092663915,1.1198171683280286e-06,0.025330489013076128,0.0005402536652126282,2.5094762948333233e-07,0.013702446890319405,9.641244763259158e-06,4.6669214314483176e-05,0.004786834058912068
4.1,0.005143710958401786,1.5598019585356952e-06,0.024308546619810675,0.0005138337037654753,2.2785757819396444e-07,0.013129322335448695,9.104515580881943e-06,4.307910390615607e-05,0.004575634221341711
4.11,0.004904238965884305,1.9483865216745486e-06,0.023291775587819585,0.0004879718084140546,2.0611740106262352e-07,0.012560860506689246,8.58541508602357e-06,3.969728494869211e-05,0.004367105397031104
4.12,0.004668362422279125,2.257791564915759e-06,0.022280436157172706,0.0004626606433284962,1.8572309463487083e-07,0.011997218278035111,8.083914659368072e-06,3.651449612709649e-05,0.004161270967080416
4.13,0.0044360683944133575,2.4575310758192883e-06,0.02127480615730478,0.0004378929149579055,1.6666738875831493e-07,0.011438547374389449,7.600017410521174e-06,3.3521879859185896e-05,0.003958151370374299
4.14,0.004207340708773639,2.5144123223337357e-06,0.020275270817867817,0.00041366137203037174,1.4893974658261916e-07,0.010884994371564727,7.133753692754387e-06,3.071098229558925e-05,0.0037577641035819905
4.15,0.003982159951506116,2.392535852796401e-06,0.01928215561229426,0.0003899588055529638,1.325263645594979e-07,0.010336700696282595,6.683310628792581e-06,2.807375331974758e-05,0.0035601237211572573
4.16,0.003760503468416509,2.0752511684654816e-06,0.01829576820994217,0.0003667780488117382,1.1741017244272314e-07,0.00979380262617411,6.2469094706068e-06,2.5602546547914758e-05,0.00336524183533847
4.17,0.003542347529499233,1.6880373192136583e-06,0.01731640850723525,0.0003441119773717274,1.0357083328811473e-07,0.009256431289779434,5.824171522249495e-06,2.329011932915607e-05,0.0031731271161485053
4.18,0.0033277776722771563,1.2825388029007653e-06,0.016344368627663156,0.00032195350907694785,9.098474345354727e-08,0.008724712666548015,5.414724592908318e-06,2.1122598877945697e-05,0.002983785291394807
4.19,0.0031168414294885515,8.851496972934283e-07,0.015379932921781365,0.000300295604050395,7.96250325989468e-08,0.00819876758683852,5.018202996906052e-06,1.9080225113280583e-05,0.0027972191466693556
4.2,0.0029095259624845457,5.181211231140795e-07,0.014423377967211496,0.0002791312646940522,6.946156368629547e-08,0.00767871173191899,4.634247553700751e-06,1.7158948279241593e-05,0.0026134289082057113
4.21,0.0027058178477665463,1.9956124404074078e-07,0.0134749725686408,0.0002584535356888792,6.046093297962504e-08,0.007164655633966581,4.262505587885527e-06,1.5355175587268752e-05,0.0024325189423198192
4.22,0.0025057030769863146,-5.656473329283061e-08,0.012534977757822497,0.0002382555039948188,5.258647004502105e-08,0.006656704676067755,3.902630929188692e-06,1.3665276738836029e-05,0.002254578101883316
4.23,0.0023091670569459297,-2.404345592971912e-07,0.01160364679357562,0.00021853029885079403,4.579823775062118e-08,0.00615495909221816,3.554283912473694e-06,1.2085583925451019e-05,0.002079614234105797
4.24,0.00211619460959786,-3.463689414271537e-07,0.010681225161785345,0.00019927109177471489,4.005303226661784e-08,0.00565951396732284,3.217131377739237e-06,1.0612391828655492e-05,0.0019076342065563066
4.25,0.001926769972044855,-3.728315441818831e-07,0.009767950575402473,0.00018047109656346737,3.530438306525438e-08,0.005170459237195949,2.8908466701190975e-06,9.241957620024558e-06,0.0017386439071632493
4.26,0.0017408767965400192,-3.224289891048255e-07,0.008864052974443792,0.00016212356929292163,3.150255292082765e-08,0.004687879688560942,2.5751096398822467e-06,7.970500961167221e-06,0.001572648244214448
4.2700000000000005,0.0015584981504867747,-2.0191085478371714e-07,0.007969754525991895,0.00014422180831792826,2.8594537909686717e-08,0.0042118549590504685,2.269606642432796e-06,6.79420400372615e-06,0.0014096511463571168
4.28,0.0013796165164389287,-2.216967685062869e-08,0.007085269624195499,0.00012675915427232283,2.6524067410234664e-08,0.0037424595372065675,1.974030538310102e-06,5.709211389378081e-06,0.001249655562597916
4.29,0.0012042137921005765,2.0175905201809774e-07,0.00621080489026898,0.00010972899006891923,2.5231604102926166e-08,0.0032797627624803934,1.688080693188603e-06,4.711630249833194e-06,0.0010926634623028685
4.3,0.0010322712903261628,4.506968821018101e-07,0.00534655917249267,9.312474089951479e-05,2.465434397026923e-08,0.0028238288252323933,1.4114629778779308e-06,3.797530206835543e-06,0.0009386758351974144
4.3100000000000005,0.0008637697391204544,7.013224066355777e-07,0.004492723546212728,7.693987423488581e-05,2.4726216296824454e-08,0.0023747167667322183,1.1438897683228588e-06,2.962943372162871e-06,0.000787692691366386
4.32,0.0006986892816385989,9.261712618101006e-07,0.003649481313841421,6.116789982479572e-05,2.5377883669205556e-08,0.0019324804791589038,8.850799456033964e-07,2.203864347626888e-06,0.0006397130612540596
4.33,0.0005370094761860331,1.0936361267718469e-06,0.0028170080048566908,4.5802369697985176e-05,2.6536741976078425e-08,0.001497168705600592,6.347588959346474e-07,1.5162502250728334e-06,0.0004947349956640761
4.34,0.00037870929621854543,1.167966723622961e-06,0.001995471375802412,3.083687816217754e-05,2.8126920408162703e-08,0.0010688250400547432,3.926585106668988e-07,8.960205863798124e-07,0.0003527555657594937
4.3500000000000005,0.00022376713034224626,1.1092698174212733e-06,0.0011850314102883168,1.6265061804076946e-05,3.0069281458230044e-08,0.0006474879274280011,1.5851718628558957e-07,3.3905750346062283e-07,0.00021377086306276173
4.36,7.21607823136218e-05,9.484033770010165e-07,0.000385840318990225,2.0809966399465714e-06,3.2281420921104904e-08,0.00023319066353638326,-6.792017558861658e-08,-1.5879446173803526e-07,7.777599945577376e-05
4.37,-7.613252896054726e-05,7.836244811211386e-07,-0.00040195746035038074,-1.1720875051808662e-05,3.467766789366507e-08,-0.00017403860489495146,-2.8690216819995736e-07,-6.017282572358402e-07,-5.5234892820211785e-05
4.38,-0.00022113616942312942,6.231268749611877e-07,-0.00117822526292604,-2.5147336556163365e-05,3.716908477484035e-08,-0.0005741768802315604,-4.986708796574821e-07,-9.939743410186662e-07,-0.00018526866116452042
4.39,-0.00036287408986665926,4.7304164241282166e-07,-0.0019428341968634154,-3.820514233023642e-05,3.966346726561429e-08,-0.0009672063139297624,-7.034618929350748e-07,-1.339800681038637e-06,-0.00031233313261707025
4.4,-0.0005013708259333479,3.384224588782687e-07,-0.0026956631432233265,-5.090095543838035e-05,4.2065344369022665e-08,-0.001353114206536634,-9.015042858714689e-07,-1.6435127552141132e-06,-0.0004364371138583876
4.41,-0.0006366514981150321,2.2324559127037645e-07,-0.0034365987560005355,-6.324134755217679e-05,4.4275978390153796e-08,-0.0017318930076899407,-1.093020631170188e-06,-1.909453551429637e-06,-0.0005575903912095627
4.42,-0.0007687418117532539,1.3040989801253817e-07,-0.0041655354621240905,-7.523279895044336e-05,4.6364866764084045e-08,-0.0021035403161182575,-1.278226996399637e-06,-2.142003567536075e-06,-0.000675803730632312
4.43,-0.0008976680570392023,6.173682903874186e-08,-0.004882375461457089,-8.688169851922896e-05,7.329357482966557e-08,-0.0024680588796409074,-1.4573329439930421e-06,-2.3455808113505073e-06,-0.0007910888777289413
4.44,-0.001023457109013747,1.797042579355706e-08,-0.005587028726796808,-9.819434375181608e-05,1.3904287496821642e-07,-0.0028254565951679883,-1.6305415312484795e-06,-2.5246408006562525e-06,-0.0009034585577423538
4.45,-0.0011461364275673859,-1.2226787678544054e-09,-0.006279413003874433,-0.00010917694074871661,2.3822190686889196e-07,-0.0031757465087002418,-1.7980493103288105e-06,-2.683676563202829e-06,-0.001012926475556025
4.46,-0.0012657340574403148,2.746739820239837e-09,-0.006959453811355466,-0.00011983560421767819,3.6566958735255973e-07,-0.0035189468153292644,-1.9600463282617834e-06,-2.827218636706062e-06,-0.0011195073156940552
4.47,-0.0013822786282223828,2.739049753415961e-08,-0.007627084440839458,-0.00013017635747367967,5.164546103717787e-07,-0.003855080859237376,-2.1167161269399625e-06,-2.959835068847977e-06,-0.0012232167423211278
4.48,-0.0014957993543531145,6.914300186081346e-08,-0.008282245956860099,-0.0001402051324389336,6.85875447010819e-07,-0.004184150552258684,-2.268235743120762e-06,-3.0860230292256413e-06,-0.0013240713992425336
4.49,-0.0016063260351216677,1.2336125179767792e-07,-0.00892488719688506,-0.00014992776964288212,8.694603454856007e-07,-0.0045059241729892355,-2.4147757084263893e-06,-3.207385490310437e-06,-0.0014220889099041296
4.5,-0.0017138890546668966,1.8432483785282482e-07,-0.00955496477131626,-0.00015935001822220274,1.0629673311437836e-06,-0.0048203473928337855,-2.556500049343928e-06,-3.322453559491666e-06,-0.0015172878773923974
4.51,-0.001818519381977306,2.452359420449076e-07,-0.010172443063489682,-0.0001684775359208045,1.26238420646471e-06,-0.005127430184237471,-2.6935662872252855e-06,-3.4297462809194095e-06,-0.0016096878844344045
4.5200000000000005,-0.0019202485708910769,2.9821933790316276e-07,-0.010777294229675494,-0.0001773158890898298,1.4639285510594348e-06,-0.005427184349724698,-2.826125438287217e-06,-3.527927039826067e-06,-0.0016993094933978221
4.53,-0.00201910876009603,3.343223904673979e-07,-0.01136949819907776,-0.0001858705526876511,1.6640477216706545e-06,-0.005719623521899032,-2.9543220136112706e-06,-3.61580356252632e-06,-0.001786174246290892
4.54,-0.002115132673129673,3.4351505628801974e-07,-0.011949042673834884,-0.0001941469102798759,1.8594188521728156e-06,-0.006004763163443359,-3.0782940191438705e-06,-3.692327916417187e-06,-0.0018703046647624757
4.55,-0.0022083536183791705,3.1948820866800557e-07,-0.012515923129019287,-0.00020215025403934328,2.046948853572043e-06,-0.006282620567119779,-3.198172955696259e-06,-3.7565965099779865e-06,-0.001951724250102027
4.5600000000000005,-0.0022988054890813615,3.25125584191622e-07,-0.013070142812637534,-0.0002098857847461255,2.223774414006172e-06,-0.006553214855769655,-3.314083818944538e-06,-3.807850092770351e-06,-0.0020304574832395953
4.57,-0.002386522763322723,3.6976514951276875e-07,-0.013611712745630201,-0.0002173586117875254,2.3872619987446855e-06,-0.006816566982313518,-3.426145099429595e-06,-3.845473755438208e-06,-0.0021065298247458075
4.58,-0.002471540504039421,4.3743984744638145e-07,-0.014140651721872101,-0.0002245737531580804,2.5350078501888136e-06,-0.007072699729751214,-3.534468782557193e-06,-3.8689969297078094e-06,-0.0021799677148319077
4.59,-0.002553894359017278,5.141628352938372e-07,-0.014656986308172075,-0.00023153613545955963,2.66483798787146e-06,-0.007321637711161804,-3.63916034859792e-06,-3.878093388387712e-06,-0.0022507985733497306
4.6000000000000005,-0.0026336205608917885,5.879274848429588e-07,-0.01516075084427318,-0.00023825059390096537,2.774808208457237e-06,-0.00756340736970361,-3.74031877268721e-06,-3.87258124536878e-06,-0.0023190507997917107
4.61,-0.002710755927148089,6.487073823679889e-07,-0.015651987442852393,-0.0002447218722985307,2.8632040857424263e-06,-0.00779803697861413,-3.838036524825297e-06,-3.852422955624188e-06,-0.002384753773290855
4.62,-0.0027853310738099623,6.884563286296303e-07,-0.01613074598952098,-0.0002509546230757229,2.9285409706550294e-06,-0.008025556641210166,-3.932399569877289e-06,-3.817725315209423e-06,-0.002447937852620796
4.63,-0.002857342064059666,7.011083388750192e-07,-0.016597083529553882,-0.0002569534072632413,2.9695639912547374e-06,-0.008245998290887742,-4.023487367573103e-06,-3.7687394612622765e-06,-0.0025086343761957413
4.64,-0.0029268166538996402,6.825776428377315e-07,-0.017050783986584134,-0.00026272269449901755,2.9852480527329347e-06,-0.00845939569112212,-4.1113728725075015e-06,-3.7058608720028527e-06,-0.002566875662070505
4.65,-0.0029937889512133635,6.307586847377752e-07,-0.01749165241602372,-0.00026826686302821646,2.974797837412701e-06,-0.008665784435467817,-4.196122534140102e-06,-3.629629366733556e-06,-0.0026226950079405002
4.66,-0.003058292853327418,5.455261232816156e-07,-0.017919715019262532,-0.00027359019970323386,2.937647804748815e-06,-0.008865201947558543,-4.277796296795307e-06,-3.5407291058391224e-06,-0.002676126691141714
4.67,-0.0031203620470115247,4.287348316621432e-07,-0.018335001278759942,-0.0002786968999836996,2.8734621913277495e-06,-0.009057687481107302,-4.356447599662408e-06,-3.4399885907865772e-06,-0.0027271984685959525
4.68,-0.0031800300084785186,2.8421989755869323e-07,-0.018737543958044653,-0.00028359106793647543,2.782135010867673e-06,-0.009243282119906309,-4.432123376795496e-06,-3.328380664125261e-06,-0.002775905924264704
4.69,-0.0032373300033843614,1.1779662313702382e-07,-0.019127379101714755,-0.00028827671623565625,2.6637900542184366e-06,-0.009422028777827048,-4.504864057113515e-06,-3.2070225094868116e-06,-0.002822278144589249
4.7,-0.0032922950868281196,-6.273947495062041e-08,-0.019504546035437612,-0.0002927577661625678,2.5187808893616208e-06,-0.009593972198820194,-4.574703564400235e-06,-3.077175651585212e-06,-0.002866349965969452
4.71,-0.0033449581033519965,-2.4761266556560176e-07,-0.019869087365950052,-0.0002970380476057702,2.3476908614104707e-06,-0.009759158956915703,-4.641669317304258e-06,-2.940245956216719e-06,-0.002908156127827659
4.72,-0.0033953516869413107,-4.2506700308282597e-07,-0.02022104898105824,-0.00030112129906105495,2.1513330926099377e-06,-0.009917637456222761,-4.705782229339035e-06,-2.7977836302599115e-06,-0.0029477312726086816
4.73,-0.003443508261024505,-5.813663273907736e-07,-0.02056048004963772,-0.00030501116763144724,1.9307504823366494e-06,-0.01006945793092981,-4.767056708882853e-06,-2.651483221675664e-06,-0.0029851099457798057
4.74,-0.0034894600384731316,-7.007942638914387e-07,-0.020887433021633327,-0.0003087112090272029,1.6872157070989888e-06,-0.010214672445304482,-4.825500659178803e-06,-2.5031836195072e-06,-0.003020326595830776
4.75,-0.003533239021601875,-7.656542235004306e-07,-0.021201963628059345,-0.000312224887565812,1.4222312205369703e-06,-0.010353334893693696,-4.881115478334853e-06,-2.3548680538800123e-06,-0.003053415574273819
4.76,-0.003574877002168537,-7.562694026468921e-07,-0.021504130880999395,-0.0003155555761719964,1.1375292534223258e-06,-0.010485501000523601,-4.933896059323775e-06,-2.2086640960019163e-06,-0.0030844111356436252
4.7700000000000005,-0.0036144055613740434,-6.509382664081826e-07,-0.021793997073606478,-0.0003187065563777108,8.350718136584662e-07,-0.010611228320299596,-4.9838307899832e-06,-2.0668436581630268e-06,-0.0031133474374973606
4.78,-0.0036518560698624307,-4.3664560565137276e-07,-0.022071627780102902,-0.00032168101832214153,5.170506862805635e-07,-0.010730576237606282,-5.030901553015574e-06,-1.931822993735801e-06,-0.0031402585404146518
4.79,-0.0036872596877208655,-1.5207554276712672e-07,-0.022337091855780408,-0.0003244820607517086,1.8588743345541164e-07,-0.010843605967107536,-5.075288665509548e-06,-1.806162697174974e-06,-0.0031651784079976034
4.8,-0.0037206473644796328,1.5619417543611495e-07,-0.02259046143700007,-0.00032711269102006377,-1.557666055184686e-07,-0.010950380553546465,-5.1173566648539945e-06,-1.6925677040175946e-06,-0.003188140906870788
4.8100000000000005,-0.0037520498391121412,4.4909187465544164e-07,-0.022831811941192354,-0.000329575825088092,-5.050303142109005e-07,-0.011050964871745426,-5.157168035005256e-06,-1.5938872908830208e-06,-0.003209179806681249
4.82,-0.0037814976400349096,6.950519530933703e-07,-0.023061222066857026,-0.0003318742875239097,-8.587927990599157e-07,-0.01114542562660599,-5.194778668357796e-06,-1.5131150754729416e-06,-0.003228328780098495
4.83,-0.0038090210851075895,8.700148814580052e-07,-0.023278773793563284,-0.0003340108115028668,-1.2137133893719371e-06,-0.011233831353108991,-5.23024292969703e-06,-1.4533347555546275e-06,-0.00324562140281451
4.84,-0.003834650281632947,9.574272029629292e-07,-0.02348455238194967,-0.00033598941429651276,-1.5662216373216707e-06,-0.0113162524163145,-5.263613656199315e-06,-1.40400115653318e-06,-0.003261091153543747
4.8500000000000005,-0.003858415126356874,9.482415333272247e-07,-0.023678646373724105,-0.00033781485577722206,-1.9125173179521535e-06,-0.01139276101136183,-5.294942157431953e-06,-1.355442607632169e-06,-0.003274771414023129
4.86,-0.003880345305468374,8.409165607754861e-07,-0.02386114759166382,-0.0003394902224047152,-2.2485704291746202e-06,-0.011463431163469519,-5.324278215353182e-06,-1.307672964329037e-06,-0.0032866954690120454
4.87,-0.0039004702945995805,6.414170460378219e-07,-0.024032151139615474,-0.00034101853885782843,-2.570121191768733e-06,-0.011528338727935357,-5.351670084312189e-06,-1.260708431469552e-06,-0.00329689650629236
4.88,-0.003918819358825743,3.632138223498316e-07,-0.024191755402495067,-0.00034240277709251176,-2.8726800493823917e-06,-0.01158756139013638,-5.377164491049104e-06,-1.2145675632678252e-06,-0.003305407616668406
4.89,-0.003935421552665234,2.7283795452633568e-08,-0.024340062046287955,-0.0003436458563418295,-3.1515276685318336e-06,-0.011641178665528853,-5.400806634694998e-06,-1.169271263306307e-06,-0.0033122617939669845
4.9,-0.003950305720079545,-3.378900564071932e-07,-0.024477176018048892,-0.0003447506431159599,-3.401714938601599e-06,-0.011689271899648291,-5.422640186771889e-06,-1.1248427845357822e-06,-0.0033174919350373692
4.91,-0.003963500494473288,-6.963186824774558e-07,-0.024603205545901938,-0.0003457199512021953,-3.6180629718444882e-06,-0.011731924268109439,-5.442707291192729e-06,-1.0813077292753866e-06,-0.003321130839751301
4.92,-0.003975034298694197,-1.004506959500554e-06,-0.02471826213904057,-0.00034655654166494226,-3.795163103381631e-06,-0.011769220776606287,-5.461048564261421e-06,-1.0386940492125828e-06,-0.0033232112110029932
4.93,-0.003984935345033127,-1.2114536917133648e-06,-0.024822460587727618,-0.0003472631228457214,-3.92737689120251e-06,-0.011801248260912067,-5.47770309467281e-06,-9.970320454031763e-07,-0.0033237656547091283
4.94,-0.003993231635224055,-1.2586516108472285e-06,-0.024915918963295272,-0.0003478423503631673,-4.008836116164832e-06,-0.011828095386879253,-5.492708443512684e-06,-9.563543682713073e-07,-0.003322826679808858
4.95,-0.003999950960444074,-1.0967371791256973e-06,-0.02499875861814508,-0.0003482968271130288,-4.033442781994659e-06,-0.011849852650439554,-5.50610064425777e-06,-9.166960176094668e-07,-0.0033204266982638057
4.96,-0.0040051209013134,-9.040586803767629e-07,-0.025071104185747962,-0.0003486291032681688,-3.994869115286346e-06,-0.011866612377603919,-5.517914202775743e-06,-8.780943425784723e-07,-0.0033165980250580633
4.97,-0.004008768827895374,-7.443569503202741e-07,-0.025133083580644214,-0.0003488416762785642,-3.886557565502539e-06,-0.01187846543279077,-5.528182097325218e-06,-8.40589041707485e-07,-0.0033113728781981938
4.98,-0.0040109218996964525,-6.130103388400425e-07,-0.025184827998443477,-0.00034893699087130617,-3.7017208049742007e-06,-0.011885437696945111,-5.536935778555756e-06,-8.042221628940012e-07,-0.0033047833787132287
4.99,-0.004011607065666214,-5.054429256684958e-07,-0.02522647191582477,-0.0003489174390505998,-3.433341728900617e-06,-0.01188758636982759,-5.544205169507857e-06,-7.690381034038657e-07,-0.003296861550654672
5.0,-0.0040108510641973585,-4.1712452038660776e-07,-0.025258153090536473,-0.00034878536009776443,-3.1214436502081025e-06,-0.011884993540875771,-5.550018665612968e-06,-7.350836098712524e-07,-0.003287639321096495
