t,eto0,ecg0,eto1,ecg1,eto2,ecg2
0.0,0.0,0.0,0.0,0.0,0.0,0.0
0.010000000000000000208,0.00013647381400881024652,0.007093390182810136585,1.7669913980159262845e-05,0.008563986675824196079,6.6606010713541387866e-05,0.011066679598383090746
0.020000000000000000416,0.00054569351649141146967,0.014049276725880011779,7.066386183149380882e-05,0.016911670912426693403,0.0002663382561017105547,0.021765033897421504766
0.02999999999999999889,0.0012271039628263100043,0.02086805056651385229,0.00015893892585749726568,0.025043786850323258159,0.00059896214070994139526,0.03209674568794091548
0.040000000000000000833,0.0021798047140707587158,0.02755013159930133973,0.00028242572411250199552,0.032961132611142175686,0.0010640979077257441392,0.0420636653149290482
0.050000000000000002776,0.0034025418331748639826,0.034095968119062187995,0.00044102762466936791313,0.040664571376477609554,0.0016612168476730509743,0.05166781628424457068
0.05999999999999999778,0.004893702688658836328,0.040506035478326075927,0.00063462025921837529954,0.04815503113514629785,0.0023896388613118034819,0.060911398306497374633
0.07000000000000000666,0.006651313758822962642,0.046780833968754292895,0.00086305133567763834233,0.055433503105785500442,0.0032485313736932489026,0.069796787775778343366
0.080000000000000001665,0.0086784997042153848995,0.05292088593726709811,0.0011265099493570904839,0.06250093630483764817,0.0042388304461581701593,0.078324633049058345335
0.08999999999999999667,0.010981808369361438157,0.05892555246366821403,0.0014274117694528321368,0.069353613142150716264,0.0053667432339851803974,0.08648815662803713278
0.10000000000000000555,0.013550048478491307641,0.064796609137305796744,0.0017643009389688732533,0.075994624128394305806,0.0066252564104271848,0.09429456073448887199
0.110000000000000000555,0.016376819161643452888,0.07053578838819876684,0.002136409924239747373,0.08242719106432276621,0.008011405416152020051,0.101750600693688075804
0.11999999999999999556,0.019455954338127648406,0.076144463337228060484,0.0025430101658113187305,0.088654177933952194035,0.009522341551617186095,0.108862565380203349386
0.13000000000000000444,0.022781454710902197813,0.08162384172163503204,0.0029834077850683909244,0.09467819035225691349,0.011155311365207455643,0.115636317353324746815
0.14000000000000001332,0.026347454390962452703,0.08697498156684332904,0.003456939725721099553,0.100501599735166910476,0.01290764025484201008,0.12207733395760911321
0.14999999999999999445,0.030148189204200682989,0.09219880702516108917,0.0039629700822224949927,0.10612656762337947802,0.014776717692454460068,0.12819074858145659834
0.16000000000000000333,0.03417796604930142812,0.09729612405945753384,0.0045008865239875850417,0.11155506979028091685,0.016759983144312772668,0.13398139161133038044
0.17000000000000001221,0.038431133112327618695,0.102267635790305802534,0.0050700967850364131104,0.116788919914657465804,0.018854912369069290468,0.13945383078650758213
0.17999999999999999334,0.042902050912946028405,0.10711395739701067009,0.0056700252131010970766,0.12182979267695226433,0.02105900400532858055,0.14461241074788794281
0.19000000000000000222,0.04758506422282537257,0.11183563050227911251,0.0063001093822149228235,0.12667924618148118654,0.023369766447683661126,0.14946129162564822379
0.2000000000000000111,0.052474474920553536295,0.11643313699317475729,0.0069597967768043464062,0.13133874363326500379,0.025784705041750038967,0.15400448654284704109
0.20999999999999999223,0.057564515853973687032,0.12090691224507787993,0.0076485415567163605316,0.13580967421498979508,0.028301309638294434856,0.15824589793410681615
0.22000000000000000111,0.06284932578030678896,0.1252573577245045533,0.008365801412900122913,0.14009337312111427853,0.030917042547450757084,0.16218935259452460507
0.23000000000000000999,0.068322925451115221196,0.12948485295281192409,0.009111034523232714594,0.14419114071436350821,0.03362932693168860232,0.16583863538617082956
0.23999999999999999112,0.073979194905027342855,0.13358976681713871648,0.009883696617519366345,0.14810426077592206417,0.036435535672871451063,0.16919752153907763326
0.25,0.0798118520270649362,0.13757246821801649705,0.010683238160156986046,0.15183401782520622447,0.039332980745333576134,0.17226980749113252056
0.26000000000000000888,0.085814432429830792004,0.14143333604530167191,0.011509101658378231153,0.15538171348852006237,0.042318903123767112606,0.17505934021713523419
0.27000000000000001776,0.091980270708958519754,0.14517276847566382147,0.012360719103435368824,0.1587486818984214787,0.04539046325199420917,0.17757004500163589555
0.28000000000000002665,0.09830248312323695836,0.14879119158595491279,0.01323750955156151668,0.1619363041073913212,0.04854473209643703213,0.17980595161319715136
0.28999999999999998002,0.10477395174879973461,0.1522890672774896148,0.014138876851068727519,0.16494602150052042888,0.051778682806305383057,0.18177121883949334813
0.2999999999999999889,0.111387310156793331584,0.1556669005066655398,0.0150642075215246112885,0.16777934819248632725,0.055089183001205972723,0.18347015734324448322
0.30999999999999999778,0.11813493066509703211,0.15892524581749739587,0.016012868790595189555,0.17043788239415083585,0.058472987706035241262,0.18490725079845610201
0.32000000000000000666,0.12500891321701815273,0.16206471317158721579,0.016984206793863539098,0.17292331673374833345,0.06192673295265663236,0.186087175264875615
0.33000000000000001554,0.13200107594354698604,0.16508597307084468819,0.017977544942727543414,0.17523744751688968835,0.06544693006799244539,0.18701481675607614652
0.34000000000000002442,0.13910294747078347233,0.16798976096795414925,0.018992182465369222139,0.17738218290857390991,0.0690299606688045686,0.18769528695324766421
0.3500000000000000333,0.14630576104067799514,0.17077688095918178157,0.020027393125749814312,0.17935955001911332851,0.07267207238459344465,0.18813393701278885439
0.35999999999999998668,0.15360045052136561683,0.17344820875369817981,0.021082424125659665615,0.1811717008744471169,0.0763693753317659374,0.18833636941133122256
0.36999999999999999556,0.16097764839325318098,0.17600469391315548551,0.022156495195005378174,0.1828209172497922419,0.08011783936451510879,0.18830844776716471056
0.38000000000000000444,0.16842768580881625762,0.17844736135488276085,0.023248797875788262957,0.18430961434408760224,0.08391329213076029192,0.18805630457251090726
0.39000000000000001332,0.17594059483793697551,0.18077731211176625847,0.024358495005594917732,0.18564034327129896873,0.087751417965065844906,0.18758634676714797118
0.4000000000000000222,0.18350611302680439052,0.18299572334171496091,0.025484720406903794282,0.18681579234352585495,0.09162775765472773448,0.18690525908110555697
0.41000000000000003109,0.19111369041712467087,0.18510384757960995916,0.026626578789108828332,0.18783878712009408063,0.09553770912024539541,0.18602000507324972789
0.41999999999999998446,0.19875651863882148884,0.18710301122486766578,0.027783145870878787898,0.18871228919660906764,0.09947652905726639405,0.18493782579450962489
0.42999999999999999334,0.20643218911018720862,0.18899461225822158927,0.028953468731308988626,0.18943939370846063497,0.103439335593858025564,0.1836662360104374947
0.44000000000000000222,0.21413035947841702056,0.1907801171821338071,0.030136566399302948394,0.19002332552470535543,0.10742111202472567899,0.18221301792924901597
0.4500000000000000111,0.22184077878737101797,0.19246105718040482091,0.03133143069172115991,0.19046743411085789721,0.111416711692869194184,0.18058621240030983679
0.46000000000000001998,0.2295535744369809894,0.19403902349412052719,0.032537027312099377208,0.19077518704313728426,0.11542086409925041146,0.17879410757657163145
0.47000000000000002887,0.23725926322360749166,0.19551566201311337823,0.03375229722313285996,0.19095016216245250251,0.11942818233248402027,0.17684522507553526727
0.47999999999999998224,0.2449487610139529925,0.19689266708466143796,0.034976158307696597616,0.1909960383641773618,0.12343317286349862749,0.17474830279170103231
0.48999999999999999112,0.25261339050111586424,0.19817177454425405347,0.03620750733489634665,0.19091658502992439606,0.12744234620224742516,0.1725001857024875962
0.5,0.26024488669375284156,0.1993547539769674748,0.03744522224955521006,0.19071565012047766996,0.1314611146062557856,0.17009889587369297903
0.5100000000000000089,0.26783539993158483883,0.20044340022235923593,0.03868816480563277982,0.19039714696519169368,0.13548317198480436252,0.16755425940930274153
0.52000000000000001776,0.27537749631929508976,0.20143952414084156932,0.0399351835663586327,0.18996503980298928838,0.13950258084558084248,0.16487582136186537674
0.53000000000000002665,0.28286415553854099558,0.20234494266526753536,0.041187526852751087103,0.18942332815404830382,0.14351377443218266139,0.1620728233530122353
0.54000000000000003553,0.2902887660433442485,0.2031614681679912715,0.042459370545203725666,0.18877603012992616449,0.14751155836597198978,0.15915418337446191055
0.5500000000000000444,0.29764511767416346188,0.20389089718095157466,0.04375136180479176351,0.18802716482370418483,0.15149111113617902413,0.15612847755946770989
0.5600000000000000533,0.30492739174532329516,0.20453499851440873347,0.045058500850118476944,0.18717770531233760001,0.15544798298463924358,0.1530024279856852798
0.57000000000000006217,0.31213014867269894825,0.2050955008288221082,0.046357450625290147483,0.18620994244115463001,0.15937809288343846026,0.14978175277093186413
0.57999999999999996003,0.3192483132161714754,0.20557407972399027729,0.047644089519239894714,0.18512502925207313664,0.16327772341726293215,0.1464732654062265993
0.5899999999999999689,0.32627715741623097845,0.2059723444199925424,0.048918937639314333254,0.18393000271424916892,0.16714351346712447155,0.14308347985629393806
0.5999999999999999778,0.33321228130750146779,0.20629183305220882838,0.050182508169993290947,0.1826336907580339286,0.17097244865591518237,0.1396186139371673185
0.6099999999999999867,0.34004959149482333336,0.20653901407725550055,0.051435301843935632427,0.18124110323495029595,0.17476184956487647582,0.13608459480654355733
0.61999999999999999556,0.34678527768047989754,0.20671972948290323613,0.052677801621101055796,0.1797568799830335795,0.17850935776804047195,0.13248706539747959199
0.63000000000000000444,0.35341402947020883474,0.20683394835252572053,0.053910467550340512854,0.1781854460568339793,0.18220778721841673908,0.12883139176330876685
0.6400000000000000133,0.35991433121782479,0.20686524037142831056,0.055133731798457381867,0.17653101524306258341,0.18583725233200812377,0.12512267130436216522
0.6500000000000000222,0.3662795393772264041,0.20681186595032702291,0.056347993839764291824,0.17479759421787702256,0.18939555216492953704,0.12136574184853726743
0.6600000000000000311,0.37250818417001180238,0.20667709205305831444,0.057553615805198500566,0.17298898731610432011,0.19288226390862242554,0.117565191558159032326
0.67000000000000003997,0.37859878077459668821,0.20646402065513871915,0.058750917994534079813,0.17110880188458782447,0.19629701528362100693,0.11372536963508958485
0.68000000000000004885,0.38454981569520424456,0.2061755924625396641,0.059940174558476159994,0.16916045419295103192,0.19963947889448982465,0.10985039779481831079
0.69000000000000005773,0.39035973291801556728,0.2058145909786759098,0.06112160935966963471,0.16714717587554336897,0.20290936626252636943,0.105944182478429557714
0.7000000000000000666,0.39602691989105154313,0.20538364690281843417,0.062295392023107562518,0.16507202087831304715,0.20610642154227831746,0.10201042776904557796
0.70999999999999996447,0.4015496933668137869,0.20488524284287723543,0.06346163418720247862,0.16293787288392327928,0.20923041492958963095,0.09805264897667222146
0.71999999999999997335,0.40692628514905454518,0.20432171832504159026,0.06462038596704368365,0.16074745318772851177,0.21228113577049881333,0.09407418685247553869
0.72999999999999998224,0.41215482778729611857,0.203695275082194871,0.06577163264117033559,0.15850332899630809047,0.21525838538189964733,0.09007822239047479085
0.7399999999999999911,0.41723334026487685078,0.20300798260237140624,0.066915291572655036245,0.15620792211920814241,0.2181619695964538419,0.08606779217156927675
0.75,0.42215971372836552655,0.20226178391783611321,0.06805120937448412566,0.15386351802344297446,0.22099169104579688416,0.08204580420183392453
0.7600000000000000089,0.4269264726558145706,0.20145850161467859785,0.069179159328199429924,0.15147227521919284787,0.2237473411976362847,0.078015054194199129345
0.77000000000000001776,0.43152508166790015665,0.20059984404215377984,0.07029883906361787671,0.14903623494408088646,0.22642869216386626863,0.07397824224011638472
0.78000000000000002665,0.43595606495623573373,0.19968741170038453725,0.07140986850619686355,0.14655733111244367839,0.22903548829833328404,0.06993798981568574713
0.79000000000000003553,0.4402198602555711382,0.19872270378450213046,0.0725117880973523421,0.14403740049518359845,0.23156743760435208324,0.065896857065130473585
0.8000000000000000444,0.44431674249045732816,0.19770712486283950615,0.07360405729178232104,0.14147819309511286412,0.23402420297349457723,0.06185736030361907445
0.8100000000000000533,0.44824684249473584208,0.19664199166643042682,0.074686053334676066884,0.13888138268222499638,0.23640539327852511109,0.057821989681490895685
0.82000000000000006217,0.45201016523576020845,0.19552853996680855109,0.07575707032060902124,0.13624857745304141954,0.23871055434463123168,0.053793226953337686114
0.83000000000000007105,0.45560660748393644326,0.19436793151895076504,0.0768163185350144162,0.13358133077812489597,0.24093915982427913103,0.04977356329881069824
0.8399999999999999689,0.45903597487534630872,0.19316126104616473946,0.077862924078374085024,0.13088115200200015065,0.24309060200208126856,0.04576551714875379262
0.8499999999999999778,0.46229799832173246177,0.1919095632437928245,0.07889592877275961036,0.12814951726010129218,0.24516418255700783702,0.041771651982872061437
0.8599999999999999867,0.46539234972802734358,0.19061381977877259186,0.07991429035007485693,0.12538788027794928182,0.24715910331005616629,0.037794594089066158027
0.86999999999999999556,0.46831865698293478895,0.1892749662623625928,0.08091688292134956162,0.122597683118545033865,0.24907445698613550622,0.033837050321910137896
0.88000000000000000444,0.47107651819286128214,0.18789389917370466487,0.081902497726729861505,0.119780366844934565984,0.2509092180193758237,0.02990182599763906851
0.8900000000000000133,0.47366551513377319615,0.18647148271232705241,0.08286984416642699525,0.116937382066023248806,0.25265985497199588972,0.025994212204087770168
0.9000000000000000222,0.4760852258993498176,0.18500855555820217013,0.08381755111384409096,0.11407019933497540565,0.25431573771979237852,0.022126561397781498164
0.9100000000000000311,0.4783352367271476724,0.18350593751853563895,0.08474416851343660739,0.111180319370893440634,0.25587579179843056298,0.018301705821844545252
0.92000000000000003997,0.48041515298740311568,0.18196443604106252168,0.08564816926758490878,0.10826928307589789302,0.2573400405466158558,0.014521401841487898213
0.93000000000000004885,0.48232460932161752565,0.18038485257426750685,0.08652668111089698022,0.10533868132118111294,0.25870848741374502522,0.010787463970171287664
0.94000000000000005773,0.48406327892020772907,0.17876798875558896906,0.08737710264053395737,0.10239016447704879509,0.25998113820300955412,0.0071018109359970525013
0.9500000000000000666,0.48563088193030967687,0.17711465240932405818,0.08819867433078455721,0.09942545166334314233,0.26115802258677844883,0.0034669056527826705265
0.95999999999999996447,0.48702719298630042788,0.17542566333659245781,0.0889907528050631752,0.09644633969790750161,0.26223921480551676266,0.00018008179944048184379
0.96999999999999997335,0.48825204785680131891,0.17370185888033590205,0.08975282995631142513,0.093454711721856112416,0.26322485347546786816,0.0036539976441565631335
0.97999999999999998224,0.4893053492028749396,0.17194409924892720132,0.09048455383428298526,0.09045254548128008054,0.26411516044240912482,0.0071289889747857635577
0.9899999999999999911,0.49018707144283402144,0.17015327258250637077,0.091185748760887752606,0.08744192124559242718,0.26491045862908879638,0.010548080663088099662
1.0,0.49089726471961353527,0.16833029974667357287,0.091856434538132858414,0.08442502934290062322,0.2656111888325858872,0.0139091236227426289646
1.0100000000000000089,0.49143738881739090774,0.16647613883862488748,0.09249684464805528472,0.08140417729250318257,0.26621792543491801242,0.017210775641267665043
1.0200000000000000178,0.4918126043380606216,0.16459178939122326435,0.09310744337032123008,0.0783817965137267314,0.26673139099587622747,0.020452783761474177537
1.0300000000000000266,0.49202729076792439677,0.1626782962608681049,0.093688941761843433365,0.075360448588702610984,0.26715246970139738814,0.023634354568965235815
1.0400000000000000355,0.4920857433272441961,0.16073675318534821899,0.09424093635219114862,0.07234145442086245548,0.26748221964392093764,0.026754695850420406184
1.0500000000000000444,0.491992233178459748,0.15876830599817221001,0.09476108898180633788,0.069324065145601729276,0.2677218839132455841,0.029813094719953754652
1.0600000000000000533,0.49175101333866244602,0.15677415548617121277,0.09524964424549701991,0.066309973970895802475,0.26787290047752776445,0.032808914424091478734
1.0700000000000000622,0.49136632413957154197,0.15475555987748640385,0.09570703382091121092,0.063301030851794559684,0.26793691083439608036,0.0357415928915750733
1.0800000000000000711,0.49084239820126668308,0.15271383694744525283,0.09613376551054945984,0.06030120060076990529,0.26791142421705949062,0.0386106417659656323
1.0900000000000000799,0.4901834648870421196,0.15065036573030249345,0.09653041270800823137,0.05731292556410505501,0.26779356772353135607,0.041415645434006775893
1.1000000000000000888,0.48939375420790326432,0.14856658782546802722,0.09689760443706216253,0.054337715284930775128,0.26758547514669556167,0.044156259840341487155
1.1100000000000000977,0.4884775001464585764,0.14646588125273699021,0.097236015874626630096,0.051377059165199391588,0.26728932268216021306,0.046832210990354228297
1.1200000000000001066,0.48743894337129645145,0.14435381035040839581,0.09754635928002228229,0.048432419275919853796,0.26690731511060900027,0.049443293091526903382
1.1300000000000001155,0.48628233331446618637,0.14223236549545606455,0.097829375263472392876,0.045505223771666686305,0.26644167707405663759,0.051989366306591004718
1.1400000000000001243,0.4850119295863908886,0.14010359266317451432,0.098085824336470950335,0.042596860885442275335,0.26589464454797101522,0.05447035410328490007
1.1500000000000001332,0.4836269613999290562,0.13796467128487699405,0.098316478695652256836,0.039708673485538407977,0.2652684564704554937,0.05688624019176508062
1.1599999999999999201,0.48211983506770889063,0.1358061223593305944,0.09852211420014085619,0.03684195418330103028,0.26456534649490037747,0.0592370650444151714
1.1699999999999999289,0.48049379986036949708,0.13362948480462311096,0.09870350251012521836,0.033997940991024253043,0.26378753483736155916,0.061522921995256329986
1.1799999999999999378,0.4787523542060147519,0.13143671298167627914,0.09886140336164202236,0.031177813545275923773,0.26293722019446430505,0.06374395291804688113
1.1899999999999999467,0.47689877762478305456,0.12922970757556823118,0.09899655695931122712,0.028382689938183186529,0.26201657171191239382,0.06590034348382083074
1.1999999999999999556,0.47493612751935787575,0.12701031152940014946,0.09910967647507062939,0.02561362424910674368,0.2610275215620852518,0.067992119142712567625
1.2099999999999999645,0.47286723654713552767,0.12478030642832514674,0.099201440646826302694,0.022871604967540024034,0.2599695229636188043,0.070016912779439763326
1.2199999999999999734,0.47069501583086714724,0.12254140931257662128,0.09927248647639055901,0.020157554707299889935,0.25884484777619071183,0.07197524913877366426
1.2299999999999999822,0.46842663084046137767,0.12029526990121401642,0.09932340203110685828,0.017472332094990813967,0.2576567036364765806,0.07386866604694178329
1.2399999999999999911,0.4660681114575562778,0.118043468210854443634,0.09935471935816399258,0.014816737943454748316,0.2564080811468553156,0.07569856604544904222
1.25,0.4636242804519173366,0.11578751255590975788,0.09936690752476373678,0.012191531341238785735,0.2551017600564018939,0.07746622372858542882
1.2600000000000000089,0.4610997396418253791,0.11352883791880151454,0.09936036580100683635,0.009597473113616281776,0.25374031600392643604,0.07917279328196766275
1.2700000000000000178,0.45849886642697129657,0.111268804680306393484,0.099334115553283419686,0.0070354637401142923817,0.25232612780249641382,0.08081931618773417758
1.2800000000000000266,0.45582581108792080693,0.10900869770159785088,0.09928414016420326893,0.0045071383401831446175,0.2508613852427919455,0.08240672906399561237
1.2900000000000000355,0.45308449483297330573,0.106749725750706486727,0.09921103175903472904,0.0020198176586735012983,0.24934809739055244227,0.083935871608064038796
1.3000000000000000444,0.45027860857566937014,0.104493021267039618016,0.09911563960328527434,0.0005576719274554065627,0.24778810135133855219,0.08540749461490972083
1.3100000000000000533,0.4474116124279528539,0.10223964045827795,0.09899863913210830979,0.002919950533890756407,0.24618307147391182976,0.08682226804426322608
1.3200000000000000622,0.44448673589514314797,0.09999056372442625962,0.098860542756342636994,0.0053146420579952896243,0.24453452896178037856,0.08818078911180789181
1.3300000000000000711,0.44150697875947431115,0.09774669640403739479,0.098701711231888644704,0.0076807397312325656133,0.24284385186092255493,0.08948359038198185067
1.3400000000000000799,0.43847511263908345303,0.09550886983766959659,0.09852236552158924465,0.010015092252136915257,0.24111228539040793772,0.09073114784202701566
1.3500000000000000888,0.43539368320902416265,0.09327784274348632776,0.098322599077465100414,0.0123170170184677268965,0.23934095258163876063,0.091923888939058756575
1.3600000000000000977,0.43226501307021375498,0.09105430289957963663,0.098102390471328307364,0.014586357391204944622,0.23753086519123284281,0.093062200564066735464
1.3700000000000001066,0.42909120525123800594,0.08883886912710620143,0.09786161630345101281,0.016823155686303058881,0.23568293485220767614,0.09414643696886976221
1.3800000000000001155,0.42587414732669343076,0.08663209356768886149,0.09760006432205829696,0.019027562417340781326,0.23379798442808957804,0.095176927604114294756
1.3900000000000001243,0.42261551613429571006,0.084434464247761062405,0.097317446690858108727,0.02119980171177906006,0.23187675953487957292,0.09615398486840177894
1.4000000000000001332,0.41931678307137643102,0.0822464079216607552,0.097013413347514260154,0.023340154090689908817,0.2299199401964513445,0.09707791176053506832
1.4099999999999999201,0.41597966972899846905,0.080068293184304348276,0.09668756540279062339,0.025448945539677608751,0.22792815259992113552,0.0979490094286635804
1.4199999999999999289,0.41260793139409479569,0.07790043384323863673,0.096339468537901887246,0.027526539071555718857,0.22590198091880275832,0.09876758461176793347
1.4299999999999999378,0.40920428838560179985,0.075743092538789427715,0.09596866636626918967,0.029573327295877770149,0.2238419791733216313,0.09953395697042714818
1.4399999999999999467,0.40577115294453147687,0.0735964845999279027,0.0955746937352457554,0.031589725359296258467,0.22174868309907358466,0.100248466305146471944
1.4499999999999999556,0.4023108265652344251,0.07146078212238844707,0.09515708995332743114,0.033576163968478608957,0.2196226219972547411,0.10091147966166448546
1.4599999999999999645,0.39882550067328276233,0.06933611825451885258,0.09471541193876084619,0.035533082363368467815,0.21746433054191516288,0.101523409601906616784
1.4699999999999999734,0.39531725779585724645,0.06722259167536093205,0.0942516111877918783,0.037458556088647225468,0.21527436052206058714,0.10208525145864873196
1.4799999999999999822,0.39178807320499958733,0.065120271248559194466,0.09377189510108677184,0.03934644051918012586,0.21305328149395622028,0.102597976117188474654
1.4899999999999999911,0.38823981701451226733,0.06302920083493547543,0.09327635589024005358,0.04119675489521547329,0.21080145269757369353,0.103062104774015034225
1.5,0.38467425671154886757,0.06094940424594331302,0.092764790309908015664,0.043009864521245694258,0.20852041965170259319,0.10347931890463960003
1.5100000000000000089,0.38109306010406113208,0.05888089031980032334,0.092237081579794336084,0.044786102057122384457,0.20621215979800361362,0.103851694200726915596
1.5200000000000000178,0.37749779866527105598,0.056823658101887740413,0.091693193747161547136,0.0465257770416745986,0.20387894997804306696,0.1041811994612464598
1.5300000000000000266,0.3738899512562526284,0.05477770211107633319,0.091133166157969749954,0.048229185567642100796,0.20152833515606047299,0.10446969718429922891
1.5400000000000000355,0.37027090820754265943,0.052743017674015298113,0.0905571080231434844,0.0498966199475717187,0.19916410769225906252,0.104718944495633806135
1.5500000000000000444,0.3666419757404851265,0.050719606310176287844,0.08996519306518184489,0.051528378261874147048,0.1967880468662536464,0.104930594402677504484
1.5600000000000000533,0.36300438070875662433,0.048707481151654422047,0.089357654229426472514,0.0531242523478538467,0.19440186788091376457,0.10510619736387584455
1.5700000000000000622,0.3593592756402510524,0.046706672383507598367,0.08873460325833985862,0.054683013382399149604,0.19200721863257788624,0.10524720316364251371
1.5800000000000000711,0.3557077440592157358,0.04471723269290736602,0.08809588816275308598,0.056204910494280335698,0.18960567696040137031,0.10535496308337612137
1.5900000000000000799,0.35205080606826455458,0.042739242718821679468,0.08744276444386582525,0.05769027705813523782,0.18719874835939503965,0.10543073235888596184
1.6000000000000000888,0.34839032080023590865,0.040772816498662864393,0.08677658324542329715,0.059139426558933352873,0.18478786414340137023,0.10547567291426045155
1.6100000000000000977,0.34472948475560444281,0.038818592323570870473,0.08609861128254256424,0.060552657173298114757,0.18237438004567538274,0.10549085636177286951
1.6200000000000001066,0.3410702544393755531,0.036879892435425998265,0.08541002892243457212,0.061930256187006926805,0.17995957524591274512,0.10547726725690509397
1.6300000000000001155,0.33741396713712829003,0.03495700845604483159,0.08471192857795423192,0.06327250424218534841,0.17754465181350201353,0.10543580659702797564
1.6400000000000001243,0.33376093178298643638,0.033048737655581104933,0.08400531341702044408,0.06457967940848992339,0.17513073455749977869,0.1053672955517496318
1.6500000000000001332,0.33011290251718378164,0.031155391078247933467,0.08329109639177867397,0.065852061073221640486,0.17271887127434296105,0.10527247941246388463
1.6600000000000001421,0.32647165725805737946,0.029277381089647287749,0.08257009959175812264,0.06708993364584625585,0.17031003338465092178,0.105152031748233634745
1.6699999999999999289,0.32283891054661184583,0.027415137565710356177,0.081843053925239606095,0.0682935900728184192,0.16790511695063933817,0.10500655875484937729
1.6799999999999999378,0.31921630554383850775,0.025569102702009689765,0.081110599132624805474,0.06946333515892934296,0.16550494406569929429,0.10483660378373473032
1.6899999999999999467,0.31560540655971919266,0.023739726176753992576,0.08037328413482491829,0.07059948869161990215,0.1631102646076030005,0.104642652037344074945
1.6999999999999999556,0.31200769210946993626,0.021927460677373437903,0.079631567718602996875,0.071702388364841079804,0.16072175834660953897,0.104425135417822861905
1.7099999999999999645,0.30842454849458283972,0.020132757814132061502,0.0788858195594583228,0.07277239249909929486,0.15834003739948190881,0.10418443751598611968
1.7199999999999999734,0.30485726390799228191,0.01835606446861064514,0.078136321581084827725,0.07380988255431185363,0.155965649020119973,0.10392089872812211582
1.7299999999999999822,0.30130702306418305492,0.016597819670843429185,0.07738326964872375979,0.07481526543202218771,0.1535990787171850891,0.103634821488740203055
1.7399999999999999911,0.29777490235628256698,0.014858452189988909445,0.07662677559192566934,0.07578897556339826702,0.15124075368877323844,0.10332647560815916288
1.75,0.2942618655431032404,0.013138379215456130744,0.075866869550403767675,0.07673147677926858701,0.1488910465639112779,0.102996103704760047504
1.7600000000000000089,0.29076875996971784932,0.01143800694097870177,0.07510350263486786915,0.07764326395825274507,0.14655027945998536087,0.10264392674237941827
1.7700000000000000178,0.28729670143580249286,0.0097577349439503906214,0.07433654989304397387,0.07852486444882905703,0.14421968961118772357,0.10227111214913607584
1.7800000000000000266,0.283847068246065648,0.0080979692452761743715,0.07356581356958219464,0.07937683926096210374,0.14190102430162271352,0.10187936928961929817
1.7900000000000000355,0.28042073825271274234,0.0064591585321499191824,0.072791026647306369957,0.08019978402270523665,0.13959528535923193537,0.10146969349712596509
1.8000000000000000444,0.27701851963213641739,0.0048419056703374700745,0.07201185665632882371,0.080994329697009037616,0.13730337717613805282,0.10104301564319484452
1.8100000000000000533,0.27364115236400327058,0.0032474069919568525865,0.07122790973701811912,0.08176114305382815861,0.13502610820020063964,0.10060020404478997591
1.8200000000000000622,0.27028930599983735927,0.0016803298191065351407,0.07043873494272739899,0.08250092689253464562,0.13276419288621513215,0.10014206661033318857
1.8300000000000000711,0.26696357783110880035,0.00027495190409771211835,0.069643828768635465676,0.08321442000964496266,0.13051825409808884282,0.0996693532149903888
1.8400000000000000799,0.26366449145550602262,0.0014493185656135408167,0.068842691599879254905,0.083902396906958345846,0.12828882595200430394,0.099182758295658035586
1.8500000000000000888,0.26039249573987816033,0.0029492580305470251535,0.06803542683531155211,0.08456566723541655839,0.12607635708909775696,0.098682923656108811894
1.8600000000000000977,0.2571479641779932379,0.004435095675855603263,0.06722461956732551924,0.085202932199143516234,0.123881214364579772536,0.09817044147276510202
1.8700000000000001066,0.25393119464078239833,0.005900888864404971179,0.06641364543058073111,0.085812037204647001465,0.121703686938557750774,0.097645857491601845135
1.8800000000000001155,0.25074240951613091521,0.007345508094014660365,0.065602972014010246804,0.086393663619702062983,0.11954453796862513082,0.09710967440675571938
1.8900000000000001243,0.24758175623454664604,0.008768622815780545768,0.06479303733115668318,0.086948452951624163876,0.11740737815463601901,0.09656235541155464008
1.9000000000000001332,0.24444930817620438845,0.010170152719114394779,0.06398426433778543754,0.08747699461898822415,0.115292638827366775156,0.096004327912893414054
1.9100000000000001421,0.24134506595393542816,0.011550133101658286577,0.06317705787860387889,0.087979831551992196403,0.11320010591839713143,0.095435987400184121854
1.9199999999999999289,0.23826897713327102601,0.0129086700612137204175,0.062371801839628350506,0.08845746582409616532,0.111129592028215942734,0.094857822421101245514
1.9299999999999999378,0.23522114960290335661,0.014245922100811009986,0.061568856501382517032,0.08891036429572857225,0.10908093382215833245,0.09427059571830609386
1.9399999999999999467,0.23220154865528566668,0.015562091099031153188,0.060768556089231776096,0.089338964251877095446,0.10705398955009608197,0.09367479878560676376
1.9499999999999999556,0.22921005049576792523,0.016857417020397110624,0.059971206518189427992,0.089743679016471220034,0.10504863669088353173,0.09307087173073583242
1.9599999999999999645,0.22624650228085207981,0.018132174219472156629,0.059177083330462412758,0.09012490352758825707,0.103064769722378588024,0.09245922287093770453
1.9699999999999999734,0.22331072473800764322,0.019386668425559885204,0.058386429824829583213,0.090483019858659322066,0.101102298017708522315,0.0918402300828709689
1.9799999999999999822,0.22040251502327437572,0.020621233985770603264,0.057599455377657635124,0.090818402671982698116,0.099161143868333259666,0.091214242283283952784
1.9899999999999999911,0.21752164980698521224,0.021836231158570640343,0.05681633395595582503,0.091131424591955126346,0.097241240634371062246,0.09058158103480332124
2.0,0.21466788857773225208,0.023032043351096893186,0.056037202823346815572,0.091422461486477826775,0.095342531022590160106,0.0899425422712323841
2.010000000000000231,0.21184097715456881583,0.02420907424467026725,0.055262161440188646566,0.09169189764596588632,0.09346496549243281382,0.08929739813682406602
2.0200000000000000178,0.20904065139739533286,0.025367744780553452832,0.05449127055932476843,0.091940130850264603635,0.091608500923387764514,0.088646399067119865944
2.0300000000000002487,0.20626664110552644926,0.026508489993917715155,0.053724551519071177264,0.092167577314537424416,0.08977364728525838444,0.08799032411109762586
2.0400000000000000355,0.20351867409459098446,0.027631755693837793675,0.052961985735083420834,0.0923746696345682794,0.08796116282981870926,0.08733017920459322514
2.0499999999999998224,0.20079648044216846792,0.028737994993702067892,0.052203514392691011126,0.09256102618319836384,0.08617141337143843782,0.08666655963954364439
2.0600000000000000533,0.19809979689293769067,0.029827664701147602044,0.051449038341168554234,0.09272656615228155874,0.08440474358385370579,0.086000024943458319715
2.0699999999999998401,0.19542837971285356713,0.030901221580273540573,0.05069841819124507043,0.09287180370316677758,0.08266147347407912238,0.085331098631506521746
2.080000000000000071,0.19278277914922686831,0.03195843003967929752,0.04995147461697017205,0.09299724961726420214,0.080941895051496542957,0.0846602681155741027
2.0899999999999998579,0.19016457583754969862,0.032998000074967406836,0.04920798886288958035,0.09310341308882782996,0.0792462691961063892,0.08398798476756184905
2.1000000000000000888,0.18757385744072782585,0.034020139234492471902,0.048467703457368421782,0.09319080347167117695,0.07757482273097826564,0.08331466413421402539
2.1099999999999998757,0.1850106588251941575,0.03502510274868578244,0.047731216019583473653,0.09325993197417210834,0.07592774570494398301,0.0826406863007108361
2.1200000000000001066,0.18247502751324351511,0.03601136097393164981,0.04699982156917199838,0.09331131329702142818,0.074305188892488660546,0.08196639640013840544
2.1299999999999998934,0.17996701955404748041,0.03697816793603183466,0.04627394586481416161,0.09334546720824994648,0.072707261518606014494,0.08129210526577587692
2.1400000000000001243,0.17748669557263635488,0.0379257514522445896,0.045553954052227785265,0.09336292005013115125,0.07113402921704314874,0.08061809022292290572
2.1499999999999999112,0.17503411699856208372,0.038854315566552583006,0.044840151596370989018,0.093364206172601743594,0.06958551223085771009,0.07994459601673956084
2.1600000000000001421,0.17260934247610940084,0.039764043345671809537,0.044132782437128079134,0.0933498692878731301,0.06806168386449458485,0.079271835872298787584
2.169999999999999929,0.17021242445809856014,0.040655099635432220828,0.04343202744982611191,0.093320463740924966545,0.06656246919665435857,0.078599992682767266805
2.1800000000000001599,0.16784340598549041257,0.041527633761009714874,0.042738003215725080264,0.09327655569057891061,0.06508774406302250681,0.07792922032134379229
2.1899999999999999467,0.16550231765517753324,0.042381782157525395294,0.042050761107029183128,0.0932187241958521845,0.06363733431745437208,0.0772596450723103817
2.2000000000000001776,0.16318917477848787767,0.043217670919939860097,0.041370286689900150068,0.09314756220228707917,0.062211015379427705985,0.076591367176291572094
2.2099999999999999645,0.16090397473306017329,0.04403541826309399776,0.040696512436669274315,0.09306366446742068976,0.060808512074487855448,0.075924462484591545564
2.2200000000000001954,0.15864669504996267713,0.044835136884311697913,0.040030396370058674016,0.092966552695590190525,0.059429498772995859035,0.0752589842172862733
2.2299999999999999822,0.15641732780848313644,0.045616936222250097088,0.039372471002257145023,0.092856123899834192015,0.058073599830764488505,0.074594964819604953066
2.2400000000000002132,0.15421583324005833093,0.046380924606724084625,0.038722560327807999114,0.09273293287590501921,0.05674092136705157635,0.073932417911041339864
2.25,0.15204213343944930625,0.047127211295087269305,0.03808048565633029292,0.092597489219214235145,0.055432664248508969895,0.07327134032160502464
2.260000000000000231,0.1498961330499277711,0.047855908391450485695,0.037446064547964785785,0.09245025972836873329,0.05414823835707910371,0.07261171420965370493
2.2700000000000000178,0.14777771775654885422,0.048567132645591960804,0.036819109822901749385,0.0922916709016156217,0.052886970699715124544,0.071953537685308086025
2.2800000000000002487,0.14568675296277858178,0.049261007128878764316,0.036199428646508644003,0.09212211151790562769,0.05164855872997717312,0.07129712718217685874
2.2900000000000000355,0.14362308265193030055,0.049937662784891687084,0.035586821691550869773,0.091941935294029247805,0.050432631161730398506,0.070642680273805408264
2.3000000000000002665,0.14158652843463762072,0.050597239852748471245,0.034981082378972190583,0.09175146360908706389,0.049238782209480268237,0.06999031330636190651
2.3100000000000000533,0.13957688878333357474,0.051239889161352386582,0.034381996198680889187,0.091550988287429788115,0.048066637774726327093,0.06934013092722376981
2.3199999999999998401,0.13759393845439032988,0.05186577329298101835,0.03378934011176959462,0.091340774431142413015,0.046915853275733221395,0.06869222717401531064
2.330000000000000071,0.13563742809822759705,0.052475067614770637414,0.033202882035590498833,0.091121063293150922346,0.045786111478558093324,0.06804668664144859769
2.3399999999999998579,0.1337070840573034991,0.053067961176764225084,0.032622380413114292208,0.09089207518209624359,0.04467712033287111334,0.06740358572268562165
2.3500000000000000888,0.13180260835147702969,0.053644657475279626524,0.03204782814589843959,0.09065401239024427349,0.043588610815833810086,0.06676299392200242544
2.3599999999999998757,0.12992367884977806813,0.054205375080427761758,0.031479982419921795356,0.0904070621358785409,0.04252033478707408637,0.06612497523562399504
2.3700000000000001066,0.12806994962713993957,0.054750348126682162053,0.030919057969446963469,0.09015139951184773792,0.0414720628576209574,0.06548959538764639876
2.3799999999999998934,0.12624105150416356502,0.055279826665471855363,0.030365202455115015978,0.089887190432205416046,0.040443582275549769256,0.064857116055705474333
2.3900000000000001243,0.12443660155895357178,0.05579407687885330064,0.029818553090380884446,0.089614594569179154004,0.039434694831032908457,0.06422776281163358747
2.3999999999999999112,0.12265621306527994816,0.056293381153419592977,0.029279234458552259868,0.08933376827302931533,0.038445214783510324452,0.06360167687246194579
2.4100000000000001421,0.12089945955352533746,0.056778038013734356826,0.028747356429586562454,0.089044867467699365116,0.037474966813778300134,0.062978989975987983985
2.419999999999999929,0.119165899989945686666,0.057248361914740697465,0.028223012178446235665,0.08874805051550727075,0.036523784003960495237,0.062359824139973887847
2.4300000000000001599,0.11745508189699743751,0.05770468289280233226,0.02770627630766962779,0.088443481044474442365,0.035591505848563277647,0.061744291490532621225
2.4399999999999999467,0.11576654294859341221,0.058147346075287348333,0.02719720307762414635,0.08813133073222650937,0.03467797630013940563,0.061132494158546858698
2.4500000000000001776,0.11409981270716751389,0.058576711048916013658,0.026695824748638383866,0.08781178204071585225,0.03378304185348109112,0.06052452424294340466
2.4599999999999999645,0.112454414498227281416,0.058993151087465403593,0.026202150039839763873,0.08748503089630776941,0.032906549672743548585,0.05992046383961482231
2.4700000000000001954,0.11082986741812513032,0.05939705223986516125,0.02571616271002344356,0.08715128931002243118,0.03204834576645058941,0.059320385134734067434
2.4799999999999999822,0.10922568847094413225,0.05978881228022783073,0.025237820266224442883,0.086810787932934938005,0.031208273215959751734,0.058724350561157580286
2.4900000000000002132,0.10764139483066202663,0.060168839521949214755,0.024767052805832072415,0.08646377854189038481,0.030386170463648134316,0.058132413016549505658
2.5,0.1060765062251563251,0.060537551498679426087,0.024303761998055964377,0.086110536450786701046,0.029581869667821791142,0.057544616141796067765
2.510000000000000231,0.10453159814854359744,0.060894323633637482962,0.023847820210305688271,0.085751362842708026,0.028795197125307897545,0.056960996657421193723
2.5200000000000000178,0.10300751310760740409,0.06123827770591248887,0.023399069784575111247,0.085386587018148260575,0.028026085628891000967,0.056381698917295046403
2.5300000000000002487,0.10150401984318198345,0.061569622958728267847,0.022957322468217099265,0.085016457653082785906,0.02727446145553108145,0.055806863363081944673
2.5400000000000000355,0.10002090253371045958,0.0618885690424382795,0.022522359002563177577,0.08464065688787104913,0.026540188617346988781,0.055236572502290727515
2.5500000000000002665,0.09855795927214681951,0.062195328384990394843,0.02209393120098479893,0.08425948142993699985,0.025823114505790219914,0.05467089843421533285
2.5600000000000000533,0.09711499983973929939,0.06249011924403394952,0.021672135519903761025,0.0838729913927319104,0.025123068193580351537,0.054109902756774415356
2.5699999999999998401,0.09569184359029200837,0.06277316865939695789,0.021256989817187103148,0.0834813454325176868,0.024439904655247209064,0.053553636534581304518
2.580000000000000071,0.094288329693334824166,0.06304471529730190649,0.02084862706771784674,0.083084951921632982375,0.023773252070328203256,0.0530021403274943681
2.5899999999999998579,0.09290430204379408752,0.06330501217837362915,0.020447020962039264003,0.08268419397167255103,0.023122612839563547876,0.052455444278809965075
2.6000000000000000888,0.09153960167829712502,0.063554329282064725426,0.020052081368665101296,0.08227942993681683359,0.022487514828518843923,0.051913568262163631295
2.6099999999999998757,0.09019407490985224818,0.06379295602059958936,0.01966372554169643419,0.081870993993734417216,0.021867510798091446822,0.051376522086101356068
2.6200000000000001066,0.088867571643494347455,0.064020521888458623017,0.019281876909849740565,0.08145919679523051793,0.021262177787757050723,0.05084430575517094597
2.6299999999999998934,0.08755994377087335245,0.0642360284771134743,0.018906463891070722505,0.081044326194708152244,0.02067111645410002474,0.050316909786270513916
2.6400000000000001243,0.086271043645824177504,0.06443972214817429711,0.018537418733811792532,0.080626648038387843664,0.02009395036721928901,0.049794315578875064654
2.6499999999999999112,0.085000722642942352913,0.06463187003521721208,0.018174676386066488526,0.08020640702210785067,0.019530325267619011442,0.049276495837648780218
2.6600000000000001421,0.083748829801162411046,0.06481272963527276443,0.017818173393301703356,0.07978382760939767282,0.018979908286176901816,0.048763415045839392237
2.669999999999999929,0.082515210554310450264,0.064982549868913788704,0.017467846826508474922,0.07935911500739080415,0.018442387129741843327,0.048255029987748665476
2.6800000000000001599,0.081299705550557987976,0.06514157211419319138,0.017123633241696044338,0.078932456197019912336,0.01791746923484640111,0.047751290318476108387
2.6899999999999999467,0.08010214956265275521,0.06529003121134235865,0.016785467672281242923,0.07850402101382251974,0.017404880891937906523,0.047252139179050890727
2.7000000000000001776,0.07892237049072904631,0.06542815643523081093,0.01645328265596580214,0.07807396327557929172,0.016904366342435885734,0.046757513854995089164
2.7099999999999999645,0.07776018845941283508,0.06555617243268438421,0.016127007297846298467,0.07764242195291516657,0.016415686850824031534,0.046267346476307452674
2.7200000000000001954,0.07661541501082451411,0.065674300121854850554,0.015806566371653903158,0.07720952237891286207,0.015938619753884313707,0.04578156475681853521
2.7299999999999999822,0.075487852394952703605,0.065782757550933837476,0.015491879461170185439,0.07677537749372694009,0.015472957489091899649,0.045300092770850348967
2.7400000000000002132,0.074377292958713883686,0.065881760713604117785,0.015182860143999997102,0.07634008912013690029,0.015018506604115194544,0.044822851765114690714
2.75,0.07328351863483864581,0.06597152431872294054,0.014879415219997627756,0.075903749265951225844,0.014575086749320613488,0.044349761003808260695
2.760000000000000231,0.072206300531520287156,0.06605226251183593522,0.014581443986727213313,0.075466441449157761756,0.0141425365123051365035,0.043880745530166784252
2.7700000000000000178,0.07114539862354363198,0.06612418954622299727,0.0142888375643872231335,0.07502824204172323097,0.013720759419244324059,0.043415784276209505588
2.7800000000000002487,0.0701005615453672154,0.066187520401285546146,0.0140014981651386434536,0.074589221627962859484,0.013309647023514102962,0.042954834822065537936
2.7900000000000000355,0.06907152648637732151,0.06624247134619097588,0.013719492821992170309,0.07414944637343875988,0.012909090064326981043,0.04249784668080980321
2.8000000000000002665,0.06805802311786958436,0.06628926044680279184,0.0134428081279030810224,0.07370897940039297658,0.012518985458643289849,0.042044770376115016275
2.8100000000000000533,0.06705977418010032609,0.06632810801403860035,0.013171394177100668663,0.07326788216578626611,0.012139234910573660359,0.041595558122037308568
2.8199999999999998401,0.066076489579156183485,0.066359236991918493787,0.01290519521461021106,0.07282621583808263077,0.011769743529377233934,0.041150164528140707743
2.830000000000000071,0.06510787002349406605,0.06638287328369167628,0.012644148694098421987,0.072384042669002821024,0.011410418462973094186,0.040708582911115204217
2.8399999999999998579,0.06415360747241677375,0.06639924601456285991,0.01238818438600257886,0.071941427356554440986,0.01106116755540064063,0.040270925367873113
2.8500000000000000888,0.06321338566676763804,0.0664085877296811955,0.012137223538789708097,0.071498438395736399475,0.01072189803843496235,0.03983722171944369811
2.8599999999999998757,0.06228688075242605482,0.06641113452620862889,0.011891178096323735958,0.071055149413406085146,0.010392499260912006764,0.03940749128984412375
2.8700000000000001066,0.061373761994922865215,0.066407126118448192575,0.011649949974382378323,0.070611640483883561514,0.0100725683231861432715,0.038981752045078373048
2.8799999999999998934,0.06047369258340828252,0.066396805835194153134,0.011413430399353250572,0.07016799942195255102,0.0097617176681492265344,0.038560020248783931363
2.8900000000000001243,0.059586330522168155788,0.06638042054866055697,0.011181578064925392496,0.06972424485574595099,0.009459634820150948642,0.03814231014856251517
2.8999999999999999112,0.058711329607915349604,0.06635822053455968372,0.010954458364081296612,0.069280288186590252564,0.009166021906338875369,0.037728633692932334043
2.9100000000000001421,0.057848340491181218792,0.066330459263136007375,0.010731958662462785792,0.068836216911051614775,0.008880595560071698896,0.03731900027882768811
2.919999999999999929,0.0569971521393704203,0.066297252869250589136,0.0105139612437474012224,0.068392123392858633624,0.008603086788314753125,0.03691341652955847097
2.9300000000000001599,0.05615842303845947764,0.066257850107233187686,0.0103003513106841894376,0.06794809766384883598,0.008333240803669384952,0.036511886103122552505
2.9399999999999999467,0.055332134839099059165,0.06621217880617903673,0.010091016565606380703,0.067504228609974709086,0.008070816821884371078,0.036114409530742880294
2.9500000000000001776,0.05451810813549693574,0.06616033131843536419,0.009885846799473409566,0.06706060516609851918,0.007815587825863399077,0.03572098408547299403
2.9599999999999999645,0.053716173833030352036,0.066102394108332074296,0.009684733490506242451,0.0666173175163271708,0.0075673402973185045425,0.035331603680684969815
2.9700000000000001954,0.05292617201980714947,0.06603844974571043691,0.009487569413460015741,0.06617445829668165691,0.0073258739173212034795,0.034946258798218110542
2.9799999999999999822,0.05214795086843490579,0.06596857886635169865,0.00929424826055833507,0.065732123796941557825,0.007091001237073463713,0.034564936445928881592
2.9900000000000002132,0.051381365569593953624,0.06589286209408576345,0.009104699280588412699,0.0652904151585476239,0.0068625473202573545814,0.034187620144340194472
3.0,0.050626277298961117057,0.065811381919633232807,0.008918915053278650071,0.06484943956548781807,0.006640349358329471381,0.03381428994204393329
3.010000000000000231,0.049882552218986693504,0.06572422453150031374,0.008736837857907166216,0.06440931142512473784,0.006424256260103714325,0.033444922459463122255
3.0200000000000000178,0.049150060516992749582,0.06563148159450309105,0.008558411089183570394,0.06396993749281515429,0.0062141282424285470415,0.03307949098624005796
3.0300000000000002487,0.048428675481028408967,0.06553325197173745509,0.008383580874306517661,0.063531050728653420956,0.006009852012663202507,0.032717981331310701243
3.0400000000000000355,0.047718272614892309758,0.06542964338603100838,0.008212295483355122952,0.063092779821837294274,0.0058113305204851167796,0.032360382079291795387
3.0500000000000002665,0.047018728793704937796,0.06532077401711106068,0.008044504749803298507,0.062655255556762740055,0.005618466556669645187,0.032006668765830997847
3.0600000000000000533,0.046329921461389880766,0.06520677403089170099,0.007880159501998757962,0.062218601681086914412,0.0054311714160210607452,0.031656813326213777138
3.0700000000000002842,0.045651725740153199784,0.065087787037425168246,0.007719211006506100474,0.061782935058441700027,0.0052493642130987498706,0.03131078415630775963
3.080000000000000071,0.044983993121581765384,0.06496397147417289075,0.007561610424287374191,0.06134836585338974968,0.005072971182301218296,0.03096854620026131752
3.0899999999999998579,0.04432660730326258569,0.0648355019113311809,0.0074073082807787661574,0.06091499774719859317,0.0049019249640875140264,0.03063006106444984486
3.1000000000000000888,0.043679461436757417714,0.064702570275993437354,0.007256253951017198854,0.060482928182986013532,0.0047361638795360800833,0.03029528715710903819
3.1099999999999998757,0.04304244578966077983,0.06456538699194952491,0.007108395161069472855,0.06005224863876276742,0.0045756311960315713266,0.029964179853040069645
3.1200000000000001066,0.042415447194093153227,0.06442403669568003144,0.0069636775071157865774,0.059623044926871211768,0.004420274387662660731,0.029636691682720005259
3.1299999999999998934,0.04179834854749815698,0.064277707121945637514,0.0068220439936334479475,0.059195397518290032712,0.0042700443949379024433,0.02931277254510142316
3.1400000000000001243,0.041191028366696663676,0.064126414510882329134,0.0066834345922093469153,0.058769381890245248057,0.004124794445455029837,0.028992369943339774824
3.1499999999999999112,0.040593360396070587992,0.063970377910925996234,0.0065477858225764153793,0.05834506889554029463,0.003984209072664502728,0.028675429242646183203
3.1600000000000001421,0.0400052132706546007,0.06380981195475197987,0.0064150303575128556424,0.057922525151988764336,0.003848108197916704984,0.02836189394942748368
3.169999999999999929,0.03942645023481059635,0.06364492703038088228,0.006285096653258925685,0.05750181345030790786,0.0037163237019285227936,0.028051706010846222394
3.1800000000000001599,0.038856928917042385385,0.06347592944658898839,0.0061579086070877222386,0.05708299317880516366,0.0035886951842888786812,0.027744806133910043106
3.1899999999999999467,0.038296501161383403322,0.0633030215912261246,0.0060333852436104560765,0.056666120763168049967,0.0034650699834473117425,0.027441134123185443455
3.2000000000000001776,0.037745012915654449492,0.06312640208109165929,0.0059114462431124033606,0.056251250119646441228,0.003345303174973111946,0.02714062923622257914
3.2099999999999999645,0.03720230417674895429,0.06294626590206853223,0.0057920542766132397314,0.055838433119898937818,0.0032292575479781139743,0.026843230555779827584
3.2200000000000001954,0.036668208992956606573,0.062762804538265729026,0.0056751468352569502465,0.055427717743005235074,0.003116803559780719629,0.026548877377945361011
3.2299999999999999822,0.036142555523191642608,0.06257620608897293546,0.0055607393519718044395,0.05501906140266434736,0.0030078192690582206993,0.026257509615272442427
3.2400000000000002132,0.03562516615284708893,0.062386655372286999033,0.005448810753541190495,0.054612453843246568097,0.0029021902478839150218,0.02596906821407125171
3.25,0.03511585766585982593,0.062194334014328993276,0.005339298621128447421,0.054207922037093132783,0.002799809473172956871,0.025683495585036464348
3.260000000000000231,0.03461444147244346209,0.06199942052303372697,0.005232143906165014416,0.05380548596915565862,0.0027005771981625579896,0.025400736046433242815
3.2700000000000000178,0.03412072389183523624,0.061802090345561083717,0.0051272906579231539506,0.05340515916048830386,0.0026044008046275926235,0.025120736279116161888
3.2800000000000002487,0.033634506489310475597,0.061602515908449874404,0.005024685750765895721,0.05300694921761179429,0.0025111946365795681513,0.02484344579271401815
3.2900000000000000355,0.033155586466653300115,0.061400866639712801953,0.0049242786116790830675,0.052610858405863013265,0.0024208798162166440988,0.024568868591176629135
3.3000000000000002665,0.032683757105235834717,0.06119730897215285015,0.0048260209486673697962,0.052216884244804424864,0.0023333840428846038331,0.024297037984044322217
3.3100000000000000533,0.032218808260860730408,0.06099200632727064947,0.004729866480578837247,0.05182502012373765149,0.002248641375776847147,0.02402794614202784923
3.3200000000000002842,0.031760526909564941456,0.06078511907922648505,0.00463577066891101338,0.051435255935341386846,0.002166592150484654422,0.02376158604679768499
3.330000000000000071,0.0313087415516704326,0.060576760695965445325,0.00454369045214524786,0.051047578725440558023,0.0020871893407464546348,0.02349795800302088844
3.3399999999999998579,0.030863740079107353231,0.060366580500795109787,0.004453583983155829859,0.050661973356905441734,0.0020103911808923478031,0.023237062222495292324
3.3500000000000000888,0.030425525058762628583,0.060154508897772088205,0.0043654103702453605357,0.050278423185681944685,0.0019361582130381612202,0.022978895960885713928
3.3599999999999998757,0.0299939807824350195,0.059940590944327444556,0.0042791294223674452776,0.049896910746962508387,0.0018644555603165389318,0.022723455968012326589
3.3700000000000001066,0.029568996776732792836,0.05972486349024449387,0.0041947013991114759715,0.049517418449522843105,0.0017952525684000980415,0.02247073829043835097
3.3799999999999998934,0.02915046732978344296,0.059507356306472525276,0.00411208676604134845,0.04913992927627271884,0.0017285224363286020698,0.022220738089868331822
3.3900000000000001243,0.028738291035009431995,0.059288093215153825355,0.004031245955998407314,0.04876442748909613073,0.0016642418380882512564,0.021973449477423259713
3.3999999999999999112,0.028332370352731790775,0.059067093217554766937,0.0039521391369988440392,0.04839089933608936578,0.0016023269342841418589,0.021728865363849710762
3.4100000000000001421,0.027932611190324727751,0.05884437161666065952,0.0038747259873740213902,0.048019333759340802892,0.0015426062120081299872,0.021486977325707153075
3.419999999999999929,0.027538922501610801907,0.058619941131277629454,0.0037989654788189134056,0.047649723101435871586,0.0014849887576044997709,0.021247775487564405511
3.4300000000000001599,0.02715121821626489268,0.058393812998575468642,0.0037248159938686772712,0.04728206380890848104,0.0014293891912628151411,0.021011248420219071076
3.4399999999999999467,0.026769500085127257566,0.058165998062105796207,0.0036522623870468384592,0.04691635713090121229,0.0013757259685133760036,0.02077738305493585444
3.4500000000000001776,0.026393738694836604841,0.057936507842434467608,0.0035812874015076511837,0.046552609811332544554,0.0013239214285250724534,0.020546164613678467858
3.4599999999999999645,0.026023863572980504566,0.0577053555876360022,0.0035118595983400779925,0.046190834772904698635,0.0012739018306989681895,0.020317576555287306106
3.4700000000000001954,0.0256598037321917119,0.057472557301005887387,0.0034439476601791094504,0.045831051791314539323,0.0012255973791334903722,0.020091600537529508141
3.4799999999999999822,0.025301487510988714125,0.057238132743455828744,0.003377520172550433318,0.045473288158053917773,0.0011789422346774891277,0.019868216394921905249
3.4900000000000002132,0.024948842437969388774,0.057002106408160210793,0.0033125454119006755328,0.04511757933020057315,0.0011338745144242698849,0.019647402132197865077
3.5,0.024601795119550441682,0.05676450846512266779,0.0032489911408617555381,0.044763966621175363403,0.0010903362786295763519,0.019429133933260143985
3.510000000000000231,0.024260271151396547995,0.056525375673422625922,0.0031868244113125100865,0.044412252871009617883,0.0010482735051550444872,0.019213386185429576908
3.5200000000000000178,0.023924195053634234737,0.05628475225898641604,0.0031260113758121684316,0.044062342695082301613,0.0010076360516430812094,0.019000131518768795247
3.5300000000000002487,0.023593490229892599697,0.056042690755800282643,0.0030665171079859725352,0.043714303449259778178,0.00096837760571600792463,0.01878934086022692948
3.5400000000000000355,0.023268078950161145274,0.05579925280854592523,0.00300830543244241886,0.043368201004291319356,0.00093045562355986276976,0.018580983502319761008
3.5500000000000002665,0.02294788235740014698,0.05555450993468860621,0.0029513387647919580269,0.04302409965760756183,0.0008938312572995102444,0.018375027186027632908
3.5600000000000000533,0.022632820497786296232,0.05530854424408708503,0.0028955779623178337992,0.04268206206116829937,0.00085846927159630181427,0.01817143819756301612
3.5700000000000002842,0.022322812374422441872,0.05506144911421832766,0.0028409879099097830497,0.0423421434704321642,0.00082433794990241602164,0.01797018147862977644
3.580000000000000071,0.022017776024290322545,0.05481332981912361707,0.002787585781957193417,0.04200434357894470422,0.00079140899078899301384,0.017771220749769160718
3.5899999999999998579,0.021717628618175173483,0.054564304110181476026,0.0027353532407878465224,0.041668693720811895986,0.00075965739473086383443,0.017574518646361787788
3.6000000000000000888,0.021422286583247778652,0.05431450274680229423,0.002684259354663355579,0.041335233914877159145,0.00072906134168419214816,0.017380036866832735548
3.6099999999999998757,0.02113166574794812444,0.054064069975117950984,0.002634274211330815945,0.041003999222335489605,0.00069960205974147111636,0.017187736332587508215
3.6200000000000001066,0.02084568150878118864,0.053813162771622735647,0.0025853688033663424148,0.040675019789768250555,0.00067126368510115773033,0.016997577359190441104
3.6299999999999998934,0.020564249018608024566,0.0535614140646077444,0.0025375149143099305464,0.04034832091619078992,0.00064403311356033617497,0.016809519838285925247
3.6400000000000001243,0.020287283395995368146,0.05330854349783838847,0.0024906850058916706926,0.040023923143507625366,0.00061789984374571932987,0.016623523429754313158
3.6499999999999999112,0.02001469995517739589,0.05305470815757890729,0.0024448521066474581884,0.039701842369732995297,0.00059283901000375266183,0.0164395477635917997
3.6600000000000001421,0.019746413164500400267,0.0528000612823101359,0.002399989702220653963,0.039382089984293516816,0.00056875825856462310006,0.016257552651004113231
3.669999999999999929,0.019482320209914194553,0.052544752087767078452,0.002356071627644978038,0.039064673024690119152,0.0005456070386770036935,0.0160774983042106627
3.6800000000000001599,0.019222306734715772364,0.052288925597924931776,0.0023130719619023935515,0.03874959435375471828,0.00052334322280327453484,0.015899345616468624903
3.6899999999999999467,0.018966257677984633967,0.052032722481518960123,0.0022709649250482527236,0.03843685285669712348,0.0005019277332314707593,0.015723057483811583163
3.7000000000000001776,0.018714057500450558685,0.051776278893729828223,0.0022297283302393591277,0.038126443657097441875,0.0004813230250325050124,0.015548597382388597288
3.7099999999999999645,0.018465590481435027737,0.051519726322711741073,0.0021893620355326855534,0.03781835835096144377,0.00046149304872952886993,0.015375929518527972281
3.7200000000000001954,0.018220741033300031503,0.05126319144068430117,0.0021498517448284137216,0.037512585257919561776,0.0004424036676459983412,0.015205019467901259578
3.7299999999999999822,0.017979394032907634188,0.05100679595935340982,0.0021111801432044914953,0.037209109688616480438,0.00042402269112878340817,0.015035834421595433569
3.7400000000000002132,0.017741435169659983823,0.05075065648946838065,0.0020733306084276866693,0.036907914227306971855,0.00040631990096831794744,0.014868344155636117193
3.75,0.017506867185882162702,0.05049476849586569116,0.002036287107401955291,0.036608979028645557974,0.00038926707075789845382,0.014702560517303382356
3.760000000000000231,0.01727580614742625989,0.050239010295279849794,0.0020000340941282771477,0.036312282127633245532,0.00037283797803953314543,0.014538495062881295894
3.7700000000000000178,0.017048199503571621893,0.049983425335396541866,0.0019645564093788278268,0.03601779976166356173,0.0003570084091847228018,0.0143761424324265387614
3.7800000000000002487,0.016823995923271703457,0.04972805257629931558,0.0019298391822900771639,0.03572550670359323638,0.00034175615705124643686,0.0142154976285564626365
3.7900000000000000355,0.016603148220602513552,0.049472923858942037534,0.001895867734082727846,0.035435376604750205842,0.00032706101153809054262,0.014056555865608598779
3.8000000000000002665,0.016385613136101505327,0.049218064433426668425,0.0018626274841205903501,0.035147382346782135576,0.00031290474322678287714,0.01389931242754616561
3.8100000000000000533,0.016171351117758345217,0.04896349350094274938,0.0018301038585255434334,0.03486149640124466126,0.0002992710803460481078,0.013743762534678460874
3.8200000000000002842,0.015960326101983588615,0.048709224767614703322,0.0017982822015708201536,0.034577691195826355808,0.00028614567932562067756,0.013589901219260593773
3.830000000000000071,0.01575250529486914991,0.048455267008485285174,0.001767147690079904623,0.03429593948611109333,0.00027351608921294493513,0.013437723210032967089
3.8399999999999998579,0.015547858954043780946,0.04820162463985171869,0.0017366852510624533439,0.03401621473178349786,0.00026137171021264703598,0.013287222825755430622
3.8500000000000000888,0.0153463601714197341724,0.047948298298168420817,0.001706879482821689652,0.03373849147619301797,0.00024970374657380070994,0.013138393877785510891
3.8599999999999998757,0.015147984657121310245,0.047695285423732802776,0.0016777145797688595118,0.033462745728203110995,0.00023850515399612761151,0.012991229581743138008
3.8700000000000001066,0.014952710524883909907,0.047442580847381100873,0.0016491742611792811063,0.03318895534526612734,0.00022777058165781498104,0.0128457224782965138965
3.8799999999999998934,0.014760518079212832723,0.047190177378438197264,0.0016212417041208107473,0.03291710041668007708,0.00021749630889198327322,0.01270186436309510454
3.8900000000000001243,0.0145713845220701559285,0.046938066392187248466,0.0015938994807786033107,0.032647163645999469073,0.00020768017646770534751,0.0125596462258653202015
3.8999999999999999112,0.014385256138915022625,0.046686238415152687964,0.0015671295003899373896,0.03237913073159005145,0.00019832150511276013167,0.012419058198673739099
3.9100000000000001421,0.014202069118914048204,0.046434683706522206226,0.0015409129559889750156,0.03211299074433327655,0.00018939082473984336901,0.0122800895133497265516
3.919999999999999929,0.014021762750126912089,0.046183392834069338095,0.0015152302761440106585,0.031848736501503105423,0.00018084674502199667395,0.012142728468046388307
3.9300000000000001599,0.013844279240743136497,0.045932357242976402933,0.0014900610818487629999,0.031586364935851103664,0.00017266971299554451872,0.012006962402903539888
3.9399999999999999467,0.013669563509415521077,0.04568156981599898886,0.0014653844935372225058,0.031325877115082521873,0.00016484086492144213953,0.011872777684761288627
3.9500000000000001776,0.01349756297555015222,0.04543102542345526379,0.00144120570723953699,0.031067252067398874738,0.00015734207492348905623,0.011740159700855659977
3.9599999999999999645,0.0133282273499934073024,0.045180721461565861996,0.001417524898507400077,0.030810478115433956314,0.0001501560027124533396,0.011609092861410992559
3.9700000000000001954,0.013161508426550314749,0.044930658377712255624,0.0013943275189460307886,0.030555562857870210286,0.00014326613964083209402,0.01147956061102540018
3.9799999999999999822,0.012997359874764908075,0.04468084018122361195,0.0013715992793036707251,0.030302518538628402806,0.00013665685236758103147,0.011351545448727606499
3.9900000000000002132,0.0128357370343893297665,0.04443127493834044678,0.0013493261080208640394,0.030051348127209314559,0.00013031342347055065579,0.011225028956564761171
4.0,0.012676596711966655814,0.044181975250041249925,0.0013274941106673674406,0.029801876883794601453,0.00012422208842424213517,0.011099991836562515465
4.009999999999999787,0.012519896979950368224,0.043932958711451260136,0.0013060895303830121102,0.029554070267689778323,0.000118370068458296397954,0.010976413955880125889
4.020000000000000462,0.012365596978782917095,0.043684248351583646053,0.0012851018762428246915,0.029307956204576046666,0.000112745598923624391744,0.010854274399966038281
4.0300000000000002487,0.012213656722355159881,0.043435873052188919696,0.0012645326287386692704,0.029063560532418250548,0.00010733795291338283707,0.010733551533502094094
4.0400000000000000355,0.012064036907268000515,0.043187867944510210938,0.0012443748116132691273,0.028820906905000866216,0.000102137460010067121843,0.01061422306890864517
4.0499999999999998224,0.011916698726317613566,0.042940274782760384786,0.0012246205868287221661,0.028580016711370660049,9.713552015284856577e-05,0.010496266142168420021
4.0600000000000004974,0.011771603686624507526,0.04269314229314842557,0.0012052624583469564393,0.02834090901097099241,9.232461273612993394e-05,0.010379657395713498894
4.0700000000000002842,0.011628713432825487847,0.042446526497292406954,0.0011862932339739792366,0.028103600484241694768,8.769830115686627647e-05,0.010264373068108583256
4.080000000000000071,0.011487989575744966125,0.042200491008859523923,0.0011677059878436744835,0.027868105398444163734,8.3251233120465171805e-05,0.010150389090254081231
4.089999999999999858,0.011349393526958679104,0.04195510730227524493,0.0011494940236179208067,0.027634435588456521954,7.897913708937505275e-05,0.010037681187825475346
4.0999999999999996447,0.011212886339657149662,0.041710454952340873802,0.0011316508384786314653,0.027402600452265522823,7.4878815310893136366e-05,0.009926224989660146353
4.1100000000000003197,0.011078428556209152928,0.04146662184359416886,0.0011141700879865751046,0.027172606960863401188,7.094813388691930474e-05,0.009815996141800439889
4.1200000000000001066,0.010945980062815855935,0.041223704348242649897,0.0010970455518813041623,0.026944459682237478781,6.7186010342644834925e-05,0.0097069704269017401815
4.1299999999999998934,0.010815499951634010428,0.040981688191680763766,0.0010802711008961244071,0.02671816081911855198,6.359239910585190675e-05,0.009599123888716670772
4.1399999999999996803,0.010686946390732218401,0.040740168107388320673,0.0010638406646618500054,0.026493710260132238843,6.016827206531785607e-05,0.009492432958246267358
4.1500000000000003553,0.010560276502225959122,0.0404991832864432591,0.0010477482007727732284,0.02627110564397401593,5.6914218947630971666e-05,0.0093868732134314274845
4.160000000000000142,0.010435428595705863175,0.04025882672557084402,0.0010319876650880003503,0.026050342436205603525,5.3831543071716076148e-05,0.009282420620724559854
4.169999999999999929,0.010312248364794933397,0.040019185392609998853,0.0010165529833407497499,0.025831414018246550562,5.0923351239500483844e-05,0.009179052790903243983
4.1799999999999997158,0.010190761990418241781,0.039780255402891560867,0.0010014380241274943844,0.025614311788112097135,4.8181362214068897197e-05,0.009076748204725332975
4.190000000000000391,0.0100709978540418944315,0.039542047168142226143,0.0009866365733476492421,0.025399025272425122812,4.5577686760642638082e-05,0.008975486360767875177
4.2000000000000001776,0.009952942892337925118,0.039304608836100450586,0.00097214231016298693205,0.025185542249208082988,4.310386894492856827e-05,0.008875247993681742095
4.2099999999999999645,0.009836585062833925683,0.039067983321972511723,0.0009579487845438820325,0.024973848880939463618,4.075235488609379081e-05,0.008776035821156573033
4.2199999999999997513,0.009721912758198896984,0.038832208463876395632,0.0009440493964669177543,0.024763929857339696261,3.8515781304485660445e-05,0.008677858191506539892
4.2300000000000004263,0.009608914231780634266,0.03859731719461286653,0.0009304373768251870437,0.024555768547332469665,3.638700138398985579e-05,0.008580711448028421201
4.240000000000000213,0.009497577035059857897,0.038363337729001550924,0.0009171057701088797514,0.024349347159610665314,3.4359112769354842722e-05,0.008484592203896452675
4.25,0.0093878874677945870625,0.038130293765990780352,0.000904047418909400928,0.02414464691122066714,3.2425487104151456735e-05,0.00838949724937044887
4.259999999999999787,0.009279830041742452573,0.037898204704720987734,0.00089125495029546196544,0.023941648203565743525,3.057980044238310408e-05,0.008295423464138980407
4.270000000000000462,0.009173386958963103757,0.037667085873694078346,0.0008787207641042689421,0.023740330805217497306,2.8816063823404450468e-05,0.008202367734843235211
4.2800000000000002487,0.009068537605814721084,0.037436948772175362987,0.0008664370231853637432,0.023540674040915261778,2.712865328935836211e-05,0.008110326877825107042
4.2900000000000000355,0.008965258063862138055,0.03720780132293071557,0.0008543956456288682739,0.023342656986125680935,2.5512338647797991212e-05,0.008019297567140322436
4.2999999999999998224,0.0088635206390061237886,0.036979648135380703555,0.0008425882990041546781,0.023146258666530021564,2.396231033784975342e-05,0.00792927626787491395
4.3100000000000004974,0.0087632934102180835845,0.036752490778233962154,0.0008310063966293947113,0.02295145826180298651,2.2474203841963760617e-05,0.007840259174799767139
4.3200000000000002842,0.008664539799319409888,0.03652632806064661647,0.0008196410958874177652,0.022758235313045851317,2.1044121190777472728e-05,0.0077522421563944723596
4.330000000000000071,0.008567218163274574125,0.036301156320940455857,0.0008084832985990204326,0.022566569933236836631,1.966864922831651873e-05,0.007665220704267203082
4.339999999999999858,0.008471281410470104731,0.036076969721903738575,0.0007975236534617276144,0.022376443020064369638,1.8344874430657910077e-05,0.0075791898879926213398
4.350000000000000533,0.008376676642423697139,0.0358537605516900601,0.00078675256056027456815,0.02218783647051177435,1.707039419558249469e-05,0.007494144315383941511
4.3600000000000003197,0.008283377960002393306,0.03563151952932772787,0.00077616613961167390135,0.022000727432095284336,1.5843324637089431332e-05,0.0074100780982091071433
4.3700000000000001066,0.008191416181936134536,0.03541023611384997577,0.0007657722033397302121,0.02181508255009581218,1.4662305022075359677e-05,0.007326984823353838161
4.3799999999999998934,0.00810079993468956934,0.035189898816059474174,0.00075556599551663704197,0.021630882466000381226,1.35264990743952364055e-05,0.0072448575294267415423
4.3899999999999996803,0.008011533865889011036,0.03497049551194379019,0.0007455421169493401572,0.021448110114189067321,1.24355934439742412355e-05,0.0071636886887930222717
4.4000000000000003553,0.007923618789199126516,0.034752013756766460262,0.00073569528288998191617,0.021266750192924552265,1.1389793698960693332e-05,0.007083470195014333372
4.410000000000000142,0.007837051517618136981,0.034534441098867559028,0.00072602031645576411804,0.021086789399904604103,1.0389818254576989919e-05,0.0070041933556626552806
4.419999999999999929,0.0077518247209945115306,0.03431776539221848693,0.00071651216081381342415,0.02090821666702729828,9.436890716619157377e-06,0.0069258488904657741075
4.4299999999999997158,0.0076679268080211615208,0.03410197510678995153,0.00070716966097175292146,0.020731023393781664726,8.532731212221620021e-06,0.006848426934731490466
4.440000000000000391,0.007585341832933161464,0.03388705963580589814,0.0006979942922301440129,0.020555203678683554858,7.679547439460766172e-06,0.006771917047986620447
4.4500000000000001776,0.0075040494270948486857,0.03367300959897258361,0.0006889859644632121251,0.020380754548183201147,6.880026439958349242e-06,0.0066963082277558183195
4.4599999999999999645,0.007424024755612563392,0.03345981714078782171,0.0006801442807707372114,0.020207676182474688942,6.1373285456842325617e-06,0.00662158892839395663
4.4699999999999997513,0.0073452384990536495613,0.033247476223053622213,0.00067146854178873273573,0.020035972137640280233,5.455085613331759817e-06,0.006547747084874890565
4.4800000000000004263,0.007267656860292631346,0.033035982910731606643,0.00066295775124811204704,0.019865635417018086273,4.8347593376726890555e-06,0.0064747701414282947743
4.490000000000000213,0.0071912415964456889717,0.03282533565029856909,0.00065461062279093169564,0.019696541706190930088,4.257096650630282928e-06,0.006402645084905973956
4.5,0.0071159500757980165275,0.032615535539775121487,0.0006464255880453439237,0.019528672135461527803,3.7154660003849563102e-06,0.006331358482748877803
4.509999999999999787,0.007041735359579894861,0.03240658658961756422,0.00063840080595150194755,0.019362041262003221176,3.2076006286353879525e-06,0.006260896525416922813
4.520000000000000462,0.0069685463084101185657,0.032198495973676806436,0.000630534173321368953,0.019196662501469854978,2.7313118272742415552e-06,0.006191245073135121825
4.5300000000000002487,0.0068963277132053548563,0.03199127426944262803,0.00062282333660597876367,0.019032548052408726491,2.2845070420630609976e-06,0.0061223897068021781998
4.5400000000000000355,0.006825020450355183052,0.031784935686803669763,0.0006152657048342411415,0.018869708830840301733,1.8652387185393785107e-06,0.006054315782901144305
4.5499999999999998224,0.0067545646659411253884,0.031579498284564591626,0.000607858463678165057,0.018708154414895369205,1.4718294198198608995e-06,0.005987008492246892813
4.5600000000000004974,0.0066849673591854964425,0.031374984173971560975,0.00060059859059046968865,0.018547892999392388141,1.103224143453759251e-06,0.005920452922401157718
4.5700000000000002842,0.0066162570316647796934,0.031171419708504767565,0.0005934828709522460815,0.018388931360230224843,7.602073163594415089e-07,0.005854634123583738782
4.580000000000000071,0.006548446894938344219,0.030968835659203820115,0.0005865079151607218355,0.018231274828460781318,4.5133935794655006778e-07,0.0057895371779075940205
4.589999999999999858,0.0064815443277841692724,0.03076726737479745441,0.00057967017658050164295,0.018074927273896344154,2.3907019462486869724e-07,0.005725147271766441691
4.600000000000000533,0.0064155512022340301093,0.030566754925913236507,0.0005729659702759880681,0.01791989109809364808,3.2818435798959340358e-07,0.0056614497712058325235
4.6100000000000003197,0.0063504642370552054353,0.030367343232647461826,0.00056639149243821571185,0.017766167236544404967,5.7507696771335356677e-07,0.0055984303001127711658
4.6200000000000001066,0.0062862830622799781982,0.030169074479585451798,0.00055994284041613285804,0.017613755169888115765,8.406018382029666106e-07,0.005536074821064451007
4.6299999999999998934,0.006223044301758014034,0.029971954092947655085,0.00055361603326054963526,0.017462652943948914208,1.1045816138335357782e-06,0.0054743697186840963725
4.6399999999999996803,0.0061607471586386484963,0.029775848298897636401,0.0005474070326885294808,0.017312857198383126839,1.3635857003020984982e-06,0.005413301885360337698
4.6500000000000003553,0.0060993795972111679304,0.029580641351781452458,0.00054131176437705107,0.017164363203709016859,1.61718989182522695e-06,0.005352858809196607559
4.660000000000000142,0.0060389259055175512417,0.029386352936128217611,0.00053532613949721719396,0.017017164906474889496,1.8656785320288061443e-06,0.005293028664068362768
4.669999999999999929,0.0059793670457676363975,0.029193000548644716663,0.00052944607640414986533,0.016871254982305974868,2.109447595061222738e-06,0.005233808023647268555
4.6799999999999997158,0.005920681023316646044,0.029000599543642868738,0.0005236675224029439411,0.01672662489655540527,2.348797246183550588e-06,0.0051752291543071060956
4.690000000000000391,0.005862843273262695852,0.028809163188009152129,0.0005179864755175131799,0.016583264972269352172,2.5838436589167894084e-06,0.005117292845354054834
4.7000000000000001776,0.0058058270638345092426,0.028618702725311993829,0.0005123990061968252503,0.016441164465161743624,2.8144762498204145521e-06,0.005059994190587275946
4.7099999999999999645,0.0057496039158956759735,0.028429227448630897679,0.0005069012789017060148,0.016300311645279973172,3.0403356967433656737e-06,0.0050033283532248630163
4.7199999999999997513,0.005694144038093373883,0.028240744781680007097,0.00050148957352501636036,0.016160693885029931566,3.2608030779247484525e-06,0.0049472905326465822437
4.7300000000000004263,0.0056394167774262930065,0.028053260367786686524,0.00049616030660837035903,0.016022297753216053345,3.4749957165754927124e-06,0.004891875933705693881
4.740000000000000213,0.0055853910852990814803,0.027866778166274974726,0.00049091005232956581167,0.015885109114740891822,3.6817673771269966892e-06,0.0048370797386221653716
4.75,0.005532035999467395382,0.027681300555792594936,0.00048573556324635498976,0.01574911323559841439,3.879711365094712609e-06,0.004782897081466366135
4.759999999999999787,0.0054793211426573500133,0.027496828444110596457,0.00048063379079393858282,0.0156142948927863456365,4.067165536845598202e-06,0.004729323025239230531
4.770000000000000462,0.0054272181188040023725,0.027313361383914658287,0.00047560190554545055727,0.015480638488754933785,4.2422184924032405905e-06,0.0046763525415513132813
4.7800000000000002487,0.005375813295627359517,0.027130897694098835005,0.00047063731725656296695,0.0153481281700033472815,4.402716407188991807e-06,0.0046239804928996245184
4.7900000000000000355,0.0053251660144776908484,0.026949434586064184571,0.00046573769472698094314,0.015216747949429430126,4.5469836908267733628e-06,0.0045722008870871929873
4.7999999999999998224,0.00527525679581329187,0.026768968294518517836,0.00046090098552288870154,0.01508648183203537517,4.673673617632270436e-06,0.004521007017310965659
4.8100000000000004974,0.0052260643165507212823,0.02658949421226680307,0.000456125435615102842,0.0149573139435889047866,4.7801031948995503936e-06,0.0044703931702871268702
4.8200000000000002842,0.0051775662246563644575,0.026411007028477522657,0.00045140960899765178753,0.014829228661838774611,4.863362196406167941e-06,0.004420353498665553424
4.830000000000000071,0.005129739954220976887,0.02623350086990564392,0.00044675240736047686085,0.014702210749883171462,4.9203962916252777426e-06,0.0043708819983611073984
4.839999999999999858,0.005082563536933927019,0.026056969444550898835,0.00044215808709339765635,0.01457624047707670005,4.9628398129664308655e-06,0.004321972507006701693
4.850000000000000533,0.0050360164063570269505,0.025881406187227368187,0.00043763377083060967182,0.014451296281002232527,5.001400926444466413e-06,0.004273618704905992813
4.8600000000000003197,0.004990080191935479699,0.025706804406520136763,0.00043318079938168592294,0.01432736360087329304,5.0363275365116183847e-06,0.0042258141184484503128
4.8700000000000001066,0.004944739500259016582,0.025533157432604407927,0.00042880089424679771956,0.01420442884705493472,5.0678556500026953203e-06,0.004178552125944658656
4.8799999999999998934,0.0048999826816832200635,0.025360458765403923187,0.0004244961988354078379,0.014082479517325522875,5.0962090888622045234e-06,0.0041318259658350894176
4.8899999999999996803,0.0048558025810215305756,0.025188702222566951294,0.0004202692854479131066,0.013961504347181769026,5.121599225371421681e-06,0.004085628747220751422
4.9000000000000003553,0.0048121972716054072644,0.025017882086740959868,0.000416123161714298433,0.013841493459958989151,5.1442247422043856474e-06,0.0040399534626596273965
4.910000000000000142,0.004769170772565797453,0.024847993251630309114,0.00041206127645342858741,0.013722438516388593341,5.164271419909859524e-06,0.003994793003168381311
4.919999999999999929,0.004726733749695722492,0.024679031366325043795,0.00040808752490167904533,0.0136043328632200616335,5.181911954564244485e-06,0.003950140175364502855
4.9299999999999997158,0.0046849042006940578783,0.024510992977393574604,0.00040420625324324738897,0.013487171680539741803,5.197305808378279922e-06,0.003905987720680212643
4.940000000000000391,0.00464370812594579966,0.024343875668236557297,0.00040042226235683763946,0.013370952127422111241,5.21059909597724513e-06,0.0038623283365756284208
4.9500000000000001776,0.0046031707122071883684,0.024177678195204825584,0.0003967408106748084506,0.013255673485551872082,5.2219245089179909067e-06,0.0038191546996753783505
4.9599999999999999645,0.00456318758061991913,0.02401240061998910491,0.00039316761603167135145,0.013141337300455888798,5.2314012807655305807e-06,0.0037764594907497652833
4.9699999999999997513,0.004523711907579667374,0.023848044437795881678,0.00038970885635958047322,0.013027947504814412286,5.239135194736401899e-06,0.0037342354214590762172
4.9800000000000004263,0.004484735226024707741,0.02368461270082863196,0.00038637116906980057676,0.0129155061184507945204,5.2452186355370080146e-06,0.0036924752627772589042
4.990000000000000213,0.0044462496349580377455,0.02352211013660041039,0.00038316164894195456174,0.012804006778273164385,5.2497306865950258613e-06,0.0036511718750095469542
5.0,0.004408247805245259915,0.023360543260609111654,0.00038004894304273533672,0.012693441962148712884,5.252737273415059397e-06,0.003610318239317146776
