t,n2,n4,n10,n20,f2,f4,f10,f20
0.0,0.0,0.0,0.0,0.0,0.0,0.0,0.0,0.0
0.01,3.5166745488162055e-10,5.120125345955656e-15,1.1102230264346141e-16,1.1102230264346141e-16,2.5620372483189716e-08,3.1745286546271913e-13,5.7207488135812375e-28,2.7124907911176256e-51
0.02,5.626289095092444e-09,3.229690723274526e-13,4.44089210987436e-16,4.44089210987436e-16,2.0496297986551773e-07,1.0158491694807012e-11,1.1716093570214374e-24,5.688505487573911e-45
0.03,2.8479799641167757e-08,3.6821548204878505e-12,8.88178422698655e-16,8.88178422698655e-16,6.917500570461221e-07,7.714104630744073e-11,1.0134134900794748e-22,2.8373611734975223e-41
0.04,8.999567678203097e-08,2.0686066273753995e-11,6.661338456565036e-16,6.661338456565028e-16,1.6397038389241418e-06,3.250717342338244e-10,2.399455963179904e-21,1.1929660660276602e-38
0.05,2.1967032840925724e-07,7.888073424965229e-11,9.992007876019222e-16,9.99200787601817e-16,3.2025465603987147e-06,9.920402045709975e-10,2.7933343816314644e-20,1.293416400488676e-36
0.06,4.553926555915386e-07,2.354219907295927e-10,7.771563365691515e-16,7.771563365586123e-16,5.534000456368977e-06,2.4685134818381032e-09,2.0754708276827644e-19,5.950377659722676e-35
0.07,8.434177992619593e-07,5.933017376713917e-10,3.3306818333540467e-16,3.330684514545898e-16,8.787787761734073e-06,5.335430309831922e-09,1.1311789619079711e-18,1.5150505127427472e-33
0.08,1.4383350971591122e-06,1.3210984693976944e-09,7.771566267523755e-16,7.771570323352558e-16,1.3117630711393135e-05,1.040229549548238e-08,4.914085812592443e-18,2.5018311713020396e-32
0.09,2.3030302802590345e-06,2.676204532461491e-09,5.551120213004168e-16,5.551134075460067e-16,1.86772515402453e-05,1.8745274252708096e-08,1.795231595271087e-17,2.967980003926265e-31
0.1,3.50864192734475e-06,5.031461820211429e-09,9.992139352210134e-16,9.992026809254493e-16,2.5620372483189717e-05,3.174528654627192e-08,5.720748813581239e-17,2.7124907911176278e-30
0.11,5.1345122262437784e-06,8.905151671363382e-09,1.4434237577663981e-15,1.3322688648075785e-15,3.4100715775125506e-05,5.112610143563637e-08,1.6321964011487588e-16,2.0073109825768974e-29
0.12,7.268132071378741e-06,1.4994252345907734e-08,1.6663762287758129e-15,1.554313535277465e-15,4.4272003650951814e-05,7.89924314188193e-08,4.2505642550943015e-16,1.247884640984273e-28
0.13,1.0005080545664808e-05,2.421088556948764e-08,1.7831302169111996e-15,1.5543171200382305e-15,5.6287958345567805e-05,1.1786802677624936e-07,1.0252499447934451e-15,6.701602599235473e-28
0.14,1.3448958835885824e-05,3.772186120356062e-08,2.1434155820205197e-15,1.443298190575473e-15,7.030230209387259e-05,1.707337699146215e-07,2.316654513987525e-15,3.1772912128994777e-27
0.15,1.7711318632004035e-05,5.699121519730184e-08,3.229341642702736e-15,1.6653382638890875e-15,8.646875713076527e-05,2.4106576971075226e-07,4.948308057028686e-15,1.3529592387664425e-26
0.16,2.2911585071696296e-05,8.382563880343464e-08,5.0332965970648866e-15,1.6653461695135048e-15,0.00010494104569114508,3.328734558554362e-07,1.0064047744189323e-14,5.246720244558415e-26
0.17,2.917697428394119e-05,1.2042267761417833e-07,8.801844666129533e-15,1.4433061559301197e-15,0.00012587289000991108,4.5073767319730007e-07,1.9606091014107078e-14,1.8741123447954396e-25
0.18,3.6642405607835566e-05,1.6942158371732244e-07,1.619036514278547e-14,1.443316385314473e-15,0.0001494180123219624,5.998487760866591e-07,3.6766343071151864e-14,6.224305201193975e-25
0.19,4.5450408548129945e-05,2.3395668832191933e-07,3.009337085150784e-14,1.887397527422418e-15,0.00017573013486219826,7.860447227193733e-07,6.664115103857575e-14,1.937286679997038e-24
0.2,5.575102454857542e-05,3.177131612626141e-07,5.365380768812978e-14,1.3323226857307956e-15,0.00020496297986551774,1.0158491694807014e-06,1.1716093570214378e-13,5.688505487573915e-24
0.21,6.770170365098653e-05,4.249850076539799e-07,9.550265136652038e-14,1.5543472650686238e-15,0.00023727026956681989,1.2965095652891562e-06,2.0038495956511107e-13,1.5847963483675342e-23
0.22,8.146719613794871e-05,5.60735167821248e-07,1.6565215961386334e-13,1.9984270434970426e-15,0.00027280572620100405,1.6360352459403638e-06,3.342738229552658e-13,4.2096362417331055e-23
0.23,9.721943923116146e-05,7.306575495070403e-07,2.798255942406776e-13,1.5543657179973194e-15,0.00031172307200296926,2.043235528450914e-06,5.450785292154725e-13,1.0706630843821127e-22
0.24,0.00011513743893770809,9.412408422789317e-07,4.642945637352367e-13,2.2204819633145188e-15,0.0003541760292076145,2.5277578054022177e-06,8.70515559443313e-13,2.61700377060945e-22
0.25,0.0001354071471508793,1.1998339527644778e-06,7.533424699956374e-13,1.6654124629866565e-15,0.00040031832004983926,3.100125639284366e-06,1.3639328035309877e-12,6.167490007823345e-22
0.26,0.000158221334080174,1.5147128768941862e-06,1.200189964320139e-12,1.2213725307082463e-15,0.00045030366676454244,3.7717768568399796e-06,2.0997118869369756e-12,1.405427929419187e-21
0.27,0.00018377945613426492,1.89514885230602e-06,1.8795278493523133e-12,1.1103263606066878e-15,0.0005042857915866232,4.55510164340807e-06,3.1801989140748763e-12,3.1046119140510122e-21
0.28,0.00021228751934634116,2.3514776029169912e-06,2.895125536580542e-12,1.110393102968687e-15,0.0005624184167509807,5.463480637267888e-06,4.744508444646451e-12,6.6632626217145655e-21
0.29,0.00024395793845493702,2.8951694968944064e-06,4.39099618273639e-12,1.110362947739979e-15,0.0006248552644925137,6.511323023982783e-06,6.979605176724785e-12,1.3922788578741896e-20
0.3,0.0002790093917490437,3.538900432163472e-06,6.565203072004768e-12,9.994446418338098e-16,0.0006917500570461221,7.714104630744072e-06,1.0134134900794748e-11,2.8373611734975225e-20
0.31,0.00031766667179542303,4.29662326605689e-06,9.684807178333576e-12,1.221463385900765e-15,0.0007632565166467047,9.088406020714869e-06,1.4535551406001418e-11,5.648899431243578e-20
0.32,0.0003601605321606756,5.1836395966220575e-06,1.4107228949854342e-11,1.6654438662453753e-15,0.0008395283655291606,1.0651950587373958e-05,2.0611169780099734e-11,1.100316985431617e-19
0.33,0.00040672753025124527,6.216671702414672e-06,2.030600850406042e-11,1.8875385880944116e-15,0.0009207193259283888,1.2423642648859642e-05,2.8913869587429926e-11,2.0997181866015347e-19
0.34,0.0004576098663916714,7.413934450576093e-06,2.8903329061165858e-11,1.998589680983408e-15,0.0010069831200792887,1.4423605542313602e-05,4.0153274396891295e-11,3.9302984521124457e-19
0.35000000000000003,0.0005130552192669349,8.795206977233997e-06,4.0708891568411796e-11,1.776584707567344e-15,0.0010984734702167592,1.6673219718224756e-05,5.523334774941266e-11,7.22432381030439e-19
0.36,0.0005733165778620115,1.0381903945186716e-05,5.6768184374568345e-11,1.221597693277257e-15,0.0011953440985756991,1.919516083477309e-05,7.529747060971902e-11,1.3053314101294346e-18
0.37,0.0006386520700188661,1.2197146182914454e-05,7.842099935633756e-11,8.886088116381151e-16,0.0012977487273910084,2.2013437852173576e-05,1.017822023710043e-10,2.3206223885026843e-18
0.38,0.0007093247877543977,1.4265830510346695e-05,1.0736936997967178e-10,1.1106597061929029e-15,0.001405841078897586,2.5153431127019946e-05,1.3648107732700313e-10,4.062784635529148e-18
0.39,0.0007856026094687704,1.661469855442781e-05,1.4576231705831772e-10,1.1109787432493147e-15,0.0015197748753303306,2.86419305066286e-05,1.8161995197032444e-10,7.01011302141459e-18
0.4,0.0008677580191771393,1.9272404362187764e-05,1.9629520207402025e-10,1.111209556292261e-15,0.001639703838924142,3.2507173423382445e-05,2.3994559631799046e-10,1.1929660660276612e-17
0.41000000000000003,0.000956067922916042,2.226958061567038e-05,2.623264327900052e-10,1.3329361449808141e-15,0.0017657816919139184,3.6778882989074754e-05,3.1482941552700413e-10,2.003684153714023e-17
0.42,0.0010508134624508793,2.563890325951522e-05,3.480162403407093e-10,1.3327298350623771e-15,0.001898162156534559,4.1488306089253e-05,4.1038839718934747e-10,3.323558831571671e-17
0.43,0.0011522798264376256,2.9415154351157014e-05,4.584868332232947e-10,1.3327008717469001e-15,0.002036998955020964,4.66682514775628e-05,5.316256057548467e-10,5.447607882332782e-17
0.44,0.0012607560591763982,3.3635282945391135e-05,6.000117296021704e-10,1.4438690919208304e-15,0.0021824458096080324,5.235312787009164e-05,6.845927894123844e-10,8.828247063623066e-17
0.45,0.00137653486710509,3.83384638298801e-05,7.80233032622327e-10,1.5551008768482202e-15,0.0023346564425306628,5.8578982039712815e-05,8.76577927378461e-10,1.4152431506759019e-16
0.46,0.001499912423179995,4.356615392987048e-05,1.0084128912255132e-09,1.6672446497192517e-15,0.002493784576023754,6.538353691042925e-05,1.1163208278332878e-09,2.2453432287381163e-16
0.47000000000000003,0.0016311881692878186,4.9362146205893786e-05,1.295722166513531e-09,2.003097325756273e-15,0.002659983932322206,7.280622965171738e-05,1.4142601896675791e-09,3.5271447995374193e-16
0.48,0.0017706646168410963,5.577262086638314e-05,1.6555718531932014e-09,2.0130671759862397e-15,0.002833408233660916,8.088824977287097e-05,1.782815865739905e-09,5.488254691541149e-16
0.49,0.0019186471457044204,6.284619373018889e-05,2.1039893962633213e-09,2.2527775844218126e-15,0.0030142112022747865,8.967257721734507e-05,2.236710412499607e-09,8.462251977697182e-16
0.5,0.0020754438016035337,7.063396157109818e-05,2.6600460175464733e-09,2.51140466994701e-15,0.003202546560398714,9.920402045709971e-05,2.7933343816314628e-09,1.2934164004886744e-15
0.51,0.0022413650921658864,7.918954428313751e-05,3.346340754734858e-09,3.2414741726704182e-15,0.003398568030267599,0.00010952925458694388,3.4731602048760242e-09,1.9603877068662795e-15
0.52,0.0024167237817446035,8.856912371287833e-05,4.189544026581148e-09,3.4191645388600432e-15,0.0036024293341163395,0.00012069685941887935,4.300209944446926e-09,2.947395993037307e-15
0.53,0.002601834685176375,9.883147900685302e-05,5.221011467925256e-09,4.643007646581524e-15,0.0038142841941798352,0.0001327573575764445,5.3025826295997844e-09,4.397051315450032e-15
0.54,0.0027970144606286897,0.0001100380183308653,6.477465143046227e-09,6.348162250548074e-15,0.004034286332692986,0.00014576325258905824,6.5130473760253466e-09,6.5108430847759084e-15
0.55,0.0030025814016804058,0.00012225280682124476,8.001757299695473e-09,8.8961591066861e-15,0.0042625894718906895,0.0001597690669863637,7.969708989984179e-09,9.57160464561892e-15
0.56,0.0032188552287949032,0.00013554259063641675,9.84371665266789e-09,1.3151279360467643e-14,0.004499347334007846,0.00017483138039257242,9.716753294635932e-09,1.3973874533653945e-14
0.5700000000000001,0.003446156880331871,0.00014997681698345969,1.2061085398295414e-08,1.890133717654335e-14,0.004744713641279354,0.0001910088676208078,1.1805279983030589e-08,2.0264702928236294e-14
0.58,0.003684808303249403,0.00016562764999553171,1.4720554309885111e-08,2.7310944609854333e-14,0.00499884211594011,0.00020836233676744905,1.429423140193236e-08,2.9198203913485725e-14
0.59,0.003935132243646044,0.00018256998235259683,1.7898900004792517e-08,3.9271487847328956e-14,0.00526188648022502,0.0002269547673064757,1.72514263042722e-08,4.180810825515581e-14
0.6,0.0041974520372950975,0.00020088144253737684,2.1684231482573158e-08,5.586048747492856e-14,0.005534000456368977,0.0002468513481838103,2.0754708276827644e-08,5.950377659722676e-14
0.61,0.004472091400313931,0.00022064239762642986,2.6177353585462668e-08,7.890444048184511e-14,0.005815337766606884,0.00026811951591166315,2.4893219254989313e-08,8.4196649116063e-14
0.62,0.004759374220120596,0.00024193595152380797,3.149325249959951e-08,1.1198420911605612e-13,0.006106052133173638,0.0002908289926628758,2.9768809279490904e-08,1.1846600740031333e-13
0.63,0.005059624346824212,0.0002648479385592213,3.776270544537942e-08,1.5798105401335573e-13,0.0064062972783041384,0.000315051824365265,3.5497594432080745e-08,1.6577529558749059e-13
0.64,0.005373165385190684,0.0002894669123665744,4.513402499665564e-08,2.2118860868541142e-13,0.006716226924233285,0.00034086241879596665,4.2211675709644256e-08,2.3075319666318863e-13
0.65,0.005700320487326054,0.0003158841299739139,5.37749446616393e-08,3.0872361744839106e-13,0.007035994793195975,0.0003683375836757793,5.0061032460617434e-08,3.1955731388261186e-13
0.66,0.006041412146231014,0.00034419353105098017,6.387463925623264e-08,4.28223263510778e-13,0.007365754607427111,0.00039755656476350856,5.921560491505649e-08,4.403428194467782e-13
0.67,0.006396761990351696,0.00037449171224925395,7.564589499509368e-08,5.908914286233687e-13,0.007705660089161589,0.0004286010839503103,6.986758129186148e-08,6.038639856808458e-13
0.68,0.006766690579276631,0.0004068778965981004,8.932742843409746e-08,8.11469201859357e-13,0.00805586496063431,0.0004615553773540353,8.223390596483337e-08,8.24243325944452e-13
0.6900000000000001,0.0071515172007125555,0.0004414538979131484,1.051863504792405e-07,1.1081321826829881e-12,0.008416522944080173,0.0004965062334135723,9.655902621493334e-08,1.11995140240503e-12
0.7000000000000001,0.0075515596688736485,0.00047832408018454273,1.2352078798706523e-07,1.5067814377008625e-12,0.008787787761734073,0.0005335430309831922,1.1311789619079712e-07,1.5150505127427472e-12
0.71,0.007967134124421318,0.0005175953119293447,1.4466264696775144e-07,2.039238079969798e-12,0.009169813135830911,0.0005727577774268919,1.3221925784473993e-07,2.0407678109920137e-12
0.72,0.00839855483607858,0.000559376915486557,1.6898052833484867e-07,2.747373061065213e-12,0.009562752788605593,0.0006142451467127389,1.5420921980870455e-07,2.737478377415764e-12
0.73,0.008846134004053572,0.0006037806112484505,1.9688278409816007e-07,3.685254088166521e-12,0.009966760442293011,0.0006581025175072137,1.794751564253967e-07,3.657196832578842e-12
0.74,0.009310181565395023,0.0006509204568315427,2.2882071170226942e-07,4.921805754198467e-12,0.010381989819128067,0.0007044300112695544,2.084499504558168e-07,4.866697883293181e-12
0.75,0.009791005001402113,0.0007009127811883018,2.652918778046849e-07,6.54556023006335e-12,0.01080859464134566,0.000753330530346101,2.4161660434710386e-07,6.451412385780542e-12
0.76,0.010288909147212151,0.000753876113684267,3.0684355922910124e-07,8.670301712524979e-12,0.011246728631180689,0.0008049097960646383,2.795132463657024e-07,8.520276923969224e-12
0.77,0.010804196003686007,0.0008099311081547504,3.540762869921613e-07,1.1438910501562921e-11,0.01169654551086805,0.0008592763868287406,3.2273855938197973e-07,1.1211752472472796e-11
0.78,0.011337164551698259,0.0008692004619765784,4.076474845200313e-07,1.5032446319729775e-11,0.012158199002642645,0.0009165417762121152,3.7195766163522446e-07,1.470127254308565e-11
0.79,0.011888110568952477,0.0009318088301842488,4.6827517233309366e-07,1.968006931900811e-11,0.012631842828739375,0.000976820371052946,4.2790847041414255e-07,1.9210434576231485e-11
0.8,0.012457326449430074,0.0009978827346863643,5.367417197650074e-07,2.5669368960691755e-11,0.013117630711393135,0.0010402295495482382,4.914085812592445e-07,2.5018311713020417e-11
0.81,0.013045101025572423,0.001067550468620959,6.138976187900495e-07,3.336122845884458e-11,0.013615716372838826,0.0011068896993481608,5.633626970316221e-07,3.247533717921547e-11
0.8200000000000001,0.0136517193933106,0.0011409419959178518,7.006652454028401e-07,4.3204603725155676e-11,0.014126253535311347,0.0011769242556503921,6.447706429993045e-07,4.2020302303296706e-11
0.8300000000000001,0.014277462740030441,0.0012181888461200963,7.980425814409839e-07,5.575888258467659e-11,0.0146493959210456,0.001250459739294462,7.367360059694401e-07,5.4201113951327324e-11
0.84,0.014922608175577962,0.0012994240045466048,9.071068470488263e-07,7.171846924612817e-11,0.015185297252276473,0.001327625794856096,8.404754374437836e-07,6.970008050748193e-11
0.85,0.015587428566395316,0.0013847817978630624,1.0290180110133444e-06,9.194214120136548e-11,0.01573411125123888,0.001408555228741562,9.573286627981961e-07,8.936464046456507e-11
0.86,0.01627219237288038,0.0014743977751494016,1.1650221169621937e-06,1.174871175692329e-10,0.016295991640167713,0.0014933840472820096,1.088769240585926e-06,1.1424461765649959e-10
0.87,0.0169771634900463,0.0015684085845459029,1.3164543848621088e-06,1.4965495171801453e-10,0.016871092141297873,0.0015822514948278168,1.2364161182412663e-06,1.4563728610433482e-10
0.88,0.017702601091579034,0.0016669518455748116,1.4847420146321152e-06,1.9004095498152204e-10,0.01745956647686426,0.0016753000918429326,1.4020460327165632e-06,1.851417598597124e-10
0.89,0.018448759477361812,0.0017701660172369362,1.6714066300280693e-06,2.4059349557984203e-10,0.01806156836910177,0.0017726756729992224,1.5876068069235105e-06,2.347244942488405e-10
0.9,0.01921588792454099,0.0018781902619783794,1.8780662962419285e-06,3.036880305519155e-10,0.018677251540245302,0.00187452742527081,1.7952315952710882e-06,2.967980003926269e-10
0.91,0.020004230542213095,0.0019911643056448754,2.10643701932408e-06,3.822129628851807e-10,0.01930676971252976,0.0019810079260284236,2.0272541340993526e-06,3.743152414532759e-10
0.92,0.020814026129798532,0.002109228293529411,2.3583336515726084e-06,4.796673434446063e-10,0.019950276608190032,0.002092273181133736,2.2862250554025733e-06,4.708826042834598e-10
0.93,0.02164550803915761,0.0022325226426278795,2.6356701112946816e-06,6.00283471448586e-10,0.02060792594946103,0.0022084826630337138,2.574929324918935e-06,5.908948325903372e-10
0.9400000000000001,0.02249890404052714,0.002361187890229515,2.940458809942818e-06,7.49163390030368e-10,0.021279871458577647,0.0023297993488549562,2.896404868439202e-06,7.396958770639498e-10
0.9500000000000001,0.02337443619231733,0.002495364538957643,3.2748091902973794e-06,9.324439709955404e-10,0.021966266857774787,0.0024563897584980424,3.2539624530554584e-06,9.237702751145556e-10
0.96,0.024272320714835736,0.002635192898391478,3.6409252592684065e-06,1.1574876578252839e-09,0.02266726586928733,0.002588423992731871,3.6512068930353253e-06,1.1509704302874904e-09
0.97,0.02519276786797723,0.002780812923397737,4.041102001169376e-06,1.43310320815693e-09,0.023383022215350203,0.0027260757712880123,4.092059653069128e-06,1.430786033027141e-09
0.98,0.026135981832932417,0.002932364049300412,4.477720551414199e-06,1.7698074242506878e-09,0.024113689618198292,0.002869522470955042,4.580782924799195e-06,1.77466286595316e-09
0.99,0.02710216059795854,0.003089985024029678,4.95324199896134e-06,2.1801208418234044e-09,0.024859421800066495,0.003018945163672892,5.122005255804446e-06,2.1963793858614688e-09
1.0,0.028091495848238827,0.003253813737377594,5.47019969793856e-06,2.6789189325197573e-09,0.025620372483189713,0.003174528654627191,5.720748813581236e-06,2.7124907911176244e-09
1.01,0.029104172859879814,0.0034239870475052,6.031189948316931e-06,3.2838293877181774e-09,0.026396695389802848,0.00333646152034361,6.382458370535748e-06,3.34285178924003e-09
1.02,0.030140370398068474,0.0036006406048379614,6.638860930090497e-06,4.015694072144919e-09,0.027188544242140792,0.003504936146782204,7.113032099586098e-06,4.111231000230032e-09
1.03,0.03120026061941838,0.0037839086734909643,7.2958997500797245e-06,4.899094148615538e-09,0.027996072762438446,0.003680148767431761,7.918854273665836e-06,5.046031894528116e-09
1.04,0.032284008978523474,0.0039739239503574384,8.005017502342146e-06,5.9629599511375916e-09,0.028819434672930716,0.003862299501404139,8.806829966227304e-06,6.1811374015901745e-09
1.05,0.03339177413875178,0.004170817382015884,8.76893221781888e-06,7.2412577044982904e-09,0.029658783695852495,0.004051592391528615,9.784421853765197e-06,7.55689787086266e-09
1.06,0.034523707887277336,0.004374717979586567,9.5903496285382e-06,8.773775008452129e-09,0.030514273553438682,0.004248235442446224,1.0859689225420358e-05,9.221284960298666e-09
1.07,0.035679955054374754,0.0045857526316803385,1.0471941679341275e-05,1.0607018777496513e-08,0.03138605796792418,0.004452440658704111,1.2041329308883436e-05,1.1231237311856459e-08
1.08,0.036860653436983165,0.004804045915586525,1.141632274930111e-05,1.2795222493536106e-08,0.032274290661543886,0.004664424082849864,1.333872102609991e-05,1.3654227596923966e-08
1.09,0.038065933726540435,0.005029719906834861,1.2426023606508627e-05,1.540149208490356e-08,0.033179125356532696,0.004884405833525866,1.4761971296684616e-05,1.6570084730990614e-08
1.1,0.039295919441089906,0.005262893987270638,1.3503463164113439e-05,1.8499093974075395e-08,0.034100715775125516,0.0051126101435636385,1.63219640114876e-05,2.0073109825769008e-08
1.11,0.040550726861665054,0.00550368465178719,1.4650918184675946e-05,2.2172902728068346e-08,0.03503921563955724,0.005349265398078182,1.803041180341632e-05,2.427452983452761e-08
1.12,0.04183046497293338,0.005752205313847166,1.5870491181675633e-05,2.65210213800775e-08,0.035994778672062765,0.005594604172562317,1.9899910747414388e-05,2.9305338926001437e-08
1.1300000000000001,0.04313523540810447,0.0060085661099248495,1.7164076891010388e-05,3.165659491309632e-08,0.036967558594877,0.005848863270981039,2.194399812642662e-05,3.53195844751692e-08
1.1400000000000001,0.04446513239807968,0.006272873703010673,1.8533327841953973e-05,3.770982999170596e-08,0.03795770913023483,0.0061122837638658495,2.4177213405246646e-05,4.24981622753566e-08
1.1500000000000001,0.045820242724833954,0.006545231085297785,1.9979619761915314e-05,4.4830234126247866e-08,0.03896538400037117,0.006385111026409109,2.6615162559349267e-05,5.1053194254976e-08
1.16,0.04720064567901155,0.006825737380188897,2.150401780962548e-05,5.318909775301166e-08,0.03999073692752088,0.0066675947765583695,2.9274585911157473e-05,6.123307173357442e-08
1.17,0.048606413021708594,0.007114487643738164,2.3107244952354906e-05,6.298223309796888e-08,0.04103392163391892,0.006959989113110745,3.217342963168702e-05,7.332825819694596e-08
1.18,0.050037608950426374,0.007411572665656322,2.478965420674322e-05,7.443298032512424e-08,0.04209509184180016,0.0072625525538072225,3.533092107114947e-05,8.767795784351652e-08
1.19,0.05149429006915878,0.0077170787699916915,2.6551207000802343e-05,8.779550987443055e-08,0.04317440127339949,0.007575548073427018,3.8767648087885864e-05,1.0467776990129158e-07
1.2,0.05297650536259338,0.008031087615608619,2.8391460521760147e-05,1.0335841465638546e-07,0.04427200365095182,0.00789924314188193,4.2505642550943016e-05,1.247884640984273e-07
1.21,0.05448429617438394,0.008353675996564967,3.0309567771054775e-05,1.2144862639155875e-07,0.04538805269669205,0.008233909762310672,4.6568468197701405e-05,1.4854602986923467e-07
1.22,0.056017696189464034,0.008684915642503637,3.230429503141693e-05,1.4243564328371757e-07,0.04652270213285507,0.00857982450917322,5.098131303421811e-05,1.7657317108704975e-07
1.23,0.05757673142036382,0.009024873019151652,3.437406271739832e-05,1.6673609279738256e-07,0.04767610568167579,0.008937268566345162,5.577108647236215e-05,2.0959243955102785e-07
1.24,0.05916142019748701,0.009373609129034748,3.651701715807072e-05,1.9481861286192737e-07,0.0488484170653891,0.009306527765212026,6.096652140439737e-05,2.484412243515819e-07
1.25,0.06077177316330383,0.009731179312488989,3.8731142763495076e-05,2.272090652431672e-07,0.050039790006229906,0.009687892622763645,6.659828142241151e-05,2.940888408576653e-07
1.26,0.062407793270419995,0.010097633049064735,4.101442636890353e-05,2.6449604821715413e-07,0.05125037822643311,0.01008165837968848,7.269907339690137e-05,3.4765599269189706e-07
1.27,0.06406947578346643,0.010473013759406007,4.336508834428474e-05,3.073367065812485e-07,0.0524803354482336,0.010488125038467985,7.930376563590782e-05,4.1043691299699397e-07
1.28,0.06575680828476677,0.010857358607676344,4.578189832559785e-05,3.5646279809551153e-07,0.05372981539386628,0.010907597401470933,8.644951185335144e-05,4.839245278885994e-07
1.29,0.06746977068372596,0.011250698304607959,4.826459713159941e-05,4.126869756832947e-07,0.05499897178556605,0.011340385109047764,9.417588118265386e-05,5.698390256064782e-07
1.3,0.06920833522988927,0.011653056911244752,5.08144504204032e-05,4.769092315899859e-07,0.0562879583455678,0.011786802677624938,0.0001025249944793445,6.701602599235472e-07
1.31,0.07097246652961618,0.012064451643425648,5.343496356866226e-05,5.501234291509543e-07,0.05759692879610644,0.012247169537799269,0.00011154166716414863,7.87164466292793e-07
1.32,0.07276212156631054,0.012484892677083278,5.613279046806789e-05,6.334238351939898e-07,0.058926036859416886,0.012721810072432274,0.00012127355886603569,9.234658244884497e-07
1.33,0.07457724972414645,0.01291438295438422,5.891887033520609e-05,7.280115436076269e-07,0.06027543625773401,0.01321105365474451,0.0001317713301328781,1.082063462655983e-06
1.34,0.07641779281523312,0.01335291799076872,6.180982446729022e-05,8.352006558318977e-07,0.06164528071329271,0.01371523468640993,0.00014308880648573232,1.266394565298557e-06
1.35,0.07828368511015817,0.013800485682923977,6.482963664004077e-05,9.564240613701974e-07,0.0630357239483279,0.014234692635650218,0.0001552831501013123,1.4803943224196493e-06
1.36,0.08017485337183881,0.014257066117710512,6.801162328348884e-05,1.0932386487482238e-06,0.06444691968507447,0.014769772075329129,0.00016841503941597875,1.7285635394910593e-06
1.37,0.08209121689262606,0.014722631382076403,7.140066899719594e-05,1.2473297167558904e-06,0.06587902164576734,0.015320822721046847,0.00018254885695352305,2.0160448188606473e-06
1.3800000000000001,0.08403268753458916,0.01519714537396449,7.50556566698686e-05,1.4205143783453149e-06,0.06733218355264138,0.015888199469234313,0.00019775288568818348,2.3487083234565134e-06
1.3900000000000001,0.08599916977291726,0.01568056361422915,7.905195948706907e-05,1.614743677015923e-06,0.0688065591279315,0.01647226243524758,0.00021409951426369544,2.7332482440545862e-06
1.4000000000000001,0.08799056074237244,0.016172833059565052,8.34837911314806e-05,1.8321031421525826e-06,0.07030230209387259,0.01707337699146215,0.0002316654513987525,3.1772912128994778e-06
1.41,0.09000675028672254,0.016673891916430497,8.846614674340155e-05,2.0748114936789245e-06,0.07181956617269954,0.017691913805367315,0.00025053194981904234,3.6895180401285946e-06
1.42,0.09204762101108853,0.017183669455971183,9.413603790515747e-05,2.345217191801504e-06,0.07335850508664729,0.01832824887766054,0.0002707850400660274,4.279800296357524e-06
1.43,0.094113048337134,0.01770208582990916,0.00010065276253704552,2.645792553211457e-06,0.07491927255795072,0.01898276358034173,0.0002925157745428531,4.959353426143257e-06
1.44,0.09620290056102669,0.018229051887376658,0.00010819707823102156,2.9791251843301767e-06,0.07650202230884474,0.019655844694807644,0.0003158204821682269,5.740908254154224e-06
1.45,0.09831703891410853,0.018764468992660512,0.0001169693582168229,3.3479065761260786e-06,0.07810690806156424,0.020347884449946202,0.00034080103401976504,6.638902940150216e-06
1.46,0.1004553176261942,0.019308228843811125,0.0001271870520285403,3.7549178252414895e-06,0.07973408353834409,0.021059280560230837,0.00036756512035921243,7.669697651836384e-06
1.47,0.10261758399143124,0.019860213292068527,0.00013908196355573834,4.203012647483021e-06,0.08138370246141924,0.021790436263814852,0.00039622653944306786,8.85181445794978e-06
1.48,0.104803678436655,0.02042029416204608,0.00015289791806030598,4.695098191843832e-06,0.08305591855302454,0.022541760360625742,0.0004269054985335128,1.0206205199344062e-05
1.49,0.1070134345921605,0.020988333072608834,0.00016888928887154203,5.234114580641103e-06,0.08475088553539492,0.023313667250459556,0.00045972892753614567,1.1756550375278481e-05
1.5,0.10924667936482237,0.021564181258364637,0.00018732063650701034,5.8230148067407715e-06,0.08646875713076528,0.02410657697107523,0.0004948308057028687,1.3529592387664435e-05
1.51,0.11150323301349704,0.022147679391700297,0.0002084674663856773,6.464747517424563e-06,0.0882096870613705,0.024920915236288935,0.0005323525018503676,1.5555506819911576e-05
1.52,0.11378290922662672,0.022738657405255998,0.0002326179203516524,7.1622465450243145e-06,0.08997382904944551,0.025757113474068425,0.0005724431285569585,1.7868315791655906e-05
1.53,0.11608551520198387,0.023336934314751145,0.000260075123813683,7.918432845608993e-06,0.09176133681722516,0.026615608864627365,0.0006152599108131731,2.0506347828640514e-05
1.54,0.11841085172848217,0.023942318042051432,0.0002911599085534877,8.736236978908042e-06,0.0935723640869444,0.027496844378519698,0.0006609685696142945,2.3512749121151268e-05
1.55,0.12075871326997911,0.024554605238362004,0.0003262136873821934,9.618653627311713e-06,0.0954070645808381,0.028401268814733968,0.0007097437209961631,2.693605151769439e-05
1.56,0.1231288880510134,0.02517358110742205,0.00036560133339331465,1.0568844123328925e-05,0.09726559202114116,0.029329336838787686,0.0007617692910289397,3.083080311627716e-05
1.57,0.12552115814439435,0.02579901922857022,0.00040971398732362463,1.159030885932381e-05,0.0991481001300885,0.03028150902082164,0.0008172389472971397,3.525826787719841e-05
1.58,0.12793529956058455,0.026430681379539273,0.00045897176930008926,1.2687159033202422e-05,0.101054742629915,0.03125825187369427,0.000876356547408164,4.028720129241301e-05
1.59,0.13037108233880507,0.027068317358830123,0.0005138264043654274,1.3864526633269818e-05,0.10298567324285557,0.03226003789107602,0.0009393366050857129,4.599470981132311e-05
1.6,0.13282827063979302,0.027711664807506142,0.0005747637882657822,1.512916276850018e-05,0.10494104569114508,0.03328734558554362,0.0010064047744189326,5.246720244558419e-05
1.61,0.13530662284015155,0.028360449030245368,0.0006423065261046576,1.6490286702535247e-05,0.10692101369701848,0.03434065952667451,0.0010777983528528607,5.9801443760828125e-05
1.62,0.13780589162822232,0.029014382815465648,0.0007170164761809941,1.7960759459752615e-05,0.1089257309827106,0.035420470379141145,0.0011537668035207622,6.810571831606608e-05
1.6300000000000001,0.14032582410141503,0.029673166254342433,0.0007994973278227264,1.9558662891015857e-05,0.11095535127045641,0.03652727494080532,0.0012345722975342364,7.750111753727107e-05
1.6400000000000001,0.14286616186493453,0.03033648655852703,0.0008903972373927907,2.130936146753933e-05,0.11301002828249078,0.03766157618081255,0.0013204902768625755,8.81229610159633e-05
1.6500000000000001,0.14542664113183815,0.031004017876359986,0.0009904115419689225,2.324810053755878e-05,0.11508991574104863,0.038823883277686384,0.0014118100384487276,0.00010012236531264954
1.6600000000000001,0.1480069928243611,0.03167542110735632,0.0011002855660072715,2.542314082618909e-05,0.1171951673683648,0.040014711657422784,0.0015088353402254134,0.000113667974525254
1.67,0.15060694267645547,0.03235034371476368,0.0012208175327815137,2.7899337452441558e-05,0.11932593688667419,0.04123458303158441,0.0016118850297114156,0.00012894786816123596
1.68,0.1532262113374719,0.03302841953593525,0.0013528615894895417,3.0761948974901765e-05,0.12148237801821178,0.04248402543539507,0.0017212936958848689,0.00014617166323642675
1.69,0.1558645144769337,0.03370926859030002,0.0014973309525990331,3.4120340088255326e-05,0.12366464448521246,0.043763573265833945,0.0018374123450474319,0.00016557282902175208
1.7,0.15852156289033953,0.03439249688465826,0.0016552011780907533,3.811118335228898e-05,0.12587289000991103,0.045073767319729986,0.0019606091014107057,0.00018741123447954357
1.71,0.16119706260594036,0.035077696215565696,0.0018275135596686753,4.290084458237551e-05,0.1281072683145425,0.046415154831856265,0.002091269933153917,0.00021197595018321942
1.72,0.16389071499243316,0.03576444396851633,0.002015378656647066,4.868688627494031e-05,0.1303679331213417,0.04778828951302431,0.0022297994047199765,0.00023958832840756343
1.73,0.1666022168675165,0.036452302913660965,0.0022199799519695275,5.5698980444938244e-05,0.13265503815254356,0.04919373158817844,0.0023766214561353784,0.0002706053871220953
1.74,0.1693312606072533,0.037140820997768324,0.0024425776396394903,6.419982976082534e-05,0.134968737130383,0.050632047834490136,0.0025321802101581133,0.000305423525828278
1.75,0.17207753425618444,0.03782953113212843,0.0026845125396732375,7.448679611620073e-05,0.13730918377709486,0.052103811619452337,0.0026969408080767866,0.00034448260356447104
1.76,0.1748407216381516,0.038517950976105525,0.0029472101374992555,8.689478755349847e-05,0.13967653181491407,0.05360960293897384,0.0028713902750035214,0.00038827041197331556
1.77,0.17762050246776154,0.03920558271601575,0.0032321847434159563,0.0001018006614168798,0.14207093496607556,0.05515000845547361,0.00305603841552291,0.00043732757909819035
1.78,0.1804165524624555,0.03989191283901024,0.003541043766408089,0.00011962912454908714,0.14449254695281416,0.056725621535975115,0.0032514187405793494,0.0004922529425629444
1.79,0.18322854345512646,0.04057641190164099,0.00387549209508548,0.00014085995628052605,0.1469415214973648,0.0583370422902007,0.0034580894265054778,0.0005537094340076876
1.8,0.18605614350724178,0.04125853429276403,0.004237336576903524,0.0001660363581315216,0.14941801232196242,0.05998487760866592,0.0036766343071151886,0.0006224305201193983
1.81,0.1888990170224135,0.041937717990443296,0.004628490585038772,0.00019577429644875838,0.15192217314884188,0.06166974120077388,0.003907663899805809,0.0006992272493269245
1.82,0.19175682486038564,0.04261338431250447,0.0050509786603054364,0.00023077279349100523,0.15445415770023807,0.06339225363290955,0.004151816466635474,0.0007849959572442204
1.83,0.194629224451374,0.04328493766038241,0.00550694121336654,0.00027182520238019144,0.15701411969838588,0.06515304236653416,0.0044097591113635955,0.0008807266882630779
1.84,0.19751586991073095,0.04395176525590693,0.0059986392701118045,0.00031983155883840456,0.15960221286552026,0.06695274179627955,0.00468218891346447,0.0009875123953382663
1.85,0.200416412153876,0.04461323687066659,0.00652845924048933,0.0003758121388759863,0.16221859092387608,0.06879199328804245,0.004969834100146698,0.0011065589849961696
1.86,0.2033304990114605,0.045268704547588245,0.007098917688276385,0.0004409223729699192,0.16486340759568824,0.07067144521707884,0.0052734552574339785,0.0012391962799564908
1.87,0.20625777534472103,0.04591750231437527,0.007712666076184905,0.0005164692800834697,0.16753681660319167,0.07259175300609837,0.005593846581386204,0.0013868899775105977
1.8800000000000001,0.20919788316097127,0.04655894588844237,0.008372495457391105,0.0006039295937116192,0.17023897166862118,0.0745535791633586,0.005931837170563486,0.0015512546879764165
1.8900000000000001,0.21215046172920485,0.047192332373001536,0.009081341080989626,0.0007049697596830127,0.17297002651421176,0.07655759332075943,0.0062882923608598125,0.0017340681441768808
1.9000000000000001,0.21511514769576034,0.0478169399439578,0.009842286875005027,0.0008214679929527095,0.1757301348621983,0.07860447227193736,0.006664115103857579,0.0019372866799970405
1.9100000000000001,0.21809157520000688,0.048432027527278286,0.010658569766447567,0.0009555385885257402,0.17851945043481562,0.08069490001035991,0.007060247389879079,0.002163062083696034
1.92,0.22107937599001806,0.049036834466534056,0.011533583793491462,0.001109558689895601,0.18133812695429863,0.08282956776741987,0.007477671716936346,0.002413759939818271
1.93,0.22407817953819192,0.04963058018032342,0.012470883960123117,0.001286197726511534,0.18418631814288236,0.08500917405052986,0.007917412606806487,0.0026919795822993933
1.94,0.22708761315677947,0.0502124638093103,0.013474189778626001,0.0014884497393467598,0.18706417772280162,0.0872344246812164,0.008380538169485575,0.0030005757907349347
1.95,0.23010730211328048,0.050781663852665145,0.014547388440018641,0.0017196688198852631,0.1899718594162913,0.08950603283321434,0.008868161717300992,0.003342682371814052
1.96,0.2331368697456787,0.0513373377937228,0.01569453754701961,0.001983607891957916,0.19290951694558633,0.09182471907056135,0.009381443429988751,0.0037217377786594014
1.97,0.236175937577468,0.05187862171474057,0.016919867338374202,0.00228446106687018,0.19587730403292156,0.09419121138569206,0.009921592072069853,0.004141512932303381
1.98,0.23922412543244523,0.05240462990069817,0.01822778232740476,0.0026269097989313882,0.19887537440053196,0.09660624523753254,0.010489866763887506,0.004606141421818151
1.99,0.24228105154922303,0.0529144544321662,0.019622862271473838,0.0030161730593390784,0.20190388177065238,0.0990705635895946,0.011087578807695201,0.005120152272753235
2.0,0.24534633269543324,0.05340716476737352,0.021109862382795032,0.003458061729632119,0.2049629798655177,0.1015849169480701,0.01171609357021437,0.005688505487573908
2.0100000000000002,0.24841958428158797,0.053881807313721566,0.022693712684643725,0.003959037389216048,0.20805282240736292,0.10415006339992543,0.012376832423109394,0.006316630576792988
2.02,0.2515004204745536,0.054337404989126245,0.024379516410632483,0.004526275632086413,0.21117356311842278,0.10676676865099552,0.013071274742857212,0.007010468315508308
2.0300000000000002,0.2545884543106145,0.05477295677376583,0.02617254733841379,0.005167733992213211,0.21432535572093236,0.10943580606407873,0.013800959971519188,0.007776515977162302
2.04,0.2576832978080861,0.055187437252993896,0.028078245942991208,0.005892224480693894,0.21750835393712634,0.11215795669703053,0.014567489739952328,0.008621876314594412
2.05,0.2607845620794409,0.055579796152441144,0.030102214248919977,0.006709490635038375,0.2207227114892397,0.1149340093408585,0.015372530055029471,0.009554310577936249
2.06,0.2638918574429177,0.05594895786662629,0.032250209255170116,0.007630288844601729,0.22396858209950757,0.11776476055781636,0.01621781355246763,0.010582295879673428
2.07,0.26700479353358053,0.05629382098274753,0.03452813480142519,0.008666473536793335,0.22724611949016452,0.12065101471949795,0.01710514181689677,0.011715087239351758
2.08,0.27012297941378893,0.056613257801756744,0.03694203174028699,0.009831085573882957,0.23055547738344573,0.12359358404493245,0.01803638777083352,0.012962784664019638
2.09,0.2732460236830501,0.056906113859341675,0.039498066276432646,0.011138442903637217,0.2338968095015858,0.12659328863867775,0.019013498134256006,0.014336405645660133
2.1,0.2763735345872193,0.057171207450039584,0.042202516331396905,0.012604232106249917,0.23727026956681996,0.12965095652891567,0.020038495956511124,0.01584796348367537
2.11,0.2795051201270107,0.057407329158476676,0.0450617557915743,0.014245598954700817,0.24067601130138278,0.1327674237055455,0.021113483222317094,0.017510551869030347
2.12,0.28264038816579284,0.057613241402592746,0.04808223649750002,0.016081235413300587,0.24411418842750945,0.13594353415827917,0.022240643533660894,0.019338436197060268
2.13,0.2857789465366274,0.057787677994836015,0.051270467834690706,0.018131459579918265,0.24758495466743463,0.1391801399147347,0.023422244869422144,0.02134715210828961
2.14,0.2889204031485273,0.05792934372857935,0.05463299379065831,0.0204182838462149,0.25108846374339344,0.14247810107853154,0.024660642424593277,0.023553611791034396
2.15,0.29206436609189135,0.058036913998642393,0.05817636734932871,0.022965464884568805,0.2546248693776205,0.14583828586738373,0.025958281530998363,0.025976218616165062
2.16,0.2952104437430929,0.05810903446672319,0.061907122103466626,0.025798526793254357,0.2581943252923511,0.14926157065119564,0.027317700661452615,0.02863499071334429
2.17,0.2983582448681792,0.05814432078491876,0.06583174097792192,0.028944745584910732,0.2617969852098197,0.1527488399901548,0.028741534519337843,0.03155169413943514
2.18,0.3015073787256605,0.05814135839341811,0.06995662197208505,0.032433078811245755,0.26543300285226157,0.1563009866728277,0.030232517215610093,0.03474998633376643
2.19,0.30465745516834947,0.05809870241202205,0.07428804084897835,0.036294017929498636,0.2691025319419113,0.1599189117542529,0.03179348553528974,0.03825557060166754
2.2,0.3078080847442146,0.0580148776495298,0.07883211072124789,0.0405593322305812,0.27280572620100413,0.16360352459403643,0.0334273822955266,0.042096362417331126
2.21,0.3109588787962306,0.0578883787605214,0.08359473851116223,0.045261660595833954,0.2765427393517746,0.16735574289444508,0.03513725979736739,0.04630266838976243
2.22,0.31410944956118014,0.057717670585809115,0.08858157829256862,0.05043388933384796,0.2803137251164579,0.17117649273850183,0.03692628337339662,0.05090737879153925
2.23,0.31725941026737975,0.057501188721336575,0.09379798155771439,0.05610822843277953,0.2841188372172887,0.17506670862807905,0.038797735033457514,0.055946174609480634
2.24,0.32040837523130233,0.05723734037094159,0.09924894449059095,0.06231486127959329,0.2879582293765021,0.17902733352199415,0.04075501721070467,0.061457750139341766
2.25,0.32355595995306524,0.05692450555183137,0.10493905237054081,0.0690799894015803,0.29183205531633283,0.18305931887410254,0.04280165661027641,0.06748405221347337
2.2600000000000002,0.32670178121074406,0.056561038738640025,0.11087242127442139,0.07642301749719181,0.295740468759016,0.18716362467139325,0.04494130816292172,0.07407053722127004
2.27,0.3298454571534985,0.056145271053727054,0.1170526372912408,0.08435251642614196,0.2996836234267862,0.19134121947208207,0.04717775908595303,0.08126644715735357
2.2800000000000002,0.33298660739346797,0.055675513139215066,0.12348269350754075,0.09286045289326686,0.30366167304187863,0.19559308044370718,0.04951493305394513,0.08912510601208865
2.29,0.3361248530964125,0.055150058882336546,0.13016492506170693,0.10191397498512804,0.30767477132652793,0.19992019340122213,0.05195689448163747,0.09770423790339285
2.3000000000000003,0.3392598170710716,0.05456719021250104,0.137100942595775,0.11144379099878927,0.31172307200296934,0.2043235528450915,0.0545078529215473,0.10706630843821142
2.31,0.34239112385721476,0.05392518324979052,0.14429156444691435,0.12132790099587379,0.31580672879343735,0.20880416199938395,0.05717216757883956,0.11727889088667398
2.32,0.3455183998123528,0.05322231616548632,0.1517367479070141,0.13136924154702417,0.31992589542016703,0.21336303284986782,0.059954351946050505,0.12841505885220905
2.33,0.34864127319708066,0.05245687922266179,0.1594355198221486,0.14126600830401922,0.3240807256053935,0.21800118618210482,0.0628590785603022,0.1405538072269723
2.34,0.35175937425904147,0.05162718760889583,0.1673859066819307,0.1505749547795994,0.32827137307135135,0.22271965161954385,0.06589118388569502,0.15378050333424162
2.35,0.35487233531546974,0.05073159786763652,0.17558486412907978,0.1586734648166562,0.3324979915402757,0.2275194676616168,0.06905567332361225,0.16818737027823533
2.36,0.3579797908342983,0.04976852899995216,0.18402820545520826,0.16474339169803812,0.33676073473440127,0.23240168172183112,0.07235772635371411,0.18387400464744635
2.37,0.36108137751381003,0.04873648967329164,0.19271052807148412,0.1678523218473411,0.34105975637596314,0.2373673501658659,0.07580270180845411,0.200947930850505
2.38,0.36417673436079984,0.04763411348075042,0.20162513605400376,0.1673717430803052,0.34539521018719593,0.24241753834966456,0.07939614328399025,0.21952519450403343
2.39,0.3672655027672434,0.04646020490567987,0.21076395552078583,0.1644698509573929,0.34976724989033486,0.24755332065753094,0.08314378469042295,0.23973099744049822
2.4,0.37034732658543973,0.04521379965488999,0.22011743759456237,0.16650969275349872,0.35417602920761454,0.25277578054022176,0.0870515559443313,0.261700377060945
2.41,0.3734218522016143,0.04389424446836276,0.22967444074629265,0.19458209682575078,0.35862170186127024,0.2580860105530428,0.09112558880664025,0.2855789329233425
2.42,0.37648872860796834,0.042501303604472636,0.23942207997187134,0.2799428295307889,0.3631044215735364,0.2634851123939415,0.09537222286889248,0.31152360363232523
2.43,0.37954760747315486,0.04103530225715385,0.2493455239173701,0.44781948639609925,0.3676243420666483,0.26897419694160307,0.09979801169106076,0.3397034972811115
2.44,0.382598143211168,0.039497321673109216,0.2594277118631388,0.7240712771896078,0.3721816170628406,0.27455438429354306,0.1044097290940787,0.37030077889154855
2.45,0.385639993048636,0.03788946744566863,0.26964894916604004,1.1494756606792922,0.3767764002843484,0.28022680380420345,0.10921437561033247,0.40351161850439066
2.46,0.3886728170905061,0.036215242483419285,0.2799863206006526,1.7873589482484171,0.3814088454534063,0.2859925941230452,0.11421918509539768,0.43954720378931716
2.47,0.39169627838410404,0.03448007111463487,0.2904128336188195,2.7318498980702595,0.3860791062922496,0.29185290323264435,0.11943163150437322,0.478634821273737
2.48,0.3947100429815759,0.032692042905947905,0.30089616457866925,4.120397734394311,0.3907873365231128,0.29780888848678483,0.12485943583620582,0.5210190105313687
2.49,0.3977137800006884,0.030862976562044377,0.31139682616316716,6.152288813519893,0.39553368986823123,0.30386171664855427,0.1305105732494684,0.5669627959269348
2.5,0.4007071616840029,0.02900994702304792,0.3218654981722377,9.1154291353748,0.40031832004983925,0.3100125639284366,0.13639328035309878,0.6167490007823345
2.5100000000000002,0.4036898634563969,0.0271574674413189,0.3322391607879822,13.424738751907144,0.4051413807901723,0.31626261602240846,0.1425160626756757,0.6706816491134722
2.52,0.40666156398095776,0.02534054561143701,0.3424355348174158,19.676965580983623,0.41000302581146486,0.3226130681500314,0.148887702316854,0.7290874603857973
2.5300000000000002,0.4096219452132294,0.023608757012243936,0.3523451694153061,28.728734607727734,0.4149034088359521,0.32906512509254826,0.15551726578465333,0.7923174430518007
2.54,0.41257069245383204,0.02203107904404386,0.3618203461052397,41.80744317755393,0.4198426835858688,0.3356200012309755,0.1624141120223392,0.8607485929654719
2.5500000000000003,0.41550749439943807,0.02070009905637714,0.3706598616225025,60.66851330880385,0.42482100378344995,0.3422789205841998,0.1695879006287123,0.9347857031184592
2.56,0.41843204319214244,0.01973195066612969,0.3785889123045055,87.81795282509502,0.42983852315093024,0.34904311684706985,0.17704860027566374,1.014863291510632
2.57,0.4213440344672031,0.019255868020998018,0.3852342462723458,126.82675668126993,0.4348953954105446,0.3559138334284929,0.18480649732693638,1.1014476543554916
2.58,0.42424316739919266,0.01938908750731416,0.3900977803808232,182.77422119523916,0.4399917742845284,0.36289232348952843,0.1928722046620751,1.195039052228677
2.59,0.42712914474655284,0.020204417951325725,0.39254031300447484,262.87187884076576,0.4451278134951159,0.3699798499814812,0.20125667070962472,1.296174037197245
2.6,0.4300016728945771,0.021711270536573235,0.39180942731182006,377.34004411349986,0.4503036667645424,0.377177685683998,0.20997118869369755,1.405427929419187
2.61,0.43286046189684274,0.023864466026250888,0.38720514753991625,540.6370229932324,0.45551948781504253,0.3844871132431594,0.2190274060980855,1.5234174521777046
2.62,0.43570522551510166,0.026591161304541394,0.37863424674011326,773.1797975775595,0.46077543036885155,0.3919094252095766,0.2284373343521764,1.6508035348148635
2.63,0.4385356812576615,0.029815937538599156,0.368200018864887,1103.7484425892915,0.46607164814820395,0.3994459240764833,0.23821335874297755,1.7882942935545498
2.64,0.4413515504162763,0.03347440218046444,0.3642112191583501,1572.8401074409117,0.4714082948753351,0.40709792231783276,0.24836824855764109,1.9366482007576014
2.65,0.4441525581015705,0.03751703255497617,0.388466818138409,2237.339531116225,0.4767855242724793,0.4148667424263889,0.25891516746092674,2.0966774537325024
2.66,0.44693843327703314,0.04190808280390994,0.4791101326508481,3177.0118578526863,0.4822034900618721,0.42275371695182434,0.26986768411213435,2.26925155483592
2.67,0.44970890879160896,0.046622937972650054,0.676573198746714,4503.513742164691,0.48766234596574776,0.43076018853881093,0.281239783026079,2.4553011152384117
2.68,0.4524637214109042,0.051645467172437565,1.015777960230535,6372.879060663498,0.4931622457063417,0.4388875099651178,0.2930458756827798,2.6558218954049995
2.69,0.45520261184707583,0.05696586833783629,1.5409777359473689,9002.791359916873,0.49870334300588837,0.4471370441797022,0.30530081189057645,2.8718790960477047
2.7,0.45792532478739395,0.06257905250734876,2.320372454909428,12696.440893331193,0.5042857915866232,0.455510164340807,0.3180198914074876,3.1046119140510124
2.71,0.46063160892156496,0.0684834761233352,3.4564448775735306,17875.426426801987,0.5099097451707806,0.4640082538540522,0.3312188758256678,3.355238378651236
2.72,0.4633212169678129,0.07468031004179385,5.098621047508932,25125.06422339412,0.5155753574805958,0.4726327064105321,0.3449140007239245,3.625060483970754
2.73,0.46599390569779114,0.08117285118051172,7.461736550491023,35256.69456237891,0.5212827822383034,0.48138492602490673,0.3591219880932979,3.91546963486749
2.74,0.46864943596034736,0.0879661061696607,10.852731717631361,49393.24614922494,0.5270321731661387,0.4902663270734991,0.3738600590408152,4.227952423963244
2.75,0.47128757270420296,0.09506649653785035,15.708703330352373,69086.58862640358,0.5328236839863361,0.49927833433238644,0.38914594677657094,4.564096758660747
2.7600000000000002,0.4739080849995784,0.10248165013248207,22.650778784659906,96478.2872595733,0.538657468421131,0.508422383015498,0.40499790988939977,4.925598357953474
2.77,0.476510746058828,0.11022025425901799,32.56013907738251,134519.56267245254,0.5445336801927578,0.5176999188127057,0.42143474591644525,5.314267639873419
2.7800000000000002,0.47909533325612375,0.11829195351102376,46.68507838134874,187271.94790960682,0.550452473023452,0.5271123979279225,0.43847580521204826,5.732037021515564
2.79,0.48166162814623653,0.12670728041456625,66.79153545483067,260317.8640477691,0.5564140006354478,0.5366612871171924,0.4561410051214143,6.180968654722478
2.8000000000000003,0.48420941648248017,0.135477610553597,95.37445625786745,361320.83936927735,0.5624184167509807,0.5463480637267888,0.47445084446464514,6.663262621714566
2.81,0.4867384882338528,0.1446151362891847,135.9541824162756,500789.38098729664,0.5684658750922852,0.5561742157313057,0.4934264183367517,7.181265616209121
2.82,0.48924863760145043,0.1541328548870846,193.49154091835166,693117.9489650131,0.5745565293815963,0.5661412417717541,0.5130894332293987,7.7374801368917625
2.83,0.4917396630341867,0.1640445680615724,274.9684465978242,958004.9725446856,0.5806905333411493,0.576250651193656,0.5334622224801656,8.334574221484926
2.84,0.4942113672438884,0.17436489078902567,390.1990090079869,1322383.9892338186,0.5868680406931783,0.5865039640851373,0.5545677620552241,8.975391751106773
2.85,0.4966635572198238,0.18510926785063783,552.961266319458,1823053.3720509063,0.5930892051599191,0.5969027113150241,0.576429686671415,9.662963356130724
2.86,0.4990960442426961,0.1962939970027135,782.5743675138459,2510257.706086594,0.5993541804636058,0.6074484345709353,0.5990723062637632,10.400517956343183
2.87,0.5015086438982047,0.20793625799486776,1106.0938765191106,3452566.5690304707,0.6056631203264741,0.6181426863973792,0.6225206228046044,11.191494969861816
2.88,0.5039011760901805,0.22005414689662667,1561.3637872444965,4743523.826277338,0.612016178470758,0.6289870302338446,0.6468003474805287,12.03955722701604
2.89,0.5062734650533853,0.2326667153739887,2201.254529516226,6510715.87748922,0.6184135086186932,0.6399830404528988,0.6719379182334927,12.948604627216028
2.9,0.5086253393660246,0.24579401469653273,3099.5408812872615,8928149.128344856,0.6248552644925139,0.6511323023982785,0.6979605176724788,13.922788578741907
2.91,0.5109566319620171,0.25945714436530865,4359.044790959441,12233161.162327824,0.6313415998144557,0.6624364124229872,0.7248960913622374,14.966527263383139
2.92,0.513267180143099,0.27367830533903015,6122.902701911196,16749552.720749037,0.6378726683067527,0.6738969779273868,0.7527733664956671,16.084521769943976
2.93,0.5155568255908001,0.2884808579080161,8590.138264551648,22919268.981095977,0.6444486236916407,0.6855156173972948,0.7816218709565527,17.281773142818185
2.94,0.5178254143783461,0.3038893843257231,12037.16087318694,31345848.912616912,0.6510696196913539,0.6972939604420753,0.811471952779403,18.563600394118296
2.95,0.5200727969825664,0.3199297563616669,16847.41113482448,42854098.41797956,0.6577358100281276,0.709233647832737,0.8423548000132921,19.935659530237153
2.96,0.5222988282958175,0.33662920798461965,23552.194316684363,58572162.51191108,0.6644473484241963,0.7213363315400237,0.8743024609966342,21.403963646214798
2.97,0.5245033676380055,0.35401641343108353,32886.86084526999,80044562.8075138,0.6712043886017954,0.733603674772513,0.9073478650499911,22.974904143899224
2.98,0.5266862787687517,0.3721215709525342,45868.01575283207,109388090.94427454,0.6780070842831594,0.7460373520147058,0.9415248435940263,24.655273132616017
2.99,0.5288474298997389,0.3909764925770013,63899.51091010393,149507068.6953916,0.6848555891905235,0.7586390490651254,0.9768681516999099,26.452287073919468
3.0,0.5309866937072923,0.4106147002588564,88917.78993495426,204390901.91142085,0.6917500570461222,0.7714104630744074,1.0134134900794751,28.373611734975245
3.0100000000000002,0.5331039473452328,0.43107152882930955,123590.97898814075,279525758.3898842,0.698690641572191,0.7843533025833984,1.051197527522634,30.42738851824479
3.02,0.5351990724580621,0.45238423620285717,171591.30206592826,382464539.27839005,0.705677496490964,0.7974692875612459,1.0902579237895529,32.6222622383912
3.0300000000000002,0.5372719551944948,0.47459212133227147,237967.42474624168,523616395.5684322,0.712710775524677,0.8107601494434975,1.1306333529652974,34.967410420731284
3.04,0.5393224862213938,0.49773665044965304,329652.8386026941,717340658.0644629,0.7197906323955641,0.8242276311701896,1.172363527284651,37.472574199102766
3.0500000000000003,0.5413505607381315,0.5218615921718913,456159.2538806176,983462658.283531,0.7269172208258607,0.8378734872239477,1.2154892214350266,40.14809089472923
3.06,0.5433560784914317,0.5470131620936362,630521.3309522376,1349373884.0807648,0.7340906945378013,0.8516994836680757,1.2600522973453785,43.00492836152911
3.0700000000000003,0.5453389437906739,0.5732401775336482,870582.5081351734,1852940840.0368328,0.7413112072536214,0.8657073981846539,1.30609572946925,46.05472118736266
3.08,0.5472990655237586,0.6005942231454964,1200743.2606310863,2546532156.7054863,0.7485789126955552,0.8798990201126303,1.353663630570075,49.309808844920624
3.09,0.5492363571734756,0.6291298281421949,1654335.6452113509,3502590494.328882,0.7558939645858379,0.8942761504859177,1.4028012780170807,52.78327589036726
3.1,0.5511507368344775,0.6589046559247298,2276845.182770578,4821336306.965474,0.7632565166467048,0.908840602071487,1.4535551406001421,56.48899431243583
3.11,0.5530421272307939,0.6899797069355348,3130277.9963782146,6641410482.633167,0.7706667226003902,0.9235941994074596,1.505972905872112,60.44166813947036
3.12,0.5549104557339742,0.7224195355783016,4299074.3174038185,9154563876.954779,0.7781247361691292,0.938538778841206,1.5601035080272685,64.65688041690687
3.13,0.5567556543818117,0.7562924820531292,5898107.880134404,12625913158.567022,0.7856307110751568,0.9536761885674346,1.6159971563245574,69.15114267289431
3.14,0.5585776598976967,0.7916709199407754,8083496.181467429,17421843960.58518,0.793184801040708,0.9690082886662925,1.673705364064542,73.9419469952024
3.15,0.5603764137105687,0.8286315203240158,11067194.840122454,24048407925.836975,0.8007871597880172,0.984536951141453,1.7332809781289422,79.04782084822199
3.16,0.5621518619754847,0.8672555331366095,15136681.297999404,33204102632.621544,0.80843794103932,1.0002640599582167,1.7947782090919198,84.48838476478653
3.17,0.5639039555948144,0.9076290862870479,20681476.695965465,45852340868.82929,0.8161372985168506,1.0161915110815996,1.8582526619122166,90.2844130536928
3.18,0.5656326502399981,0.9498435028527052,28228846.868129235,63320840809.627235,0.8238853859428446,1.0323212125144325,1.92376136721554,96.45789767023588
3.19,0.5673379063739276,0.9939956362932052,38491813.0190946,87437779833.54762,0.8316823570395361,1.0486550843354514,1.9913628131765335,103.03211540375298
3.2,0.5690196892738706,1.0401882231043589,52433654.67893269,120718092078.33002,0.8395283655291607,1.065195058737396,2.061116978009974,110.03169854316178
3.21,0.570677969054948,1.0885302516061934,71354487.8783525,166618075968.84314,0.8474235651339527,1.0819430800650984,2.1330853630807725,117.48270918873065
3.22,0.5723127206941615,1.1391373445230306,97007363.76281811,229882945723.34528,0.8553681095761478,1.0989011048535844,2.2073310266426587,125.41271738590822
3.23,0.5739239240548587,1.1921321515913428,131753807.18203999,317020690466.64764,0.86336215257798,1.116071101866161,2.2839186182153766,133.8508832649074
3.24,0.5755115639117189,1.2476447464712614,178771999.31655952,436947372812.04114,0.8714058478616848,1.1334550521325166,2.362914413610521,142.8280433779746
3.25,0.5770756299761259,1.3058130195675397,242335164.5057331,601864844316.6832,0.8794993491494969,1.15105494898681,2.444386350616085,152.37680143480856
3.2600000000000002,0.5786161169219248,1.3667830547555415,328183493.55057836,828453165437.7755,0.8876428101636513,1.1688727981057703,2.528404065350116,162.5316236455231
3.27,0.580133024411543,1.4307094731058314,444020577.3666369,1139488643494.5017,0.8958363846263827,1.1869106175467852,2.615038929293788,173.32893888979882
3.2800000000000002,0.581626357122359,1.4977557201540104,600175432.5131153,1566036810401.0508,0.9040802262599262,1.2051704377860015,2.7043640870145547,184.80724394054945
3.29,0.5830961247733153,1.5680942644285276,810484557.9109466,2150421136235.0764,0.9123744887865165,1.2236543017564139,2.796454494589955,197.00721398044874
3.3000000000000003,0.5845423421517598,1.641906663210956,1093466099.6693335,2950237181377.3633,0.920719325928389,1.2423642648859643,2.891386958742994,209.97181866015362
3.31,0.5859650291402979,1.7193834357838733,1473881469.4252858,4043774028657.062,0.9291148914077776,1.261302395135631,2.989240176699925,223.74644395790992
3.3200000000000003,0.5873642107437909,1.8007236635803807,1984810432.2023385,5537327902870.332,0.9375613389469184,1.280470773037529,3.0900947767816467,238.37902011158548
3.33,0.5887399171163022,1.8861342089604782,2670406072.648745,7575057077599.914,0.9460588222680453,1.2998714917329979,3.1940333597397883,253.92015590591964
3.34,0.5900921835879184,1.9758284076748396,3589549200.2272887,10352245992712.852,0.9546074950933935,1.319506657010701,3.301140540848979,270.4232796100723
3.35,0.5914210506914612,2.0700240417209312,4820691635.507551,14133137821541.41,0.9632075111451985,1.3393783873447196,3.411502992766673,287.9447868732668
3.36,0.5927265641889181,2.1689403354529952,6468269619.831646,19274882134264.285,0.9718590241456943,1.3594888139326422,3.5252094891722114,306.54419589959883
3.37,0.5940087750975401,2.2727936340541914,8671189083.434814,26259658953200.7,0.9805621878171166,1.3798400807336666,3.642350949196935,326.284310236872
3.38,0.595267739715554,2.3817913135588094,11614042529.487844,35737723460323.85,0.9893171558816997,1.4004343445066862,3.7630204826571405,347.2313895286254
3.39,0.5965035196473731,2.4961233281559636,15541924361.898344,48585021002309.54,0.9981240820616788,1.421273774848392,3.8873134361020933,369.45532859346474
3.4,0.5977161818281568,2.6159506137662114,20779982604.56433,65980221043657.695,1.0069831200792883,1.4423605542313596,4.015327439689125,393.02984521124375
3.41,0.5989057985477733,2.7413893250306476,27759199651.42991,89507604947779.98,1.0158944236567642,1.4636968780421507,4.147162454898337,418.03267701180283
3.42,0.6000724474739043,2.8724895715683347,37050358335.33693,121294338857095.19,1.02485814651634,1.4852849546194005,4.282920823099222,444.545787878639
3.43,0.6012162116743258,3.0092069216099104,49408755192.160706,164193430804994.56,1.033874442380252,1.507127005291919,4.422707314982037,472.6555842973358
3.44,0.6023371796381717,3.1513644385280424,65833013145.67584,222027321978658.38,1.0429434649707336,1.5292252644167779,4.566629180866512,502.45314209657846
3.45,0.6034354452961369,3.2986023897630212,87642376497.5726,299911872687288.7,1.0520653680100214,1.551581979417413,4.7147962019010405,534.0344440484187
3.46,0.6045111080394729,3.450312005491811,116578214082.05876,404686836402481.5,1.0612403052203485,1.57419941082171,4.867320742165255,567.5006288138763
3.47,0.6055642727377262,3.605548769199168,154937205001.77063,545487243854255.8,1.0704684303239516,1.597079832300108,5.024317801689414,602.9582517402964
3.48,0.606595049755057,3.762919735898392,205745956211.6318,734501062134216.2,1.079749897043064,1.6202255307036844,5.185905070403816,640.5195580378248
3.49,0.6076035549650579,3.9204384250093747,272989758471.77396,987972858149815.1,1.0890848590999218,1.643638806102258,5.352202983032005,680.3027688842998
3.5,0.6085899097639389,4.07534023922927,361912028591.5061,1327532033695545.8,1.098473470216759,1.6673219718224748,5.523334774941259,722.4323810304376
3.5100000000000002,0.6095542410820723,4.22385183748156,479405971947.79425,1781948881165121.2,1.1079158841158112,1.6912773544859123,5.69942653896447,767.0394805008367
3.52,0.6104966813936221,4.360911043059676,634526466138.2565,2389454017677559.0,1.1174122545193126,1.715507294047163,5.880607283207212,814.2620710106627
3.5300000000000002,0.6114173687242304,4.479843293565838,839158547757.245,3200799009483094.5,1.126962735149499,1.7400141438319385,6.067008989854438,864.2454177433566
3.54,0.6123164466567897,4.572024596637627,1108889738119.8113,4283291209495874.5,1.1365674797286045,1.7648002705751555,6.25876667499092,917.1424071609281
3.5500000000000003,0.6131940643348951,4.6266191337961535,1464147489312.2783,5726107907303884.0,1.1462266419788643,1.789868054459038,6.456018449450201,973.1139235458467
3.56,0.6140503764641275,4.630621272537704,1931681194259.7424,7647288901609441.0,1.1559403756225133,1.8152198891512037,6.658905580706508,1032.3292430017639
3.5700000000000003,0.6148855433109899,4.569786473162568,2546491672820.977,1.0202929116948808e+16,1.1657088343817865,1.8408581818427667,6.867572555824726,1094.9664456698752
3.58,0.6156997306993114,4.431961207591766,3354341348059.433,1.3599252401406696e+16,1.1755321719789185,1.8667853532864225,7.0821671454832185,1161.2128469480901
3.59,0.6164931100041234,4.216811017739766,4415017424150.398,1.8108455156739856e+16,1.1854105421361443,1.8930038378345517,7.302840469084921,1231.2654485320145
3.6,0.617265858142811,3.962301462432948,5806570785978.416,2.4089478179330308e+16,1.1953440985756993,1.9195160834773095,7.529747060971906,1305.3314101294363
3.61,0.6180181575635706,3.8081595107572914,7630818285857.991,3.2015215383059028e+16,1.2053329950198175,1.946324551880717,7.763044937759,1383.6285427341722
3.62,0.6187501962309191,4.0837133272745945,10020479696936.469,4.2508122614801736e+16,1.215377385190735,1.973431718424764,8.002895666802297,1466.3858243804584
3.63,0.6194621676082813,5.227245777437364,13148428185164.113,5.638677909095422e+16,1.2254774228106853,2.0008400722414934,8.249464435818211,1553.8439393355827
3.64,0.6201542706374762,7.506574403402668,17239671448730.045,7.472671741004322e+16,1.2356332616019046,2.0285521162531057,8.502920123669451,1646.2558417266314
3.65,0.6208267097151208,11.060218610569423,22586858345471.68,9.893982625823677e+16,1.2458450552866265,2.0565703672100426,8.763435372333822,1743.8873446363646
3.66,0.6214796946657283,16.1023551877054,29570333924998.965,1.3087790793565499e+17,1.256112957587087,2.084897355729093,9.031186660072644,1847.0177357442903
3.67,0.6221134407115614,22.988078255308395,38684058409438.516,1.7296762437394048e+17,1.2664371222255204,2.1135356263314766,9.306354375815035,1955.9404206310617
3.68,0.622728168439034,32.22712245094996,50569080820581.305,2.283861978514403e+17,1.276817702924162,2.1424877374809457,9.589122894775235,2070.963594908436
3.69,0.6233241037616578,44.5075347231288,66056738573706.516,3.012899840329818e+17,1.2872548534052464,2.171756261621874,9.879680655319536,2192.410946382178
3.7,0.6239014778794851,60.736796960674965,86224369677444.03,3.971115820696786e+17,1.2977487273910087,2.2013437852173583,10.178220237100437,2320.622388502687
3.71,0.6244605272348842,82.10071409166886,112467111405844.77,5.229457158115148e+17,1.3082994786036832,2.2312529087873023,10.48493844047491,2455.9548264065756
3.72,0.625001493464725,110.14221725786977,146590365786933.3,6.880500017145615e+17,1.318907260765506,2.261486246946523,10.800036367224788,2598.7829569033147
3.73,0.6255246233487675,146.86437116327005,190928798175887.0,9.04494283759406e+17,1.3295722275987107,2.2920464284428332,11.12371950259656,2749.5001038130504
3.74,0.6260301687543119,194.86383669747488,248499377034539.0,1.1880019378921667e+18,1.3402945328255333,2.3229360961951477,11.456197798678946,2908.519090116305
3.75,0.626518386577044,257.5031431025654,323198057938797.44,1.5590390339566715e+18,1.3510743301682075,2.3541579073315653,11.79768575913593,3076.2731484320366
3.7600000000000002,0.6269895386779678,339.1326291426697,420052386018150.94,2.044223265084247e+18,1.3619117733489694,2.385714533227475,12.148402525314019,3253.2168713991177
3.77,0.6274438918164136,445.37603036865085,545545694774303.25,2.678145099370853e+18,1.3728070160900532,2.4176086595436406,12.508571963741785,3439.827203596086
3.7800000000000002,0.6278817175793195,583.4976305955905,708032913581314.8,3.505719933570094e+18,1.383760212113694,2.4498429862643016,12.878422755040896,3636.604476696834
3.79,0.6283032923061774,762.8739037440506,918273511966638.8,4.5852237346875356e+18,1.3947715151421265,2.482420227735263,13.258188484267027,3844.073489624
3.8000000000000003,0.6287088970104253,995.5989458596899,1190114123482678.8,5.992207780775923e+18,1.4058410788975864,2.5153431127019954,13.648107732700321,4062.7846355291535
3.81,0.6290988172966016,1297.2611103228678,1541362307161534.5,7.824543248955753e+18,1.416969057102307,2.5486143843477205,14.048424171104164,4293.315077497538
3.8200000000000003,0.6294733432734365,1687.9385835283872,1994904227807234.5,1.020891684117212e+19,1.428155603478525,2.582236800331517,14.459386654472354,4536.269974947305
3.83,0.6298327694632346,2193.4747696018885,2580133408965503.0,1.3309188570659932e+19,1.4394008717484739,2.6162131328264016,14.881249318283858,4792.283762766667
3.84,0.6301773947069979,2847.1110445042923,3334775943895357.0,1.7337137565180336e+19,1.450705015634389,2.650546168557436,15.314271676285637,5062.021485309767
3.85,0.6305075220657553,3691.575644628503,4307220661690302.0,2.256626801243876e+19,1.462068188858506,2.6852387088398144,15.758718719823227,5346.180187450788
3.86,0.6308234587176661,4781.754376153026,5559492025831969.0,2.9349533715893326e+19,1.4734905451430589,2.7202935696169557,16.214861018739686,5645.490364978337
3.87,0.6311255158516226,6188.102988645628,7171040613944859.0,3.8142076958598e+19,1.4849722382102832,2.7557135814986067,16.68297482386358,5960.717476697123
3.88,0.6314140085565265,8001.004367663296,9243572934385550.0,4.953037917553105e+19,1.496513421782413,2.7915015897989246,17.163342171106457,6292.66352069135
3.89,0.6316892557068289,10336.328585396332,1.1907201650204734e+16,6.426960462338889e+19,1.5081142495816842,2.827660454574584,17.656250987191253,6642.168677295905
3.9,0.6319515798444713,13342.5233550858,1.532827223998239e+16,8.333140569468964e+19,1.5197748753303304,2.864193050662859,18.161995197032432,7010.113021414582
3.91,0.6322013070566321,17209.65040542019,1.9719316796082468e+16,1.07965077394142e+20,1.531495452750588,2.90110226771973,18.680874832789776,7397.4183069227
3.92,0.6324387668500704,22180.894561720605,2.5351705154813e+16,1.3977573367660642e+20,1.5432761355646907,2.938391010257963,19.213196144616962,7805.049825991121
3.93,0.6326642920218554,28567.21297700219,3.2571714286991508e+16,1.808241738626054e+20,1.5551170774948742,2.976062197685222,19.759271713127436,8234.018346273602
3.94,0.632878218526178,36765.96965021802,4.1820926904062936e+16,2.3375436870292917e+20,1.5670184322633725,3.014118764342146,20.31942056359906,8685.3821290059
3.95,0.6330808853378449,47284.62471858399,5.36621096531272e+16,3.0195609278958725e+20,1.5789803535924218,3.052563659540456,20.893968281940552,9160.249031177276
3.96,0.6332726343125722,60770.8310951605,6.88120227416844e+16,3.897722509571785e+20,1.5910029952042557,3.0913998476010414,21.483247132441612,9659.778695048779
3.97,0.6334538100434203,78050.64800496987,8.818299220538147e+16,5.0276300188367946e+20,1.60308651082111,3.1306303078920608,22.08759617733028,10185.184828412697
3.98,0.6336247597145005,100177.03087537049,1.129355531595589e+17,6.480420116110678e+20,1.615231054165219,3.170258034867027,22.707361398159772,10737.737579108993
3.99,0.6337858329510773,128491.32371035356,1.4454507209453952e+17,8.347042482636375e+20,1.6274367789588182,3.210286038102916,23.342895819048955,11318.766007442784
4.0,0.6339373816671513,164701.19341053945,1.8488600964274445e+17,1.0743698767586904e+21,1.6397038389241416,3.2507173423382434,23.99455963179903,11929.660660276597
4.01,0.6340797599093474,210979.34292118892,2.3633843107776026e+17,1.381875304810054e+21,1.6520323877834246,3.291554987511175,24.662720322911117,12571.876250708096
4.0200000000000005,0.6342133236988513,270088.46844762296,3.019225585829394e+17,1.7761506152649594e+21,1.6644225792589034,3.3328020287976137,25.34775280252804,13246.934447382568
4.03,0.6343384308698908,345539.3438757428,3.8546864757242394e+17,2.2813329288517053e+21,1.6768745670728107,3.374461536649287,26.050039535324586,13956.426777634786
4.04,0.6344554409062011,441790.6962437358,4.9183133457116896e+17,2.9281782195646586e+21,1.6893885049473822,3.4165365968318566,26.76997067337157,14702.017648804878
4.05,0.6345647147747051,564501.7711793509,6.271599405200499e+17,3.7558504330801604e+21,1.7019645466048527,3.459030310463001,27.50794419099714,15485.447492225358
4.0600000000000005,0.6346666147569417,720851.290975411,7.992391382129937e+17,4.814187288832938e+21,1.714602845767459,3.501945794050519,28.264366021671297,16308.536034537876
4.07,0.6347615042785338,919940.0231202774,1.0179180520550669e+18,6.166567944243545e+21,1.7273035561574328,3.545286179530408,29.03965019693815,17173.185701161256
4.08,0.6348497477360862,1173298.581633374,1.29565043440705e+18,7.893540096865809e+21,1.7400668314970107,3.589054614304977,29.834218987422368,18081.3851569043
4.09,0.6349317103228933,1495527.5993987964,1.6481742818362545e+18,1.009740476045063e+22,1.752892825508427,3.6332542612809333,30.648503045934245,19035.212988889805
4.1,0.6350077578527787,1905104.3133686883,2.0953663981404431e+18,1.290800795082558e+22,1.7657816919139175,3.677888298907472,31.482941552700357,20036.84153714016
4.11,0.6350782565814312,2425398.240393841,2.662316328926555e+18,1.6490052448048416e+22,1.778733584435718,3.722959921214384,32.33798236274575,21088.540878360527
4.12,0.6351435730277855,3085949.4181680847,3.3806752194160937e+18,2.10523228932549e+22,1.7917486567960605,3.7684723378501235,33.21408215545371,22192.68296864889
4.13,0.6352040737930068,3924076.176572467,4.2903490225820237e+18,2.6859317758125517e+22,1.8048270627171819,3.8144287741199374,34.11170658633109,23351.745951063494
4.14,0.6352601253787752,4986896.252550036,5.441622778208675e+18,3.4245907206366103e+22,1.8179689559213161,3.8608324710239343,35.031330441004584,24568.318634181018
4.15,0.6353120940049644,6333866.090402847,6.897824225332054e+18,4.36357927918849e+22,1.8311744901307,3.907686685295194,35.97343779147657,25845.105147994673
4.16,0.6353603454255361,8039969.402311343,8.738661829955161e+18,5.556474107257814e+22,1.8444438190675658,3.9549946894378385,36.93852215466705,27184.92978371811
4.17,0.6354052447452843,10199718.771138664,1.106440568199461e+19,7.0709808216722335e+22,1.8577770964541498,4.0027597717651595,37.92708665327081,28590.74202429045
4.18,0.6354471562346862,12932174.83509448,1.400112121887437e+19,8.992607853850045e+22,1.8711744760126865,4.050985236437688,38.9396441789563,30065.62177260744
4.19,0.6354864431455804,16387238.355794804,1.770721732192184e+19,1.1429282152091264e+23,1.8846361114654124,4.099674403501302,39.97671755793583,31612.7847847487
4.2,0.6355234675261131,20753533.65962559,2.238163442252025e+19,1.4517144776386414e+23,1.8981621565345597,4.1488306089253015,41.03883971893478,33235.58831571677
4.21,0.635558590035807,26268280.557308134,2.8274077835723506e+19,1.8427823737829727e+23,1.9117527649423647,4.1984572046405315,42.12655386359008,34937.53698546367
4.22,0.6355921697618104,33229649.602658253,3.569780030169761e+19,2.337755530839448e+23,1.9254080904110622,4.248557558577456,43.24041363930541,36722.28887324073
4.23,0.6356245640337195,42012217.04529568,4.5045560219656135e+19,2.9638616991531966e+23,1.9391282866628885,4.29913505470426,44.38098331459397,38593.66184858555
4.24,0.6356561282408407,53086286.74852297,5.680953393333129e+19,3.7553649766458064e+23,1.9529135074200756,4.3501930930649335,45.54883795693751,40555.640147537335
4.25,0.6356872156487502,67042033.71057668,7.160614861577261e+19,4.755358950460083e+23,1.9667639064048603,4.401735089817382,46.744563613193186,42612.381202967226
4.26,0.6357181772185713,84619656.32809484,9.020703536760861e+19,6.0180104293200485e+23,1.980679637339477,4.453764477271511,47.96875749257655,44768.222738203774
4.2700000000000005,0.635749361424909,106747012.89813496,1.1357759064147635e+20,7.61136540583595e+23,1.994660853946162,4.506284703927325,49.22202815225298,47027.69013344861
4.28,0.6357811140771058,134586575.30492058,1.4292499103827916e+20,9.620856157852193e+23,2.0087077099471475,4.559299234513009,50.50499568556703,49395.504074791366
4.29,0.6358137781415466,169593975.70831582,1.797579478981698e+20,1.2153682234458903e+24,2.0228203590646703,4.612811550023042,51.81829191294283,51876.588495966695
4.3,0.6358476935638149,213590970.4768368,2.2596103363357134e+20,1.5344280034141342e+24,2.036998955020964,4.666825147756279,53.16256057548465,54476.07882332779
4.3100000000000005,0.6358831970959211,268856324.4035171,2.838870856599839e+20,1.9361147693097832e+24,2.0512436515382664,4.721343541354057,54.538457531311295,57199.330534867426
4.32,0.6359206221215601,338238957.97536284,3.5647202587098907e+20,2.4415356433089034e+24,2.0655546023388087,4.77637026083826,55.946650954654956,60051.9280444714
4.33,0.6359602984867383,425298738.7727539,4.473774604961163e+20,3.0771159294335625e+24,2.0799319611448275,4.831908852649454,57.38782153775885,63039.69392296729
4.34,0.6360025523305594,534481581.26935905,5.611676918523345e+20,3.8759206902433604e+24,2.0943758816785576,4.887962879684953,58.8626626956039,66168.69846790469
4.3500000000000005,0.6360477059190012,671337104.3568324,7.035293351728572e+20,4.879300202522089e+24,2.1088865176622353,4.94453592133693,60.37188077349942,69445.26963440666
4.36,0.636096077481605,842789052.8720195,8.815436581312025e+20,6.138937562591484e+24,2.1234640228180925,5.001631573530487,61.91619525756947,72876.00333983093
4.37,0.6361479810502689,1057471104.3278444,1.1040241309854528e+21,7.719395362933103e+24,2.1381085508683664,5.05925344876178,63.49633898817081,76467.77415540598
4.38,0.636203726300919,1326143660.6557896,1.3819345933344094e+21,9.701281394686234e+24,2.1528202555352904,5.117405176136093,65.11305837627339,80227.74639842828
4.39,0.6362636183981942,1662210896.8409894,1.72890703415477e+21,1.218518176021485e+25,2.1675992905411006,5.176090401405942,66.76711362283999,84163.3856390615
4.4,0.6363279578432548,2082361863.1207917,2.161882397987742e+21,1.529654485289041e+25,2.182445809608033,5.235312787009166,68.45927894123848,88282.4706362308
4.41,0.6363970403238531,2607365010.2454734,2.701903259061281e+21,1.9191742907977539e+25,2.1973599664583197,5.2950760121070095,70.19034278272117,92593.1057175768
4.42,0.6364711565697225,3263052367.61362,3.3750938758304026e+21,2.4065591127060143e+25,2.2123419148141967,5.355383772622242,71.96110806500842,97103.73361892706
4.43,0.63655059221017,4081538045.2932215,4.213871331042462e+21,3.016067003215734e+25,2.227391808397899,5.416239781277233,73.77239240400911,101823.14879923122
4.44,0.6366356276337524,5102726112.376533,5.258441519477866e+21,3.7778877538286403e+25,2.2425098009316633,5.4776477676320585,75.62502834871628,106760.51124743411
4.45,0.6367265378539451,6376175665.697506,6.558646085468038e+21,4.7295736704568574e+25,2.2576960461377213,5.539611478122571,77.51986361931205,111925.36079828291
4.46,0.6368235923772838,7963406582.957999,8.176241546295524e+21,5.917810747143114e+25,2.2729506977383096,5.6021346760985296,79.45776134852099,117327.63197462153
4.47,0.6369270550771746,9940748711.10861,1.0187710389630003e+22,7.400610110197383e+25,2.2882739094556626,5.665221141861671,81.43960032624555,122977.66937427499
4.48,0.6370371840661795,12402860879.261639,1.2687726664707138e+22,9.250018086570413e+25,2.303665835012017,5.728874672703813,83.46627524752316,128886.24362022086
4.49,0.6371542315809623,15467075128.923697,1.5793426426742077e+22,1.1555465949393662e+26,2.319126628129605,5.793099082944931,85.53869696384056,135064.56789333033
4.5,0.6372784438639872,19278757124.11886,1.9649667474384455e+22,1.4427908258565832e+26,2.3346564425306626,5.857898203971281,87.6577927378461,141524.3150675901
4.51,0.6374100610518653,24017917306.438435,2.443550452065671e+22,1.8004932904203134e+26,2.3502554319374247,5.923275884273474,89.82450650149413,148277.63546833117
4.5200000000000005,0.6375493170690555,29907360784.680435,3.037215693950726e+22,2.2457067891308072e+26,2.365923750072128,5.989235989484584,92.03979911766368,155337.1752746609
4.53,0.6376964395239583,37222729378.137085,3.77328085791245e+22,2.7995561303074046e+26,2.381661550657004,6.055782402418213,94.30464864528712,162716.09558795058
4.54,0.6378516496117894,46304869327.82341,4.685465531986293e+22,3.4881973856104626e+26,2.39746898741429,6.122919023106626,96.6200506080318,170428.09218893835
4.55,0.6380151620187088,57575056193.798584,5.815370910834048e+22,4.344000058450068e+26,2.413346214066219,6.190649768838821,98.98701826656988,178487.41600669638
4.5600000000000005,0.6381871848343385,71553728319.37572,7.21429808035122e+22,5.4070032595325226e+26,2.429293384335029,6.25897857419863,101.40658289447963,186908.89432346373
4.57,0.6383679194633066,88883526773.84003,8.945480280207637e+22,6.726708534383705e+26,2.445310651942952,6.327909391102799,103.87979405781587,195707.95274008354
4.58,0.63855756054899,110357618737.6427,1.1086822150826076e+23,8.364286113351806e+26,2.4613981706122234,6.397446188839108,106.40771989839354,204900.6379275761
4.59,0.6387562958948345,136954499988.2094,1.3734259588120947e+23,1.0395288621408542e+27,2.477556094065079,6.467592954104449,108.9914474208211,214503.64119115163
4.6000000000000005,0.638964306395248,169880739138.84964,1.7005878954860435e+23,1.291298738183716e+27,2.4937845760237547,6.538353691042928,111.63208278332887,224534.32287381197
4.61,0.6391817659659829,210623452101.04037,2.1046965004410332e+23,1.6032472212308246e+27,2.5100837702104823,6.609732421283938,114.3307515924303,235010.7376275155
4.62,0.6394088414862044,261014692666.85574,2.6036184140491843e+23,1.9895687062281712e+27,2.526453830347499,6.6817331839802865,117.08859920146342,245951.6605807701
4.63,0.6396456927409262,323310429669.2369,3.219315499539786e+23,2.4677612214548968e+27,2.542894910157038,6.75436003584627,119.90679101304885,257376.61443238045
4.64,0.6398924723665772,400287371720.0644,3.978771349168635e+23,3.0593850574041876e+27,2.5594071633613362,6.82761705119577,122.78651278551143,269305.8975020279
4.65,0.6401493258066376,495361619916.72424,4.915124665748929e+23,3.7909932618435984e+27,2.5759907436826293,6.901508321980356,125.72897094330737,281760.61276928784
4.66,0.6404163912674141,612734004881.6742,6.069055103435794e+23,4.695272410185468e+27,2.592645804843148,6.976037957827354,128.73539289149892,294762.6979336594
4.67,0.6406937996811509,757568030679.8568,7.49047706243433e+23,5.812440527104999e+27,2.6093725005651307,7.051210086077979,131.8070273343245,308334.9565292087
4.68,0.6409816746765529,936207645289.9629,9.240608968998518e+23,7.191959342928477e+27,2.6261709845708108,7.127028851825403,134.9451445979034,322501.0901284115
4.69,0.6412801325439527,1156443634743.4092,1.139450018458017e+24,8.894630611358458e+27,2.643041410582425,7.203498417952867,138.15103695712426,337285.731670884
4.7,0.6415892822198535,1427839355546.9863,1.4044115420022694e+24,1.099516147171156e+28,2.6599839323222056,7.280622965171737,141.42601896675788,352714.4799537418
4.71,0.6419092252669717,1762128849898.8843,1.7302098039276664e+24,1.3585302387976378e+28,2.676998703512389,7.358406692059656,144.77142779684633,368813.935321484
4.72,0.6422400558562272,2173703217991.1692,2.130635971569272e+24,1.67776837393895e+28,2.69408587787521,7.436853815098596,148.1886235724065,385611.7365944014
4.73,0.6425818607681769,2680204557181.0464,2.6225675510459736e+24,2.0710504520712705e+28,2.7112456091329045,7.515968568712971,151.67898971750031,403136.59927573573
4.74,0.6429347193805756,3303250946913.6836,3.226650173314121e+24,2.555325986027058e+28,2.728478051007705,7.595755205307709,155.24393330371402,421418.35507899825
4.75,0.6432987036752885,4069321015547.111,3.9681280312961714e+24,3.1513734419556985e+28,2.7457833572218475,7.67621799530638,158.88488540309842,440487.992818143
4.76,0.6436738782438396,5010832757332.715,4.877854953782354e+24,3.8846537697504454e+28,2.7631616814975675,7.757361227189266,162.60330144561203,460377.7007045227
4.7700000000000005,0.6440603002999401,6167458700124.106,5.99352489326011e+24,4.786351663436508e+28,2.7806131775571004,7.839189207531474,166.4006615811189,481120.91009592963
4.78,0.6444580196915906,7587728528910.011,7.361168819064615e+24,5.894645287859701e+28,2.798137999122679,7.92170626104099,170.2784710459862,502752.3407443357
4.79,0.6448670789262259,9330981175122.963,9.036974938329977e+24,7.256253928109075e+28,2.8157362999165394,8.00491673059683,174.23826053433572,525308.0475903922
4.8,0.6452875131973126,11469741582530.932,1.1089501169154618e+25,8.92832357941802e+28,2.8334082336609163,8.088824977287096,178.2815865739905,548825.469154115
4.8100000000000005,0.6457193504113237,14092613334336.162,1.3602363289204522e+25,1.0980723281261973e+29,2.851153954078047,8.173435380447087,182.410031907173,573343.4775727227
4.82,0.6461626112235593,17307797647554.463,1.66774996911173e+25,1.3498840472175593e+29,2.868973614890162,8.25875233769737,186.62520587599923,598902.4303380536
4.83,0.646617309087579,21247372602026.402,2.0439134809777575e+25,1.6586982358335198e+29,2.886867369819498,8.344780264981905,190.92874481282564,625544.2237876023
4.84,0.6470834502823033,26072494705861.617,2.503858878648425e+25,2.037251291987132e+29,2.904835372588291,8.431523596606128,195.3223124354918,653312.3484047381
4.8500000000000005,0.6475610339771959,31979719009728.625,3.066011169122411e+25,2.5010882531677174e+29,2.9228777769187766,8.518986785275043,199.8076002475163,682251.9459853863
4.86,0.6480500522834078,39208675175738.17,3.752795770558972e+25,3.0691740221860787e+29,2.9409947365331863,8.607174302131298,204.38632794329243,712409.8687300775
4.87,0.6485504903076394,48051386633778.55,4.591495935872372e+25,3.764635849992504e+29,2.9591864051537575,8.69609063679332,209.0602438183422,743834.7403220742
4.88,0.6490623262136633,58863579963265.02,5.61529157472083e+25,4.6156648863838806e+29,2.9774529365027247,8.785740297393378,213.83112518467317,776577.0190539688
4.89,0.649585531307194,72078404017416.27,6.864517350491244e+25,5.6566104230012736e+29,2.9957944843023223,8.876127810615687,218.70077879129707,810689.0630670706
4.9,0.6501200700871342,88223065577967.42,8.38818573363631e+25,6.929307465284787e+29,3.014211202274787,8.96725772173451,223.6710412499609,846225.1977697199
4.91,0.650665900336647,107938993513713.02,1.0245830084372781e+26,8.484686724926766e+29,3.032703244142351,9.059134594652221,228.74377946614308,883241.7855026028
4.92,0.6512229731913557,132006270144908.61,1.2509734134639391e+26,1.0384726314587866e+30,3.0512707636272505,9.151763011937446,233.92089107537444,921797.2975211741
4.93,0.6517912332448142,161373221140655.78,1.5267627822664345e+26,1.2704816703527526e+30,3.0699139144517202,9.245147574863122,239.20430488493037,961952.3883672282
4.94,0.6523706186207725,197192239019481.25,1.8625945760152826e+26,1.5536625277839482e+30,3.088632850337997,9.339292903444619,244.59598132095635,1003769.9727038601
4.95,0.6529610610785678,240863136444103.0,2.2713764228544513e+26,1.8991564647592905e+30,3.107427725008312,9.43420363647779,250.09791288107658,1047315.3046901086
4.96,0.6535624860967335,294085591502386.8,2.768755616106262e+26,2.320499026127313e+30,3.1262986921849025,9.529884431577115,255.71212459254951,1092656.0599738809
4.97,0.6541748129981608,358922567035274.4,3.373693185365254e+26,2.834127865150632e+30,3.1452459055900026,9.62633996521377,261.4406744760168,1139862.4203838864
4.98,0.6547979550340466,437876970573074.56,4.109156709582141e+26,3.4599968614857325e+30,3.16426951894585,9.723574932753737,267.2856540149113,1189007.161403763
4.99,0.6554318195212047,533984283458974.56,5.002956113982809e+26,4.2223184863823924e+30,3.1833696859746743,9.821594048495852,273.2491886305738,1240165.7425138564
5.0,0.6560763079272446,650924442693421.2,6.088751576953144e+26,5.150460842749482e+30,3.202546560398714,9.920402045709972,279.3334381631463,1293416.4004886744
