t,x,y,z
0.0,1.0,0.0,0.0
0.01,0.9999760901999933,0.005999904600545225,1.79998389906455e-05
0.02,0.9999043631998542,0.011999236817447056,7.199742388425134e-05
0.03,0.9997848261989292,0.01799742433248634,0.00016198695869379387
0.04,0.9996174911951451,0.02399389495828296,0.00028795878427051447
0.05,0.9994023749835315,0.029988076703691857,0.00044989937954725834
0.06,0.9991394991541527,0.03597939783917071,0.0006477913632794707
0.07,0.9988288900894514,0.041967286962110086,0.000881613496282796
0.08,0.9984705789610001,0.0479511730621164,0.00115134068416739
0.09,0.9980646017256655,0.05393048558623864,0.001456943980568115
0.1,0.9976109991211817,0.05990465450412896,0.0017983905908710573
0.11,0.9971098166611385,0.06587311037312842,0.0021756438764332087
0.12,0.9965611046293802,0.07183528440326797,0.0025886633592974717
0.13,0.9959649180738187,0.07779060852217567,0.003037404727401549
0.14,0.995321316799661,0.08373851543988065,0.0035218198402784395
0.15,0.9946303653620526,0.08967843871350455,0.0040418567352484835
0.16,0.9938921330581386,0.09560981281183147,0.004597459634101686
0.17,0.9931066939185401,0.10153207317974657,0.005188568950271311
0.18,0.9922741266982529,0.1074446563025345,0.0058151212964928645
0.19,0.9913945148669652,0.11334699977002873,0.00647704949295147
0.2,0.990467946598797,0.11923854234060179,0.007174282575915236
0.21,0.9894945147614657,0.12511872400498808,0.007906745806851745
0.22,0.9884743169048736,0.1309869860499298,0.008674360682027649
0.23,0.9874074552491259,0.1368427711216371,0.009477044942587998
0.24,0.9862940366719748,0.1426855232890526,0.010314712585116848
0.25,0.9851341726956975,0.14851468810691323,0.011187273872674486
0.26,0.9839279794734037,0.15432971267859774,0.012094635346308391
0.27,0.9826755777747809,0.16013004571875364,0.013036699837042087
0.28,0.9813770929712763,0.16591513761569252,0.014013366478330402
0.29,0.9800326550207157,0.17168444049354634,0.015024530718989737
0.3,0.9786423984513685,0.17743740827417553,0.016070084336591517
0.31,0.9772064623454532,0.1831734967388196,0.017149915451322884
0.32,0.9757249903220916,0.18889216358948258,0.018263908540311014
0.33,0.9741981305197114,0.1945928685100435,0.019411944452405627
0.34,0.9726260355779011,0.2002750732270845,0.020593900423421185
0.35000000000000003,0.9710088626187204,0.2059382415704275,0.021809650091835164
0.36,0.9693467732274677,0.21158183953337023,0.023059063514937417
0.37,0.9676399334329061,0.21720533533261518,0.024342007185431114
0.38,0.9658885136869579,0.2228081994678806,0.02565834404848133
0.39,0.9640926888438608,0.22838990478118726,0.027007933519206384
0.4,0.9622526381387966,0.23394992651581203,0.028390631500614882
0.41000000000000003,0.9603685451659916,0.23948774237489998,0.029806290401975633
0.42,0.9584405978562953,0.24500283257972688,0.03125475915762971
0.43,0.9564689884542361,0.25049467992760444,0.03273588324623106
0.44,0.9544539134945635,0.2559627698494201,0.034249504710416545
0.45,0.9523955737782734,0.26140659046680365,0.03579546217690521
0.46,0.950294174348128,0.2668256326489119,0.037373590877017526
0.47000000000000003,0.9481499244636661,0.2722193900688259,0.03898372266761574
0.48,0.9459630375757135,0.2775873592595501,0.040625686052459586
0.49,0.9437337313003944,0.28292903966960836,0.04229930620397393
0.5,0.9414622273926494,0.2882439337182281,0.04400440498542835
0.51,0.9391487517192615,0.2935315468501045,0.0457408009735184
0.52,0.9367935342313966,0.2987913875897397,0.04750830948135154
0.53,0.9343968089366638,0.30402296759534675,0.04930674258182782
0.54,0.9319588138706937,0.30922580171231395,0.05113590913141847
0.55,0.9294797910682471,0.3143994080262196,0.05299561479433201
0.56,0.926959986533852,0.31954330791539304,0.0548856620670678
0.5700000000000001,0.9243996502119758,0.32465702610301295,0.056805850303350836
0.58,0.9217990359567394,0.3297400907087368,0.05875597573944624
0.59,0.9191584015011709,0.3347920332998541,0.060735831519847905
0.6,0.9164780084260131,0.33981238894195903,0.0627452077233343
0.61,0.9137581221280807,0.34480069624913157,0.06478389138939472
0.62,0.9109990117881764,0.34975649743362525,0.06685166654501257
0.63,0.9082009503385715,0.35467933835505194,0.06894831423180908
0.64,0.9053642144300516,0.359568768569059,0.07107361253353811
0.65,0.9024890843985361,0.3644243413754919,0.07322733660392955
0.66,0.8995758442312779,0.3692456138660355,0.0754092586948778
0.67,0.8966247815326391,0.3740321469713303,0.07761914818496823
0.68,0.8936361874894614,0.37878350550755485,0.07985677160833865
0.6900000000000001,0.890610356836025,0.38349925822247094,0.08212189268387216
0.7000000000000001,0.8875475878186063,0.3881789778409234,0.08441427234471505
0.71,0.8844481821596413,0.39282224110979175,0.08673366876811422
0.72,0.8813124450214922,0.39742862884238545,0.08907983740557351
0.73,0.8781406849698332,0.40199772596227884,0.0914525310133184
0.74,0.8749332139366526,0.40652912154658083,0.09385149968306972
0.75,0.8716903471828814,0.41102240886863206,0.09627649087311713
0.76,0.8684124032606481,0.4154771854401267,0.09872724943969069
0.77,0.8650997039751752,0.419893053052653,0.10120351766862384
0.78,0.861752574346312,0.4242696178186466,0.1037050353073028
0.79,0.8583713425697159,0.42860649021175434,0.10623153959689835
0.8,0.854956339977688,0.43290328510660064,0.1087827653048733
0.81,0.8515079009996631,0.4371596218179551,0.11135844475776496
0.8200000000000001,0.8480263631223681,0.44137512413929375,0.11395830787422878
0.8300000000000001,0.8445120668496477,0.44554942038075307,0.11658208219834826
0.84,0.840965355661965,0.44968214340646767,0.11922949293319879
0.85,0.8373865759755859,0.45377293067129454,0.12190026297466361
0.86,0.8337760771014505,0.4578214242569106,0.1245941129454936
0.87,0.8301342112037362,0.46182727090728937,0.12731076122961077
0.88,0.8264613332581222,0.465790122063545,0.13004992400664472
0.89,0.8227578010097578,0.46970963389814463,0.13281131528669926
0.9,0.8190239749309434,0.47358546734848395,0.135594646945344
0.91,0.8152602181785289,0.47741728814982176,0.1383996287588276
0.92,0.8114668965510341,0.48120476686757196,0.14122596843949942
0.93,0.8076443784455023,0.48494757892894846,0.14407337167144574
0.9400000000000001,0.8037930348140863,0.48864540465395834,0.14694154214632416
0.9500000000000001,0.7999132391203775,0.492297929285746,0.14983018159939976
0.96,0.7960053672954863,0.49590484302027604,0.1527389898457714
0.97,0.7920697976938726,0.49946584103536207,0.15566766481678307
0.98,0.7881069110489411,0.5029806235190311,0.158615902596621
0.99,0.7841170904284014,0.5064488956972252,0.1615833974590823
1.0,0.780100721189402,0.5098703678608354,0.16456984190451673
1.01,0.7760581909334463,0.5132447553920687,0.16757492669693147
1.02,0.7719898894610911,0.5165717787901418,0.17059834090125608
1.03,0.7678962087264425,0.5198511636963021,0.1736397719207614
1.04,0.763777542791445,0.5230826409181751,0.17669890553462553
1.05,0.7596342877799835,0.526265946453432,0.17977542593564372
1.06,0.7554668418317881,0.5294008215127793,0.18286901576807463
1.07,0.7512756050561653,0.5324870125422699,0.18597935616561773
1.08,0.7470609794855505,0.5355242712449262,0.189106126789518
1.09,0.7428233690288908,0.5385123546016869,0.1922490058667904
1.1,0.7385631794248675,0.5414510248916634,0.19540767022855798
1.11,0.7342808181949624,0.5443400497117119,0.1985817953485014
1.12,0.7299766945963725,0.5471792019953172,0.20177105538141105
1.1300000000000001,0.7256512195747866,0.5499682600307896,0.20497512320183708
1.1400000000000001,0.7213048057170207,0.5527070074787717,0.20819367044283227
1.1500000000000001,0.7169378672035275,0.5553952333890542,0.21142636753478322
1.16,0.7125508197607786,0.5580327322167027,0.21467288374432075
1.17,0.7081440806135351,0.5606193038374923,0.21793288721330817
1.18,0.703718068437003,0.5631547535626498,0.22120604499789887
1.19,0.6992732033088884,0.5656388921529063,0.2244920231076606
1.2,0.6948099066613539,0.5680715358318545,0.2277904865447562
1.21,0.690328601232884,0.5704525062986157,0.23110109934318201
1.22,0.6858297110200692,0.5727816307398126,0.23442352460804994
1.23,0.6813136612293077,0.5750587418408539,0.2377574245549191
1.24,0.6767808782284416,0.5772836777965195,0.24110246054915724
1.25,0.6722317894983235,0.579456282320862,0.24445829314534112
1.26,0.6676668235843284,0.5815764046564128,0.24782458212667963
1.27,0.6630864100478122,0.5836438995826958,0.2512009865444592
1.28,0.6584909794175269,0.5856586274240545,0.25458716475750487
1.29,0.653880963140995,0.5876204540567888,0.2579827744716529
1.3,0.6492567935358542,0.5895292509156018,0.26138747277922686
1.31,0.6446189037411733,0.5913848949993604,0.2648009161985147
1.32,0.6399677276687521,0.5931872688761689,0.26822276071324114
1.33,0.635303699954408,0.5949362606877566,0.2716526618120275
1.34,0.6306272559092534,0.5966317641531846,0.27509027452783735
1.35,0.6259388314709754,0.5982736785718644,0.27853525347739855
1.36,0.6212388631551244,0.5998619088258997,0.28198725290060267
1.37,0.61652778800641,0.6013963653817476,0.2854459266998714
1.3800000000000001,0.6118060435500197,0.6028769642911996,0.28891092847948296
1.3900000000000001,0.6070740677429638,0.6043036271916917,0.2923819115848638
1.4000000000000001,0.6023322989254495,0.6056762813059327,0.29585852914182753
1.41,0.5975811757722959,0.6069948594408661,0.2993404340957641
1.42,0.5928211372443908,0.6082592999859605,0.30282727925077624
1.43,0.588052622540201,0.6094695469108292,0.3063187173087465
1.44,0.5832760710473384,0.6106255497621874,0.30981440090834617
1.45,0.5784919222941893,0.6117272636601452,0.31331398266396737
1.46,0.5737006159016136,0.6127746492938348,0.31681711520458156
1.47,0.5689025915347194,0.613767672916389,0.32032345121251776
1.48,0.564098288854721,0.6147063063392539,0.3238326434621542
1.49,0.5592881474708828,0.6155905269258535,0.32734434485852104
1.5,0.5544726068925602,0.6164203175846035,0.33085820847580827
1.51,0.5496521064813376,0.6171956667612777,0.3343738875957748
1.52,0.5448270854032768,0.6179165684307286,0.3378910357460547
1.53,0.539997982581276,0.6185830220879683,0.3414093067383538
1.54,0.5351652366475468,0.6191950327386109,0.3449283547065387
1.55,0.5303292858962189,0.6197526108886788,0.3484478341446057
1.56,0.5254905682360735,0.6202557725337785,0.35196739994453013
1.57,0.5206495211434136,0.6207045391476506,0.3554867074339948
1.58,0.515806581615081,0.6210989376700875,0.35900541241398515
1.59,0.5109621861216156,0.6214390004942414,0.3625231711962578
1.6,0.5061167705605787,0.6217247654533044,0.36603964064066946
1.61,0.5012707702100292,0.6219562758065811,0.3695544781923689
1.62,0.4964246196821728,0.6221335802249497,0.37306734191884605
1.6300000000000001,0.4915787528771812,0.6222567327757171,0.3765778905468332
1.6400000000000001,0.4867336029371927,0.622325792906872,0.38008578349905947
1.6500000000000001,0.4818896022004964,0.6223408254307401,0.3835906809308492
1.6600000000000001,0.4770471821559098,0.6223019005070467,0.38709224376657037
1.67,0.4722067733973505,0.622209093625387,0.39059013373591955
1.68,0.46736880557861593,0.6220624855871144,0.3940840134100475
1.69,0.46253370736836824,0.6218621624866457,0.3975735462375217
1.7,0.4577019064053372,0.621608215692188,0.40105839658012615
1.71,0.4528738292537451,0.6213007418258991,0.40453822974848386
1.72,0.44804990135895806,0.6209398427434732,0.4080127120375203
1.73,0.4432305470033726,0.6205256255131673,0.41148151076175005
1.74,0.4384161892625421,0.6200582023942691,0.4149442942903886
1.75,0.43360724996155,0.6195376908150084,0.4184007320822926
1.76,0.42880414963163593,0.6189642133499229,0.42185049472072483
1.77,0.4240073074670827,0.6183378976966747,0.42529325394793915
1.78,0.41921714128236487,0.6176588766523304,0.42872868269959397
1.79,0.4144340674695763,0.6169272880891051,0.4321564551389825
1.8,0.4096585009561291,0.6161432749295761,0.43557624669109263
1.81,0.40489085516274653,0.6153069851213694,0.43898773407648406
1.82,0.40013154196174106,0.6144185716113286,0.44239059534499375
1.83,0.3953809716355972,0.6134781923191658,0.44578450990926594
1.84,0.39063955283585905,0.6124860101106014,0.4491691585781059
1.85,0.3859076925423306,0.6114421927699987,0.4525442235896673
1.86,0.3811857960226008,0.6103469129724957,0.4559093886444682
1.87,0.3764742667918935,0.6092003482556408,0.4592643389382392
1.8800000000000001,0.3717735065732567,0.608002680990539,0.4626087611946123
1.8900000000000001,0.3670839152580959,0.6067540983525048,0.4659423436976487
1.9000000000000001,0.3624058908670579,0.6054547922912388,0.4692647763242128
1.9100000000000001,0.3577398295112797,0.6041049595005238,0.4725757505761946
1.92,0.35308612535400313,0.6027048013874428,0.47587495961259224
1.93,0.3484451705725703,0.6012545240411384,0.4791620982814506
1.94,0.3438173553208057,0.5997543382010952,0.4824368631516757
1.95,0.33920306769179687,0.5982044592249689,0.4856989525447184
1.96,0.33460269368108,0.5966051070559566,0.48894806656614914
1.97,0.3300166171502442,0.5949565061897127,0.49218390713712246
1.98,0.32544521979096375,0.5932588856408174,0.49540617802574527
1.99,0.3208888810894676,0.5915124789087958,0.49861458487836474
2.0,0.3163479782914609,0.5897175239436989,0.5018088352507742
2.0100000000000002,0.3118228863675059,0.5878742631112397,0.5049886386393687
2.02,0.3073139779788808,0.5859829431574952,0.5081537065122398
2.0300000000000002,0.30282162344392194,0.5840438151731706,0.5113037523402539
2.04,0.29834619070486934,0.5820571345574321,0.5144384916280982
2.05,0.2938880452952255,0.5800231609813093,0.5175576419453434
2.06,0.2894475503076449,0.5779421583506619,0.5206609229575084
2.07,0.285025066362367,0.5758143947687219,0.5237480564571808
2.08,0.28062095157621003,0.5736401424982032,0.5268187663951849
2.09,0.27623556153214457,0.5714196779229817,0.529872778911838
2.1,0.2718692492494583,0.5691532815093445,0.5329098223683127
2.11,0.2675223651545393,0.5668412377668042,0.5359296273781322
2.12,0.2631952570522891,0.5644838352084813,0.53893192683882
2.13,0.2588882700981898,0.5620813663110442,0.5419164559637478
2.14,0.2546017467710483,0.5596341274742107,0.5448829523141941
2.15,0.2503360268464344,0.5571424189797969,0.5478311558316606
2.16,0.24609144737084154,0.5546065449503204,0.5507608088704744
2.17,0.24186834263659418,0.552026813307134,0.5536716562307139
2.18,0.2376670441575234,0.5494035357280986,0.5565634451914991
2.19,0.23348788064544457,0.546737027604774,0.5594359255446861
2.2,0.22933117798746033,0.5440276079991233,0.5622888496290098
2.21,0.22519725922412134,0.5412755995997162,0.5651219723647212
2.22,0.22108644452847698,0.5384813286774163,0.5679350512887709
2.23,0.2169990511860476,0.5356451250405432,0.570727846590582
2.24,0.21293539357575367,0.5327673219894852,0.5735001211484768
2.25,0.20889578315183954,0.5298482562707436,0.5762516405668087
2.2600000000000002,0.20488052842682972,0.5268882680303992,0.5789821732138588
2.27,0.20088993495555774,0.5238877007669589,0.5816914902605634
2.2800000000000002,0.19692430532030764,0.5208469012835757,0.5843793657201388
2.29,0.19298393911712172,0.5177662196395995,0.5870455764886683
2.3000000000000003,0.18906913294330852,0.5146460091014349,0.5896899023867328
2.31,0.1851801803862098,0.5114866260926765,0.592312126202152
2.32,0.1813173720132741,0.5082884301434736,0.5949120337339305
2.33,0.17748099536349382,0.505051783839093,0.597489413837473
2.34,0.1736713349402564,0.5017770527676377,0.6000440584711801
2.35,0.16988867220567705,0.4984646054668628,0.6025757627444996
2.36,0.16613328557647083,0.4951148133700569,0.6050843249675332
2.37,0.16240545042142643,0.49172805075091197,0.607569546702313
2.38,0.1587054390605605,0.4883046946673395,0.6100312328158293
2.39,0.15503352076601098,0.484845124904157,0.6124691915349391
2.4,0.15138996176475522,0.48134972391458236,0.6148832345032645
2.41,0.14777502524322436,0.4778188767604562,0.6172731768401959
2.42,0.14418897135390166,0.47425297105111525,0.6196388372021252
2.43,0.14063205722398509,0.4706523968808224,0.6219800378460432
2.44,0.1371045369662092,0.467017546764675,0.6242966046956326
2.45,0.13360666169191565,0.4633488155728696,0.6265883674099924
2.46,0.13013867952647418,0.459646600463237,0.6288551594551409
2.47,0.12670083562715312,0.45591130081191616,0.6310968181784489
2.48,0.1232933722035493,0.45214331814205266,0.6333131848861595
2.49,0.11991652854068582,0.4483430560503825,0.6355041049241443
2.5,0.11657054102489503,0.4445109201315692,0.6376694277620799
2.5100000000000002,0.11325564317260968,0.4406473179001282,0.6398090070812004
2.52,0.10997206566218504,0.4367526587097925,0.6419227008658128
2.5300000000000002,0.10672003636888494,0.4328273536701369,0.6440103714987541
2.54,0.10349978040316898,0.42887181556027465,0.6460718858609813
2.5500000000000003,0.10031152015242223,0.42488645873944186,0.6481071154354837
2.56,0.09715547532627598,0.42087169905424426,0.6501159364157231
2.57,0.09403186300567141,0.41682795374235804,0.6520982298188034
2.58,0.09094089769582767,0.4127556413324307,0.6540538816035748
2.59,0.08788279138328067,0.40865518153994684,0.6559827827939043
2.6,0.0848577535971604,0.4045269951587721,0.6578848296073109
2.61,0.08186599147489088,0.4003715039481013,0.6597599235892091
2.62,0.07890770983249072,0.39618913051449767,0.6616079717529815
2.63,0.07598311123967313,0.3919802981887072,0.6634288867261162
2.64,0.0730923960999347,0.387745430896897,0.6652225869026533
2.65,0.07023576273584708,0.38348495302595575,0.6669889966021703
2.66,0.06741340747975497,0.379199289282472,0.6687280462355677
2.67,0.0646255247701036,0.3748888645449735,0.6704396724778939
2.68,0.061872307253621237,0.3705541037089929,0.672123818448458
2.69,0.0591539458935887,0.36619543152450623,0.6737804338984937
2.7,0.05647063008443377,0.3618132724252374,0.6754094754066235
2.71,0.05382254777290396,0.3574080503493313,0.67701090658237
2.72,0.05120988558606398,0.3529801885508227,0.6785846982779872
2.73,0.04863282896638646,0.34853010940133955,0.6801308288088473
2.74,0.04609156231419888,0.3440582341814122,0.6816492841826487
2.75,0.04358626913776965,0.3395649828607398,0.6831400583376803
2.7600000000000002,0.041117132211306695,0.3350507738667229,0.6846031533904012
2.77,0.038684333741167726,0.33051602384053896,0.6860385798925657
2.7800000000000002,0.03628805554057097,0.32596114737997317,0.6874463570981256
2.79,0.03392847921311618,0.3213865567682113,0.6888265132401392
2.8000000000000003,0.031605786345415623,0.3167926616877047,0.6901790858178934
2.81,0.029320158709163505,0.31217986891822036,0.6915041218944497
2.82,0.02707177847294987,0.30754858201809265,0.6928016784047937
2.83,0.02486082842415665,0.30289920098766976,0.6940718224747633
2.84,0.022687492201259762,0.29823212191386883,0.6953146317509082
2.85,0.020551954536874226,0.293547736594709,0.6965301947414173
2.86,0.018454401511883375,0.28884643214262024,0.6977186111682098
2.87,0.016395020820987455,0.28412859056524686,0.6988799923302846
2.88,0.014374002050022034,0.27939458832242153,0.700014461478368
2.89,0.012391536965386222,0.274644795857875,0.7011221542008808
2.9,0.010447819815925855,0.2698795771041971,0.702203218821194
2.91,0.008543047647620214,0.2650992889594609,0.703257816806118
2.92,0.006677420631407605,0.26030428073383793,0.7042861231855007
2.93,0.004851142404488271,0.2554948935644392,0.705288326982767
2.94,0.003064420425446166,0.2506714597965225,0.7062646316561818
2.95,0.0013174663435005147,0.24583430232908188,0.707215255550532
2.96,-0.0003895036177852456,0.24098373392274153,0.7081404323588677
2.97,-0.0020562682620372326,0.23612005646775414,0.7090404115938524
2.98,-0.0036826010065590786,0.231243560209765,0.7099154590681921
2.99,-0.005268269453495877,0.22635452293088357,0.7107658573835035
3.0,-0.006813034945424668,0.22145320908345367,0.7115919064268807
3.0100000000000002,-0.008316652105140675,0.2165398688737654,0.7123939238742987
3.02,-0.0097788683594353,0.2116147372927838,0.7131722456998584
3.0300000000000002,-0.011199423446701256,0.20667803309081334,0.7139272266897423
3.04,-0.012578048908224147,0.2017299576928136,0.7146592409595622
3.0500000000000003,-0.01391446756307859,0.1967706940509015,0.7153686824736452
3.06,-0.015208392966578617,0.19180040543036309,0.716055965564573
3.0700000000000003,-0.016459528852304055,0.18681923412527623,0.7167215254510986
3.08,-0.01766756855777165,0.18182730009960119,0.7173658187523194
3.09,-0.018832194433906917,0.17682469954935465,0.7179893239957211
3.1,-0.01995307723853776,0.17181150338120055,0.7185925421164405
3.11,-0.021029875514241313,0.1667877556024997,0.7191759969447525
3.12,-0.02206223495095929,0.16175347161755427,0.7197402356784735
3.13,-0.023049787733925915,0.15670863642444027,0.7202858293365446
3.14,-0.02399215187758725,0.15165320270646487,0.7208133731896889
3.15,-0.024888930546327404,0.1465870888118918,0.7213234871635295
3.16,-0.025739711362990362,0.14151017661517012,0.7218168162090536
3.17,-0.0265440657063803,0.1364223092524411,0.7222940306347575
3.18,-0.027301547999117222,0.1313232887236206,0.7227558263941425
3.19,-0.028011694987484223,0.12621287335282821,0.7232029253215811
3.2,-0.028674025015145203,0.1210907750983703,0.7236360753087661
3.21,-0.02928803729293099,0.11595665670287643,0.7240560504131384
3.22,-0.02985321116722115,0.11081012867352338,0.724463650888726
3.23,-0.03036900538981608,0.10565074608157389,0.7248597031287959
3.24,-0.030834857392638276,0.10047800516967927,0.7252450595085635
3.25,-0.031250182571062206,0.09529133975455624,0.7256205981149376
3.2600000000000002,-0.031614373580214516,0.09009011741175324,0.7259872223488089
3.27,-0.031926799649185926,0.08487363542820889,0.7263458603838864
3.2800000000000002,-0.032186805918782826,0.07964111650726594,0.7266974644642514
3.29,-0.032393712809193766,0.07439170420961227,0.7270430100209043
3.3000000000000003,-0.03254681542482029,0.06912445811237564,0.7273834945853658
3.31,-0.03264538300447336,0.06383834866721515,0.7277199364759813
3.3200000000000003,-0.03268865842624487,0.058532251736731836,0.728053373229884
3.33,-0.03267585777757613,0.05320494278692791,0.7283848597505208
3.34,-0.032606170002438484,0.04785509071161469,0.7287154661372959
3.35,-0.03247875663912019,0.042481251262741423,0.7290462751600882
3.36,-0.03229275166387657,0.037081860058490304,0.7293783793371749
3.37,-0.0320472614577022,0.031655225138631816,0.7297128775703351
3.38,-0.03174136491578938,0.02619951903409337,0.7300508712855632
3.39,-0.031374113721793266,0.020712770314879635,0.7303934600218445
3.4,-0.0309445328119764,0.015192854577399348,0.7307417364036345
3.41,-0.030451621057653717,0.009637484828849161,0.7310967804250794
3.42,-0.02989435219817419,0.004044201222580103,0.7314596529653699
3.43,-0.029271676061035895,-0.0015896399058302185,0.7318313884447976
3.44,-0.0285825201107314,-0.0072668777566126976,0.7322129865200113
3.45,-0.027825791373647615,-0.012990559597950254,0.7326054027042662
3.46,-0.027000378792953,-0.018763954177909242,0.7330095377840224
3.47,-0.026105156074999906,-0.024590566088288635,0.7334262258866997
3.48,-0.02513898509757974,-0.030474151159718382,0.7338562210354066
3.49,-0.02410071996056718,-0.03641873297557206,0.7343001820045648
3.5,-0.02298921177139271,-0.04242862060153117,0.7347586552650802
3.5100000000000002,-0.021803314271615852,-0.04850842763836496,0.7352320557783695
3.52,-0.020541890427157268,-0.05466309271777449,0.7357206453644086
3.5300000000000002,-0.019203820123832607,-0.06089790157546798,0.7362245083290533
3.54,-0.01778800913238182,-0.06721851085231187,0.7367435239890197
3.5500000000000003,-0.01629339953391644,-0.07363097379414671,0.7372773356777091
3.56,-0.014718981828435352,-0.08014176804414685,0.7378253157496724
3.5700000000000003,-0.013063808987047707,-0.0867578257495765,0.7383865260237932
3.58,-0.01132701275395176,-0.093486566238418,0.7389596730124589
3.59,-0.009507822558958642,-0.1003359315620827,0.7395430571726325
3.6,-0.0076055874674346696,-0.10731442525026189,0.7401345152806647
3.61,-0.005619801674679115,-0.11443115468504843,0.7407313548704483
3.62,-0.0035501341492566985,-0.12169587757705772,0.7413302794774448
3.63,-0.001396463148955283,-0.12911905312002883,0.7419273031908847
3.64,0.0008410835210612294,-0.13671189851743937,0.7425176527223074
3.65,0.0031620814588765624,-0.14448645172124044,0.7430956548374313
3.66,0.005565754555043765,-0.15245564140708345,0.7436546065531828
3.67,0.008050910276730126,-0.16063336544279572,0.7441866249515314
3.68,0.010615863464161362,-0.1690345794006017,0.744682472779746
3.69,0.013258346335629036,-0.17767539703576718,0.7451313551591476
3.7,0.015975401872990094,-0.18657320512675668,0.745520681668673
3.71,0.01876325710553982,-0.19574679567238912,0.7458357867518314
3.72,0.02161717199281395,-0.2052165192055438,0.7460595997476411
3.73,0.024531258583952813,-0.21500446395607442,0.7461722537819762
3.74,0.02749826384935062,-0.22513466683575295,0.7461506201663921
3.75,0.030509307971799824,-0.2356333637992934,0.7459677516994261
3.7600000000000002,0.033553567864139267,-0.24652928915216102,0.7455922141764567
3.77,0.036617893140777194,-0.2578540359481316,0.7449872802685392
3.7800000000000002,0.03968633857551673,-0.2696424929006798,0.7441099534502441
3.79,0.04273959305644516,-0.281933377416961,0.7429097814899386
3.8000000000000003,0.04575427998362465,-0.2947698896994484,0.7413274087196275
3.81,0.04870209767398458,-0.3082005196631785,0.7392928033148448
3.8200000000000003,0.051548760295682325,-0.32228004708638636,0.7367230794305688
3.83,0.05425268971688456,-0.33707078645721833,0.7335198133641592
3.84,0.056763395874183865,-0.352644142043862,0.7295657268240603
3.85,0.05901946715386554,-0.3690825566173207,0.7247205774535884
3.86,0.0609460719665404,-0.38648196003080637,0.7188160552017413
3.87,0.062451847088638615,-0.40495485281904897,0.7116494306923902
3.88,0.0634250160670927,-0.4246341967841034,0.7029756355783505
3.89,0.06372854030537747,-0.4456783312808101,0.692497371402301
3.9,0.06319405419419485,-0.468277193257293,0.679852738223324
3.91,0.06161427108420394,-0.4926601943947676,0.664599741548445
3.92,0.05873346558694068,-0.519106204155443,0.6461968688221966
3.93,0.05423553532221755,-0.5479562085231168,0.6239787159401445
3.94,0.04772901639563075,-0.5796293674338028,0.59712537874746
3.95,0.03872826480351911,-0.6146433878182372,0.5646239901830357
3.96,0.026629812119533667,-0.6536403744840805,0.5252203629749884
3.97,0.010682647560732887,-0.6974196311807473,0.4773581684461845
3.98,-0.010049143482268805,-0.7469792759994129,0.4191024163086346
3.99,-0.03673335883863009,-0.80356902998804,0.3480431635717205
4.0,-0.07082875908542599,-0.868757162163388,0.2611743293757267
4.01,-0.11415936671946691,-0.9445153614428318,0.1547411722856138
