t,a,b,c,d
0.0,0.07214479637354002,-0.08831894283969624,-0.009075388866459033,0.09738556562042211
0.002,0.036822436832124925,-0.029696064116619736,-0.042057519509067776,0.13172854699095857
0.004,0.07370604993461874,-0.028974318316751763,-0.03836204639628893,0.0891663405252558
0.006,0.049193777725285694,0.053948994147376285,-0.02898909664041749,0.041581517581317284
0.008,0.04706186761519759,0.009925415838999266,0.0040748902188728064,0.11774651588092896
0.01,-0.04589141293337158,-0.049199497200952395,0.04850943983133399,0.08314275308530883
0.012,-0.021213714230846947,-0.050629399047594933,0.12448796453894506,0.09825315984699654
0.014,0.029358707036476313,-0.20475210658568477,0.0683206049096981,0.14877662312660106
0.016,0.07728400148228551,-0.1360893876975972,0.14258905222235352,0.24743053233912166
0.018000000000000002,0.09243552577836053,-0.10083601765547226,0.1273063579447654,0.17704452825026123
0.02,0.0676937797594503,-0.141232220767462,0.15441878723260594,0.1282524431198074
0.022,0.00930621453448971,-0.2038537702860688,0.14172263346069358,-0.0015688817863122317
0.024,0.08473749690120616,-0.21516318462633469,0.1580807288444392,-0.009115117794456562
0.026000000000000002,0.06882181250407227,-0.22613846287764502,0.09884628289011443,0.0928619335059842
0.028,0.10409636440170988,-0.22991442419207658,0.06402476250601818,0.1497919392518905
0.03,0.13659475556708336,-0.2356316241199446,0.16607075393983478,0.15286370603649682
0.032,0.12598141342163832,-0.24230423654041267,0.21645033189488683,0.17948484749901625
0.034,0.11555246020084273,-0.35127087985456834,0.24098060004091837,0.20629445569301957
0.036000000000000004,0.13522287714550246,-0.37583196632583793,0.27227460520195146,0.30154050057346216
0.038,0.18234468112594224,-0.30233618896841624,0.33614548426022106,0.2846187031806765
0.04,0.14139196830186587,-0.28042059444308387,0.3005642037053967,0.316406891646172
0.042,0.12859178885122569,-0.30489536999750527,0.28266680759300966,0.3688113399126037
0.044,0.2116957868365327,-0.26632393731773896,0.2979462955857458,0.4554224731542682
0.046,0.1778321964841864,-0.25750283225502196,0.35440320160348154,0.40527830188444836
0.048,0.06726071684736126,-0.19456585557517714,0.40635865199809595,0.3589190988328128
0.05,0.02906280048934679,-0.1829981060849825,0.39574359704616224,0.3279423628433418
0.052000000000000005,-0.04924592253831836,-0.2336734557229592,0.39531899427323614,0.3472414001157068
0.054,-0.020983478985572946,-0.3003326533523075,0.395533691984994,0.3308663785498135
0.056,-0.051645135474309586,-0.32945309415245944,0.4178458415915879,0.35724119668918497
0.058,-0.09824698881960002,-0.33028090140421457,0.36583538596177434,0.32797464091408324
0.06,-0.09940879016894608,-0.34996106325979803,0.31624769552745735,0.39609769076572365
0.062,-0.052160048224582284,-0.35369227053995034,0.2876402414662559,0.3462173199755779
0.064,-0.059260289828616884,-0.36420880016491897,0.2789937445722108,0.36236941493862285
0.066,-0.10133307272950867,-0.34473368836336615,0.24748680831978254,0.34996830365999926
0.068,-0.1315719189354584,-0.29176245597561,0.2831945592286069,0.3352496125394829
0.07,-0.1561579221042695,-0.3302918053978498,0.35632788629112955,0.32874504428951823
0.07200000000000001,-0.18002143920211006,-0.2777214250318374,0.32540711021717683,0.3396871140129599
0.074,-0.20888877399855324,-0.2564626104098471,0.3432633422016644,0.35349035750434893
0.076,-0.1970908095091143,-0.2716115478381296,0.30136751392383543,0.31004095813839605
0.078,-0.1719609063651365,-0.23156475045549346,0.24858412767735255,0.2903043352287652
0.08,-0.1953089173647024,-0.22201445783249094,0.31715425872995173,0.27726903720664264
0.082,-0.1984771883984716,-0.20485689171227728,0.2582782899030529,0.2200567840855424
0.084,-0.14330769145875763,-0.26974132365327597,0.28147458438699435,0.3018660992510946
0.08600000000000001,-0.1776597057813439,-0.28672516077350163,0.28487706592972917,0.29286121878316596
0.088,-0.2197004659988162,-0.31822353927657115,0.32947838015695724,0.30383297752675276
0.09,-0.22767538044590457,-0.34495027867187755,0.3620872102656727,0.2788956072331574
0.092,-0.3014957368392178,-0.3490697839903596,0.3437882882487897,0.21024956489133165
0.094,-0.3032956405815474,-0.3918683864541155,0.3219384283608431,0.18331729578674713
0.096,-0.3335459224959765,-0.3553936971982925,0.2083109475567363,0.17649465613713156
0.098,-0.38164000575279816,-0.3642598534734847,0.17327771717407559,0.22585832471225092
0.1,-0.38790465907116256,-0.407364390530702,0.21912161192117907,0.20358466525847432
0.10200000000000001,-0.37281685442828294,-0.4130359811532288,0.23641263460551498,0.24938350214394905
0.10400000000000001,-0.37713441442967155,-0.41352288044304086,0.252099146911799,0.21156345057409157
0.106,-0.3378987392970351,-0.4008679655066851,0.28213469986554573,0.19266789546030005
0.108,-0.35598731329491345,-0.3895091887346479,0.2817471061952148,0.22180127698541882
0.11,-0.3512988150692585,-0.4657300998022936,0.31264079671097095,0.17488801901737097
0.112,-0.34688466946161023,-0.44094788680948577,0.30679725224508114,0.11131288001533221
0.114,-0.3243902573933086,-0.47689142050828837,0.3294850973620557,0.1700072822811367
0.116,-0.2547351842395619,-0.4960410097835749,0.36376683306628477,0.18044567439179046
0.11800000000000001,-0.23445958019139304,-0.5126115746833314,0.3603841942277641,0.08979809930526239
0.12,-0.25494052140294654,-0.47230887609132083,0.34736609904671345,0.08835485782776914
0.122,-0.1763743406042932,-0.44853885288061435,0.40683255534418905,0.10684848447833753
0.124,-0.11827223229246428,-0.5294587666719501,0.3825157066522017,0.13526408851354066
0.126,-0.1310672834313248,-0.5576148669850873,0.36274860620388405,0.10659562972145356
0.128,-0.019589738223257408,-0.5942682918609397,0.4541242443622724,0.20642666917480845
0.13,0.008334406227390637,-0.5942364240793051,0.43556502430260347,0.17188442555582412
0.132,0.07771437737979099,-0.5789323443137637,0.43992879752721237,0.1904893572567151
0.134,0.030783389342217228,-0.601649082379077,0.5050741288453106,0.21072365531746018
0.136,0.04019183923625444,-0.5939820816563899,0.4605417316850915,0.2213791908156754
0.138,-0.06692778743289765,-0.5779046400991614,0.4518947672573166,0.20427164898587538
0.14,-0.09973077050233324,-0.5764535201080635,0.42896324767021166,0.23455685104754723
0.14200000000000002,-0.1418926369037194,-0.5296208133303957,0.42805762993347546,0.2638373696653876
0.14400000000000002,-0.16056942420139614,-0.54931456161198,0.38702427350524127,0.3084321952248599
0.146,-0.21269332977147923,-0.5632287868144578,0.3524709193734899,0.3549122617478245
0.148,-0.27393872166184474,-0.5281990659066004,0.3181818184733629,0.3611039706145676
0.15,-0.2652752622968309,-0.5614669008096154,0.3410089761377482,0.3641726246868732
0.152,-0.21499274137589922,-0.5472882255032344,0.30895229231964605,0.3786230481211298
0.154,-0.2143458630083646,-0.5487423353012051,0.30286833597745455,0.4198033721168455
0.156,-0.16427813785020595,-0.5022052637707884,0.2339258932585082,0.43981856541264874
0.158,-0.11632238902340464,-0.5683726928774078,0.21015467556424694,0.4488842207914743
0.16,-0.15205025684868978,-0.5944072262281612,0.19228085250685722,0.5185391220997817
0.162,-0.26078221332714085,-0.5771688467306402,0.17404825454245287,0.5234794845663931
0.164,-0.23455238781627175,-0.5777548261234724,0.17549948411858973,0.5513175473896688
0.166,-0.23389537731601676,-0.5650823814845047,0.1892866271234156,0.5496153813503595
0.168,-0.17802108367355213,-0.5421396991340971,0.11684210387582361,0.5446591874894121
0.17,-0.15011283380890422,-0.5149299123457811,0.09043147188034328,0.49871210826589707
0.17200000000000001,-0.1423317485040145,-0.5081000221415097,0.06735436097154668,0.43271767386641236
0.17400000000000002,-0.15457515701274488,-0.5470045256707606,0.006550922116915436,0.3925078135452546
0.176,-0.16667705663890092,-0.5086269761075572,0.0253104795853335,0.31416097664392073
0.178,-0.13320273532475804,-0.5066307099286236,-0.021819818625200826,0.27572205876256056
0.18,-0.15082269922591046,-0.5377506802877157,-0.05372122461110462,0.25514942800482665
0.182,-0.1777600614921247,-0.5685817154651657,-0.0442487137894475,0.25783936896664106
0.184,-0.10207610368414916,-0.5710168295157454,-0.08838173207659755,0.2608826095962858
0.186,-0.07968507575858565,-0.6189888214337926,0.0008886127051892512,0.24078174622184306
0.188,-0.04643765389336564,-0.6674488684720086,-0.01325411690802425,0.22508768654037134
0.19,-0.0828639670628032,-0.6507722142624146,0.029387419443267004,0.24356438056445312
0.192,-0.07388964403961769,-0.6467224079686815,-0.013960939350209478,0.2093321566048533
0.194,-0.0589796927714029,-0.6779158437603598,-0.0721700283250728,0.17055582464930533
0.196,-0.0812419992677022,-0.6751590386440517,-0.01959116154664703,0.15281213492144996
0.198,-0.11844779354908577,-0.6658468541037004,-0.07726026292240323,0.11310986100715115
0.2,-0.1402615011231086,-0.6165838145333264,-0.06958539376049133,0.15531691009916743
0.202,-0.07289072771956893,-0.6042040399577012,-0.04424877300427443,0.10146567009375754
0.20400000000000001,-0.05898985052681899,-0.6217124274969082,0.016397688643154718,0.17957060492649551
0.20600000000000002,-0.04433864264808429,-0.5962854704474267,0.011730678332340205,0.17982706580526686
0.20800000000000002,-0.008432494632331672,-0.5849787142432235,0.00017397866573931609,0.17997186186622358
0.21,-0.027750359696284158,-0.6139807169335709,-0.022424855601618887,0.08299946091594457
0.212,0.02199179934848021,-0.5717261979243528,0.0019434672171858014,0.07798727493592034
0.214,-0.0012998787030954334,-0.5970759701887918,-0.021572144519761638,0.01887983183040326
0.216,-0.03654823461335735,-0.5891947042531217,-0.047384976086236485,0.09935775595138738
0.218,0.0857654521449093,-0.5566843482886892,-0.09138065908576304,0.1537473948618468
0.22,0.1078963585113887,-0.5289572161026119,-0.16504985124735538,0.1423637414817718
0.222,0.11044193555169493,-0.552648209822796,-0.14466935975935674,0.21122806291693205
0.224,0.13396472508616517,-0.5272397315502477,-0.15943040875599346,0.22416802465937322
0.226,0.05294184081058294,-0.554666173959549,-0.1915974377508154,0.14617068339909797
0.228,0.0846281091037445,-0.5412997406319255,-0.15837886369222776,0.12017807751532955
0.23,0.0776022065987378,-0.5126204660788461,-0.20299290188325558,0.13920171141964352
0.232,0.1546174578403782,-0.4731452440869779,-0.20936075127481357,0.1513548493817648
0.234,0.12046061049132092,-0.4206311061061211,-0.18021433180064317,0.10874834680217615
0.23600000000000002,0.16961157092323031,-0.37234889062828064,-0.20612292153855882,0.16294075353145945
0.23800000000000002,0.165565208010153,-0.3587039489800575,-0.1950005114414317,0.1262708197373974
0.24,0.16593309702656298,-0.35365039422152744,-0.19667188041119377,0.2618826395142542
0.242,0.16576283674274728,-0.41828847149212744,-0.19186944590483496,0.2171886738207503
0.244,0.15449698895962888,-0.3848829530882527,-0.14205428955923477,0.31110379918627784
0.246,0.1195050852738189,-0.3574306685708306,-0.1489401819220334,0.30856097301883156
0.248,0.22862073566710284,-0.29956969919123416,-0.1923373715810941,0.32274478879973156
0.25,0.2869431816718703,-0.3087883370325769,-0.20037137152515738,0.3628131261342894
0.252,0.28144466579850463,-0.26484580278168135,-0.1598424446107793,0.3366437107885187
0.254,0.30873043853005233,-0.19502683655212075,-0.19333838922948315,0.3690432495060366
0.256,0.34663978046099153,-0.15859978134292851,-0.20345570267695828,0.3644036711894741
0.258,0.35416505934226156,-0.18352600470928787,-0.20079370934076834,0.3503217535493933
0.26,0.33426218053377754,-0.21109604985171923,-0.2070874489628109,0.35660865576078693
0.262,0.4251527487438647,-0.19925843321865455,-0.1502875965848589,0.35490117299948176
0.264,0.41843979801660114,-0.23138567939880372,-0.14431794287506927,0.32555359135132445
0.266,0.45171588157196985,-0.22709811798785423,-0.1410312988875826,0.2858944655949603
0.268,0.43752070623631767,-0.20553023490068845,-0.12902907757013982,0.2986598592620544
0.27,0.45729603065757934,-0.20139967538761672,-0.08653170485214096,0.37386401641720096
0.272,0.48314472636441474,-0.22152139513273555,-0.020522969053944407,0.39917467002025675
0.274,0.431013212129031,-0.1920892361119011,-0.03314967745923092,0.4085179848446244
0.276,0.4668503783545021,-0.16981564838578073,-0.06588680006586667,0.3888577304693719
0.278,0.4753138239707664,-0.18382046661790302,0.004019816817424249,0.33202659287351943
0.28,0.4668344052164984,-0.17289491496166676,-0.050167630691103415,0.34441371811897825
0.28200000000000003,0.4459195132660184,-0.18758870086878035,-0.0583652105788125,0.3755129354750619
0.28400000000000003,0.4137615432429643,-0.20029700368626213,0.05457771507102738,0.34759979317411227
0.28600000000000003,0.4019269112875664,-0.20401496020389986,0.09404059876003673,0.35096758769113023
0.28800000000000003,0.4187053577892056,-0.22707346631132902,0.12928701565368422,0.37402371087154584
0.29,0.41212069773435345,-0.20806635318351263,0.12063570759446879,0.40487687067517175
0.292,0.4352273226132033,-0.2026043767118601,0.10306309553103804,0.3820991693320278
0.294,0.43552537077470577,-0.251743837559081,0.14611239821270405,0.38132184043183437
0.296,0.46583494608850406,-0.2599496326700579,0.1947730962173448,0.35971122173318226
0.298,0.39760812996450323,-0.21158487410148433,0.13249958918629934,0.33604885091837583
0.3,0.42380993609940676,-0.21719524783732075,0.10641895003905971,0.35735955190626845
0.302,0.4128161802043955,-0.13101778368655287,0.13118048879882283,0.3756752877420644
0.304,0.38597796054032235,-0.11952552956634038,0.11433000365354645,0.45888165121108765
0.306,0.3902931980212636,-0.09713108989257896,0.13198379106768743,0.4578527325420453
0.308,0.34457279132185625,-0.11051801329886733,0.19861283832531984,0.43426971883181453
0.31,0.2964539352989086,-0.12575825490352874,0.2293522315227281,0.4299983833312018
0.312,0.3166910867999946,-0.112293244785381,0.286111977844643,0.5010472639684493
0.314,0.305357626686884,-0.09080870486767269,0.2952764200510831,0.5112705986962465
0.316,0.23419138827960917,-0.05178303940825375,0.2672206226937315,0.5196161531808557
0.318,0.20091928743597331,-0.08062659327491332,0.3069671787404956,0.49369636407565426
0.32,0.21349855364006373,0.05555405074064169,0.22867893198213346,0.5150629786463334
0.322,0.2917878619940981,0.03239762734127216,0.11635303129466101,0.4824974559855272
0.324,0.32004861055687756,-6.754460389196693e-05,0.08664100314987189,0.5117289306425395
0.326,0.3195334956831216,0.010388370515268724,0.11331508958750114,0.48790917262611144
0.328,0.3167818415277603,0.016709082860785783,0.15337676792894783,0.5027947328132029
0.33,0.3111014122574971,-0.005214514608777879,0.19659341828514953,0.5044569134106904
0.332,0.3751235479910605,-0.013766643075613788,0.23244942945128638,0.5226963913544626
0.334,0.41301308024707944,-0.007664908964420791,0.1899225877450073,0.5118482941304161
0.336,0.36859421839115114,-0.05071789976065224,0.1639618597940412,0.5199758282417315
0.338,0.3155222164228906,0.021897617950986624,0.17366560651453217,0.5114088684042692
0.34,0.3252828778153739,0.07554461085617949,0.19420557066257332,0.5179554940225808
0.342,0.25941885934854264,0.04996290187392366,0.2806410422572825,0.49122321530932755
0.34400000000000003,0.33238174112023083,0.0564090194766045,0.262042685370179,0.4932038262621567
0.34600000000000003,0.3248281102189857,0.09600551159184004,0.2799395272569832,0.4816174011952498
0.34800000000000003,0.2745259030262004,0.09102955601684679,0.2556974210226227,0.5012584267212465
0.35000000000000003,0.26625790009661465,0.07767595773078022,0.3059558502108507,0.5223526336387116
0.352,0.1899555667493844,0.08952974379341913,0.24038745282978202,0.5457810045008307
0.354,0.1312369065902252,0.02787440093236934,0.3347055976651913,0.5533501196114063
0.356,0.10974195282315916,0.08073938844294279,0.33412724450554204,0.5889279430689034
0.358,0.15261821994235625,0.07589302883360222,0.3199260090025205,0.6015121967032206
0.36,0.12892880873447918,0.10262241333733665,0.3643315826000259,0.6069258806649549
0.362,0.18723512135646495,0.12225123908842522,0.29274812567627856,0.542710689832385
0.364,0.06633119597942373,0.12833728625179058,0.278296622494666,0.5450353542606657
0.366,0.0508946382788289,0.10526257864385404,0.29223247414136067,0.5673477827946637
0.368,0.048666759551662706,-0.001670951716116701,0.35174844839790925,0.5853310838306635
0.37,0.0755885832835301,-0.06886165085786439,0.35950703339269596,0.5916879015576071
0.372,0.0962706504264138,-0.07096071698616917,0.3579720440485132,0.5759970660216931
0.374,0.12127622161984368,-0.08196111669450201,0.3180530056037414,0.524804183050852
0.376,0.050209534111026646,-0.07633799058929996,0.38697263155554107,0.485379315303303
0.378,0.06306032787596906,-0.07927684470299234,0.424691171449781,0.5180952706915358
0.38,0.07094523267012842,-0.12303377517173691,0.3853982056282374,0.48415728615405557
0.382,0.09534216903132968,-0.15699366393882772,0.3941460184470441,0.505866115587911
0.384,0.013695429960611388,-0.21896880698396654,0.4150210906735291,0.5265030262366244
0.386,-0.02917723600368412,-0.167851558217303,0.42770207907568913,0.5243472803222293
0.388,-0.10589333015208025,-0.16120486974826304,0.5042490405548086,0.472497577356522
0.39,-0.1577560034030761,-0.18255279913439984,0.5150267065053347,0.4483585524899658
0.392,-0.15845479307589977,-0.27615973360819,0.5773666089447292,0.5020485945326139
0.394,-0.13237287692365324,-0.29732925232631807,0.5348035908536984,0.5502079373423735
0.396,-0.1533487566478247,-0.3638620722491628,0.573077089236194,0.5155075279077768
0.398,-0.19313720401793605,-0.4003245776490545,0.5702359053323435,0.5111881073629687
0.4,-0.21090136931228304,-0.41643253500557564,0.5449427895826648,0.5035103577557463
0.402,-0.10735834218760379,-0.4700885031365344,0.5820071814425067,0.4693272281925838
0.404,-0.11429236101829612,-0.4683104051533171,0.5447470971209096,0.5155444176518271
0.406,-0.17858528417175878,-0.45846211946096727,0.5325134029668296,0.5002433517678617
0.40800000000000003,-0.20711354736448245,-0.4322604448636711,0.5168797305803702,0.4802857432160934
0.41000000000000003,-0.23349283345241123,-0.4055401779525779,0.49859567130266813,0.4981220646597848
0.41200000000000003,-0.21086392157735223,-0.40044849708443364,0.4887698539938127,0.5187574903841671
0.41400000000000003,-0.23146945469558589,-0.3255060051621921,0.5192231530683467,0.5457348665488216
0.41600000000000004,-0.22949116341056028,-0.31577961276149946,0.5227058826583945,0.6087227677695264
0.418,-0.23291666821082643,-0.43145443092481617,0.561921486235277,0.5857125706097859
0.42,-0.21654480262828418,-0.3889523219066671,0.5215873016880737,0.5712267739884163
0.422,-0.23812551721023167,-0.35801958853146215,0.5614153229484027,0.6103028800978223
0.424,-0.26185084041233564,-0.4354042409703473,0.5713358167050464,0.622434553159013
0.426,-0.24716350601921205,-0.42774030923510675,0.5987324223005797,0.5969305850259925
0.428,-0.21720313837358823,-0.3903734317311653,0.6094395160966635,0.5979797035178765
0.43,-0.21724349171118473,-0.3536201960609691,0.6295301134988294,0.5346315013298237
0.432,-0.25452520819803637,-0.36638901715027383,0.6249738687582318,0.5542905218747299
0.434,-0.2511118481847935,-0.3106781675079477,0.630478786830888,0.5064451283412919
0.436,-0.27171801922150823,-0.32277893321560824,0.6292867448656412,0.5400825447189124
0.438,-0.22673659087915454,-0.3966610799704252,0.6417112791801496,0.5432752360614644
0.44,-0.16963191831203303,-0.42072330142221837,0.6119675407042267,0.6297522389600487
0.442,-0.11876328596994928,-0.3819657969633269,0.559114745706329,0.6613358601141263
0.444,-0.11320114888678705,-0.3920602059097728,0.5321363751588105,0.6644898199523424
0.446,-0.06177499588143995,-0.3549284328204443,0.5069475791187423,0.6796471053761317
0.448,-0.1091280033284395,-0.3556320793084544,0.5001606943751966,0.7203043968448057
0.45,-0.14117659879743502,-0.2849673510085361,0.46324172626723226,0.7318840084026009
0.452,-0.09208843828968924,-0.2754724468519028,0.4262866151780779,0.7216126708349382
0.454,-0.09289276528341117,-0.30761287062163106,0.3840881560794703,0.7140046483579829
0.456,-0.08187441478455904,-0.34043849685933614,0.43813446806066864,0.7130413960864441
0.458,-0.08445022898667173,-0.3510885750906737,0.5059580649908456,0.6837383035045193
0.46,-0.05865319174650464,-0.38150348318194166,0.5425162663576718,0.6800107922432919
0.462,-0.03744372571976176,-0.31246010588767753,0.5130766588859124,0.6549574289663669
0.464,-0.04151964742622276,-0.25761278360127865,0.5127895026762386,0.7058605522569887
0.466,-0.06877213059304121,-0.28901340510292467,0.5018482622785128,0.7208096237747785
0.468,-0.09948062643697253,-0.31992063652951686,0.49963826938900235,0.7037583730908707
0.47000000000000003,-0.06731278253965431,-0.29888196547671353,0.4733482303134424,0.6995681936802413
0.47200000000000003,-0.11958438657342337,-0.3536310053285997,0.5084109679447996,0.6856819688314616
0.47400000000000003,-0.09914458558897483,-0.37037144649436304,0.5088403073432599,0.7137817597002996
0.47600000000000003,-0.029035502063612224,-0.38258050414072675,0.5581005134252269,0.6950335538469614
0.47800000000000004,0.0008462111266598349,-0.34323492961020347,0.5834188904493114,0.7057728186772655
0.48,-0.003586363308844341,-0.34787788751559157,0.5739526127954684,0.7217008340824165
0.482,0.014542863447228178,-0.31045068656753516,0.49903255105282324,0.6928102272920891
0.484,0.03174723718072156,-0.32464024847749795,0.5042441123815792,0.7180507079418086
0.486,0.058390350319384325,-0.2854862950966958,0.5054517224934373,0.7213553048074582
0.488,0.06967274742962283,-0.27485136313258796,0.4409647291045466,0.6928293332943245
0.49,0.11122055249360321,-0.20740233289284848,0.4638985217233804,0.7068617826129895
0.492,0.06882996272096382,-0.2031819479119908,0.46341425245882245,0.6953520125596473
0.494,0.0842225481539004,-0.209725381936418,0.4352148771700641,0.6941372927815086
0.496,0.07682537419732531,-0.24470408354666684,0.34075844299281577,0.676546108718375
0.498,0.03462523277784725,-0.28155092598923703,0.3921170096713686,0.7174175285148452
0.5,0.07209900680108554,-0.21221953803917057,0.40720382328336885,0.7387567778950168
0.502,0.08791328499927616,-0.18707181634699976,0.3952090698652967,0.7084722035827609
0.504,0.0899539463716992,-0.24754456503064975,0.41997570497056813,0.7324351743891172
0.506,0.10196113222262806,-0.28550317926189134,0.4196507958656593,0.7061363308873092
0.508,0.13151269418844488,-0.2525546005118001,0.3581087951303259,0.6995843034650725
0.51,0.1357627707302749,-0.254841880339746,0.29067826190260243,0.6793787361515307
0.512,0.0911604028327572,-0.22751255193539122,0.36005777866649075,0.6549302726165374
0.514,0.21196563719561928,-0.24446010655358777,0.35125502611066656,0.6430700052572011
0.516,0.26217533795443715,-0.18180744778229235,0.29745935620628217,0.5909645764910605
0.518,0.22787843147365722,-0.17117014659973245,0.2534202189728852,0.631730290216026
0.52,0.31889200063340684,-0.10206656118954094,0.24610683249109888,0.6332765174345127
0.522,0.3142443249658351,-0.10381404522307432,0.2732516302599388,0.6535966712962232
0.524,0.24171671849543303,-0.15760025005811984,0.263303883508737,0.6530721245903582
0.526,0.2717800787339415,-0.22489230108698616,0.29655357483536404,0.6628270802941091
0.528,0.1495095613603876,-0.25380336079154664,0.2928419761665618,0.65217594465274
0.53,0.1958431407654459,-0.3315386461763121,0.316873904160366,0.6243485885762722
0.532,0.19139794027617274,-0.24598221742158793,0.3079462821639097,0.6182841159459596
0.534,0.2600131496730499,-0.2224433205665274,0.27296215819468017,0.6088525224155997
0.536,0.2858423338904369,-0.2132096612450393,0.26645158087828946,0.6045658346462429
0.538,0.2314539751934292,-0.20704324840879743,0.2351102099012356,0.5624827797157197
0.54,0.2099115237083014,-0.15274285275251334,0.1701236462220177,0.539947511301447
0.542,0.22692946831096802,-0.10682513798203586,0.10068168639751551,0.4460448711021278
0.544,0.13886150262441274,-0.0738897130742043,0.07730115093493423,0.4140550264357481
0.546,0.08632960276198232,-0.02823712827234158,0.07596419184519165,0.40879731823730936
0.548,0.028196133591685366,-0.01732413231928324,0.11031581860788653,0.37708192018416253
0.55,0.021605624349925565,-3.634112782848614e-05,0.027717238609412886,0.28736716292602404
0.552,-0.026512186368564734,0.02614259287357503,0.0891942427344361,0.3844734745277055
0.554,0.023516983289137955,0.03981006022658757,0.0340669587459253,0.402509563307785
0.556,0.008391913544742724,0.01500128957238537,0.07141481931531957,0.3719715537461513
0.558,-0.04768917564353919,0.06457787681682353,0.02599233874668494,0.3077815808715142
0.56,-0.042853087311760345,0.06176694459010814,0.04886732651138048,0.28948046863689436
0.562,-0.010539540891271702,-0.009814877106559983,0.059427320340552425,0.26424292989778886
0.5640000000000001,0.052909927404964995,-0.022009661978057454,0.06518535282318305,0.3314450337240635
0.5660000000000001,0.059272379231545116,0.006393811782456814,0.038252604008362834,0.39099016875376147
0.5680000000000001,0.13764523142362523,0.01973142050363858,-0.003954830580104374,0.41482940809436775
0.5700000000000001,0.20980452557114415,0.09072161310088447,-0.10669211208922863,0.400677956900013
0.5720000000000001,0.2319609281811659,0.1273084860718889,-0.08148151777207813,0.41673922351872084
0.5740000000000001,0.25804581682443517,0.12730583241024593,-0.06657124227110206,0.493252706496133
0.5760000000000001,0.22410675562507865,0.11948946820295064,-0.08868186647647025,0.47296408367172577
0.578,0.2806162844981863,0.13715933277012599,-0.1332799084285327,0.522340253622826
0.58,0.3319213429869312,0.06789848175404102,-0.1046363354431804,0.5109964471221287
0.582,0.3244104841247164,0.01720817016585142,-0.11822795664718366,0.5713782477723388
0.584,0.3839840630013829,0.011270456892400013,-0.12600109100419893,0.603832190434118
0.586,0.3481360658185261,-0.0449840713946151,-0.13152733604833128,0.6518541617143381
0.588,0.33914523988829826,-0.06083558632438675,-0.14373510746507745,0.6792658779335736
0.59,0.32521145031109466,-0.05352540240748143,-0.1521112493612043,0.6515016908118131
0.592,0.32069314406042215,-0.09704529428179967,-0.1146072370187241,0.6853595362753102
0.594,0.3277169921783496,-0.05878733998920506,-0.0624036080112379,0.7090655233292894
0.596,0.3463567665076712,-0.12229092981231302,-0.03031496830636904,0.7329710811420046
0.598,0.3211690907480221,-0.14982336740661084,0.020846669401282103,0.7434823469313292
0.6,0.29965593384726924,-0.0652788582916541,0.010479452152341584,0.7657999841905613
0.602,0.2324080542774438,-0.0447061674430089,-0.017335276610263683,0.7844671610278244
0.604,0.27248493437492194,-0.07622686181301372,-0.00949854966414132,0.7999212854517254
0.606,0.2969531810936184,-0.024988086506618823,-0.041570717379109556,0.8023222603437
0.608,0.32942412773318874,-0.06634563902716821,-0.12750969156843522,0.7747325483772067
0.61,0.39970796888036225,-0.10361746636951044,-0.17185671721504225,0.7749113316597085
0.612,0.38679878863746076,-0.06516866146389325,-0.1079320202209022,0.7808809081011303
0.614,0.32920025862930685,-0.05519788229076955,-0.12854044848478463,0.800457378114645
0.616,0.30892816916559723,-0.0627783015527051,-0.1687945199976955,0.803483720546853
0.618,0.26313439516468207,-0.0985838904101563,-0.1557971467890864,0.790259702747433
0.62,0.20779426592607927,-0.0705278412415568,-0.12525377158903545,0.7997297668921425
0.622,0.19096331209670964,-0.0681848519730408,-0.07667787086762828,0.7671062893182892
0.624,0.18715349424934846,-0.10705568438663891,-0.02768052689910444,0.7632038500905169
0.626,0.16487239733231537,0.010571346410082897,0.026961797852273706,0.7763563338220044
0.628,0.17666945271912152,0.016914918356074685,-0.025216995228314665,0.7732477089941273
0.63,0.1792509643646854,0.03675630100958984,0.007879709430449688,0.785639056603116
0.632,0.13962579685703205,0.03949995243222556,0.08739558278892556,0.7765913843642426
0.634,0.18186214376824356,-0.008640840575275918,0.13778543215695294,0.7724272284106315
0.636,0.23098513276406563,0.04972109189737591,0.1197270116148832,0.7715474167750513
0.638,0.1878442683320545,0.05105070088009078,0.17441913365164974,0.7825758600055307
0.64,0.2722316653849687,-0.010539855550959359,0.158602868326372,0.7868116770524081
0.642,0.24518775077134017,-0.020393006881260167,0.032364346563734325,0.7791905248229396
0.644,0.17052718436874204,-0.06988702345549587,-0.013234213330744704,0.7573178889483376
0.646,0.20082443572363512,-0.035065950298263225,-0.09775816098306911,0.745224093816468
0.648,0.17719206757286746,-0.07478844615522028,-0.13960495013026575,0.7616659094008201
0.65,0.16650938399428963,-0.12854382531286063,-0.11853448356576568,0.7678162162770421
0.652,0.15805133399444543,-0.08113235055769731,-0.14812436273694596,0.7616893161936333
0.654,0.17857631737655486,-0.07803630273582493,-0.16140343213931252,0.778497036635911
0.656,0.23342948725117857,-0.04206697736791207,-0.22947580059199657,0.7806958329644007
0.658,0.21337334865563617,-0.09067218155317038,-0.2723597084633924,0.7866626255824986
0.66,0.2882486918420367,-0.10771807607035078,-0.32567452151425924,0.7731758610891057
0.662,0.30721047919820005,-0.15201910875442726,-0.31883406179860163,0.7857441259855114
0.664,0.31682544418162567,-0.09030657006214585,-0.3335251496499536,0.7865781102166293
0.666,0.3013540690811931,-0.0877673206664739,-0.3784588893690459,0.8007349411427029
0.668,0.2733367778697627,-0.03617482104172928,-0.2883829697053723,0.8177079831573448
0.67,0.3046248102175162,0.04855450764128249,-0.2173778036348341,0.8213359277021517
0.672,0.2624704370312561,0.021758850100878954,-0.18155591564497242,0.8239998141730396
0.674,0.24688594407300513,0.0009793529970396134,-0.25083161362247913,0.8291555346617157
0.676,0.2892866982476423,-0.014216024491714364,-0.2730206164515422,0.8306186397321217
0.678,0.2765162223014519,-0.00709886953480713,-0.2568193168873943,0.8068337013086158
0.68,0.3073680382460282,0.01388520759371872,-0.23727884829680224,0.8107851833921358
0.682,0.3495947989803651,0.04700368791189636,-0.19518109728595134,0.8073124554314353
0.684,0.3978416262207124,0.04618650383127131,-0.11505819970800024,0.806521336554152
0.686,0.3784268884017831,0.1338770082882797,-0.0701851515397337,0.8252095227800494
0.6880000000000001,0.4234787789650133,0.16650107002279432,-0.03303147613210222,0.8213495474268179
0.6900000000000001,0.3886802036711824,0.1527906975819552,-0.10150584915116173,0.808012980784811
0.6920000000000001,0.3761870912352864,0.13111702472168288,-0.08331366654903222,0.8027608556600303
0.6940000000000001,0.3234045662010553,0.14580130424346854,-0.09477135018552679,0.8120806665625631
0.6960000000000001,0.3387909708075819,0.08937366521156968,-0.05803127346363485,0.7977819615679209
0.6980000000000001,0.34449139271163154,0.08496989915538236,-0.10079670776751037,0.8145387118863213
0.7000000000000001,0.29826821466423986,0.0883942906557744,-0.03526406020966888,0.8178811605336445
0.7020000000000001,0.33107744106396086,0.03726769760728928,-0.03808007726896867,0.7958886889834766
0.704,0.33318392086087223,0.012052493158406223,-0.014431245139810145,0.7852118647214438
0.706,0.3269161069366584,-0.017251536041636477,-0.028250025301422566,0.7720867031887375
0.708,0.2857182391272248,0.08278649833082828,-0.006512057718051301,0.8004077134434
0.71,0.3154112232447448,0.09250639322457867,0.057450601254293465,0.7863020296255832
0.712,0.3225555531287001,0.06609378176496851,0.07623240368391127,0.7516280015436527
0.714,0.32866778170155403,0.13919909438856523,0.025893353864656354,0.758844591462573
0.716,0.4239793496318146,0.15465539419420124,0.018491580254265894,0.7249162782467691
0.718,0.45222396078616967,0.0967762510040187,0.04599564148203311,0.7544323308147498
0.72,0.44848800799162875,0.11492857292365095,-0.012570414667164742,0.7501075023597361
0.722,0.4857154173819271,0.04928660320293907,-0.09158264959338991,0.7645453390739465
0.724,0.47969173243094354,0.04261496925198956,-0.0774168022714658,0.7502190480553104
0.726,0.5035751904987218,0.09476630691869375,-0.10352129541058308,0.7597607687593652
0.728,0.5996757261269968,0.08882869890465156,-0.16119121767124284,0.7897038852188649
0.73,0.5896524897248125,0.028793662840210076,-0.1941250318488153,0.7944643703654068
0.732,0.5413475101898101,0.05191409741726341,-0.17777686987403885,0.808089273720139
0.734,0.5452901220800077,0.04673947002459872,-0.17233983089381688,0.7987564161132289
0.736,0.5425521461408843,0.00272818256974644,-0.23353241147117232,0.7996766111356869
0.738,0.5322015471152479,-0.018415742859343387,-0.31835960152773596,0.7884168499781516
0.74,0.5626848003868762,-0.05507293465601444,-0.3500515712993226,0.7816631572743962
0.742,0.5613897692719961,-0.10012119331178174,-0.2705909078017321,0.7693770529937717
0.744,0.5204651362552815,-0.1723349989888323,-0.22273405112806122,0.7708336206540559
0.746,0.5523167688444848,-0.10667103580885635,-0.19951914943048132,0.7825456700531781
0.748,0.5125579302374248,-0.1707859465468109,-0.17134100867756819,0.7615284614789533
0.75,0.5159934660830043,-0.23151115588342724,-0.1439833732394717,0.7390877932420814
0.752,0.5025959279639014,-0.19815208958193653,-0.09306815762191578,0.7217765901300432
0.754,0.5537085940016218,-0.2184030886053055,-0.20075054555894312,0.7236298111000077
0.756,0.5527372470728631,-0.2434505145960545,-0.11536735492082462,0.6675015643957487
0.758,0.5899179667386579,-0.2579679778645988,-0.11685238554571731,0.6753118666267237
0.76,0.5698486301081875,-0.2691003239309476,-0.04954544959639162,0.6391921064807918
0.762,0.5926743753925015,-0.28976727545459335,-0.042758839936306636,0.6447059275016664
0.764,0.6039562322216144,-0.28522626172108057,-0.11115410807135673,0.6371774267436618
0.766,0.627623990793172,-0.270681351037362,-0.12016476463420867,0.6065119305737944
0.768,0.5962793980826353,-0.2882845206393888,-0.10180337265608591,0.6139458677533526
0.77,0.5682708314533251,-0.252169922794686,-0.06548794424868065,0.5939885031484227
0.772,0.5383217492891688,-0.25281251998332344,-0.06853869445620758,0.6100125687082589
0.774,0.5183869783942961,-0.19468681083844727,-0.12491722264119415,0.6772285020381772
0.776,0.5564872686485987,-0.21388817564031593,-0.10946418224560506,0.6892707999494654
0.778,0.5858524732358494,-0.20887343853365986,-0.1329219277304785,0.6841132606221312
0.78,0.5512841974498355,-0.21490598712789472,-0.0441871356458754,0.6494935400660687
0.782,0.547575847021966,-0.19454595988425466,-0.042013393213224726,0.6361388929134988
0.784,0.5773072729458621,-0.21127832396139956,-0.010086446263503412,0.6625061825144867
0.786,0.6389691899141989,-0.14723154947268352,0.0372425723436251,0.619967166865556
0.788,0.6438417598749013,-0.16084110946039856,0.06972523573521555,0.6466711708507823
0.79,0.611203085074087,-0.18065953364354106,0.022856433529419573,0.6662964014282063
0.792,0.6133851369299241,-0.16184311439842636,0.09906827833896548,0.6337155101259585
0.794,0.5983708069920299,-0.1599685186842708,0.10446560690954287,0.6332357656177352
0.796,0.6343912498362403,-0.13868298826166522,0.11712957134100255,0.638916107797628
0.798,0.6607266506183574,-0.1500052043482472,0.09703488697487406,0.6306305065958651
0.8,0.6523024047949033,-0.20460452522023287,0.13352740768069843,0.6136338715619625
0.802,0.6050052419749805,-0.1797072304193952,0.1059574888305036,0.6015585919003558
0.804,0.6208979546325887,-0.17622095152515005,0.10659266302320808,0.5965347820122069
0.806,0.6266162767177513,-0.08100316360820636,0.160683332342209,0.5171647680637128
0.808,0.5767250541080365,-0.11575227298815947,0.1305378786450928,0.5232256236274864
0.81,0.5831163306344755,-0.15356843244089818,0.12023203338563465,0.521209459669181
0.812,0.5622054255320381,-0.060954733664854335,0.14594410834905347,0.4863949330578011
0.8140000000000001,0.5316257181867934,-0.09836861820856496,0.10227464364405336,0.4413130703479411
0.8160000000000001,0.5295679706806216,-0.17174625512081504,0.110703007415765,0.5243346976567234
0.8180000000000001,0.4637399437868104,-0.18804182334967395,0.08119716295741336,0.5693641751511715
0.8200000000000001,0.500429182257276,-0.2991898814477294,0.033809278473053206,0.5736012265558464
0.8220000000000001,0.48463669645510193,-0.3513274967111485,0.041559306241438,0.5297278768008284
0.8240000000000001,0.47738579760169325,-0.3445993564941977,0.04953342059562316,0.5605551236219944
0.8260000000000001,0.46811675288429755,-0.3611277009899336,0.10438923770998687,0.5390287834225483
0.8280000000000001,0.4083143362802318,-0.4302976910728953,0.17442856051540562,0.5043922286340938
0.8300000000000001,0.375500932313623,-0.4368546459495365,0.16348928490696407,0.5046160979684263
0.8320000000000001,0.36620828731675414,-0.42677487038811585,0.18986859516627436,0.41301539378630814
0.834,0.3458790809816043,-0.42764385514579295,0.2215258458094771,0.36022624932053365
0.836,0.3800596556230501,-0.3939786963653217,0.2528449141761828,0.29268809578916544
0.838,0.31438738408228073,-0.39371558364803,0.302153746469068,0.3453771714206134
0.84,0.2852480098109776,-0.39816091422076416,0.28862728937516824,0.3727529362231949
0.842,0.2450521213798722,-0.4199466289781515,0.21028944401772448,0.4262956647280845
0.844,0.19502342750558102,-0.46074338239030155,0.22690519857740654,0.430311279597525
0.846,0.22435105450230275,-0.47486688390055964,0.2586314107174972,0.43223963098681717
0.848,0.14634514376383523,-0.4336797704348701,0.24360463748904704,0.3873327032386348
0.85,0.14651513075399433,-0.41356392895944216,0.1853782428486037,0.31979529112808636
0.852,0.130856462062645,-0.40394190633908567,0.21066121153422113,0.28830554025998445
0.854,0.11316300767416866,-0.4589958261741848,0.17493903101075015,0.29093336726712066
0.856,0.08649853057569608,-0.4525601964312036,0.22750716051922765,0.2901814917231284
0.858,-0.00394465227990215,-0.4608869524288418,0.22218584557770515,0.2721366165931782
0.86,-0.028359852582258288,-0.47539938463956316,0.2282937906790079,0.23806484306818781
0.862,0.015257845090693674,-0.5043451979477495,0.18771885332619126,0.19670411037038027
0.864,-0.0192398072082779,-0.5418283605043566,0.17364867455747657,0.24378125348258445
0.866,-0.08143999794367161,-0.5660312770211522,0.20867628750574008,0.19021303685475713
0.868,-0.1191282529843304,-0.5708772938608075,0.22492842302072963,0.19477564906073835
0.87,-0.11006879852163005,-0.6241410651603359,0.19835725411678212,0.14052801695480965
0.872,-0.05306024300403255,-0.5640595094866523,0.2512171519156384,0.16967041846116432
0.874,-0.017765901518500105,-0.575457068015649,0.24392471054089687,0.13194628789121626
0.876,-0.002283777400457175,-0.6110613764492037,0.27684768483002276,0.14768597674867437
0.878,-0.01706108499744992,-0.6216147746876918,0.2948032727471329,0.08339363469253322
0.88,0.0274835007517487,-0.5621382771800367,0.3055294385540489,0.14307556030034752
0.882,-0.022008480019196988,-0.5892094149041318,0.4180280417853571,0.06620417533702756
0.884,-0.02724939979604129,-0.5763811475078809,0.439147335376995,0.07929144249117617
0.886,-0.010790075132293325,-0.5778533094046249,0.34057881189740496,0.15265533010948834
0.888,-0.013315515720026434,-0.5857357466889261,0.339632947369666,0.23334543822634216
0.89,-0.08424539906489743,-0.5772247569242885,0.335180464155887,0.2441669839311107
0.892,-0.04892661751789445,-0.6140071318968412,0.31811812129789,0.23257154975736544
0.894,-0.08423529878485297,-0.6592022495236681,0.2677445624969733,0.2744860201430609
0.896,-0.081806693670195,-0.6767385777552347,0.2573645357708743,0.1509184955302587
0.898,-0.05663323266232632,-0.6353751483218861,0.24754663765196694,0.18974178003084177
0.9,0.031658633048962256,-0.6740849693249027,0.2838101119791564,0.26366567628617654
0.902,0.10362549704001822,-0.66687019448208,0.270817266415492,0.33208682129370615
0.904,0.1762769983366695,-0.6280757518061507,0.2895775761385424,0.307258334662871
0.906,0.13252403933376777,-0.6412024139698927,0.33036756938769807,0.2952051644663436
0.908,0.13284279688059553,-0.6987570610186999,0.39059146122851474,0.27073183554277414
0.91,0.05863147258649732,-0.6831074028095016,0.4426580125332895,0.15800481637689678
0.912,0.07619754291523548,-0.6355844729837791,0.47876316437116256,0.18293359956703764
0.914,0.11538986537334836,-0.6414308574480401,0.5391445602411915,0.220724293131152
0.916,0.11676049006874008,-0.6504607167819616,0.5306448849069916,0.19113905441302564
0.918,0.16004444691103967,-0.6678912042690692,0.4884897487427273,0.23732772312336886
0.92,0.18739067444947596,-0.6798384101851521,0.4754628526419217,0.22148666693533764
0.922,0.13477348870587358,-0.6444701225898605,0.3968816047164184,0.24282894284046347
0.924,0.1686511519173772,-0.6858346426068012,0.3262372221558972,0.21793343332668685
0.926,0.2558096010784414,-0.6749771776402023,0.3505857189977699,0.22809511759012815
0.928,0.2405997221407836,-0.6347376978095445,0.3634337744634261,0.20101091967251322
0.93,0.2607857318241931,-0.5420886949554485,0.3543633162315803,0.15958918727736848
0.932,0.28598081369106865,-0.49647128169480287,0.3727462654732539,0.15484893218694556
0.934,0.281676215119149,-0.438493363162225,0.35059202538025636,0.11111065661623082
0.936,0.33270278190774333,-0.4584207768239744,0.339863676619559,0.04793450741806109
0.9380000000000001,0.36855442513369346,-0.38807671884860595,0.33137926083640695,0.1691570545558162
0.9400000000000001,0.366651915870865,-0.3690551398445797,0.3988358126047553,0.10968902696875672
0.9420000000000001,0.40909330330786187,-0.3775626267866543,0.43099841687256835,0.14864501182547174
0.9440000000000001,0.3991903508434398,-0.4152288317795327,0.45508516501647905,0.1558837998548107
0.9460000000000001,0.436415498676205,-0.32681926161214586,0.40980588967101866,0.18885561661481232
0.9480000000000001,0.37658909004396507,-0.24104688650905115,0.4083370579477298,0.16267255450849644
0.9500000000000001,0.29201212822081457,-0.26689785301816343,0.3623360681734118,0.12997234760805818
0.9520000000000001,0.3110589362237444,-0.25902775681015217,0.33643076561690854,0.14571965162235267
0.9540000000000001,0.38532089283864523,-0.20914296158879175,0.24158287812394563,0.2334618653151262
0.9560000000000001,0.3848949999970066,-0.21489735746256478,0.2741562484239101,0.20088212170624237
0.9580000000000001,0.3928674436447387,-0.24984301276589005,0.2507004806071429,0.14737725778540173
0.96,0.3904839523191186,-0.23536911105222152,0.25366124599723605,0.15996317366632193
0.962,0.4354661408678375,-0.31305591003258615,0.28032225372296815,0.2170911257712361
0.964,0.38912853898571975,-0.2857848219407757,0.2840248155304127,0.1504118998274828
0.966,0.3995453545951141,-0.35216678388230493,0.22248133087037159,0.1595604504136215
0.968,0.36952115083047893,-0.3956136863272414,0.2570037545628692,0.23663380535090472
0.97,0.3513904208100803,-0.44559959959419226,0.26097165265079947,0.2942771943204632
0.972,0.3947200443691633,-0.43808982049570316,0.2760859383200145,0.38376985284943643
0.974,0.40235088334470237,-0.4087431143426645,0.2361385331714314,0.41419572823699446
0.976,0.4060318677458102,-0.44514142313852867,0.24151184377707086,0.42466451332135075
0.978,0.3350408714743868,-0.3813054821520238,0.20085277712801108,0.4386660248581529
0.98,0.3397996735041844,-0.3204372573665769,0.2468823111277203,0.42537428289689383
0.982,0.37723449693381805,-0.40271373681261113,0.23802618088742877,0.44225417906171693
0.984,0.35958537337035523,-0.34037777169352346,0.22243094078812553,0.4218068686366254
0.986,0.38425662983064945,-0.3537838077302123,0.2005543775654881,0.4117696107326415
0.988,0.43555751405955023,-0.3698956964478208,0.20035374014315538,0.4227766933361995
0.99,0.46929527396089354,-0.43041675074700125,0.22311563874579426,0.4415464929773595
0.992,0.4357346208378163,-0.4268042189767679,0.19182291353978487,0.46052567654957877
0.994,0.4185230369841454,-0.39739935155506634,0.2083465143705414,0.4528068475576402
0.996,0.4323252526003377,-0.4032866693690733,0.22179300463547102,0.4455985794868128
0.998,0.40756842580186003,-0.44933608883389514,0.23592177668876663,0.47797927459048606
1.0,0.4273899738809069,-0.45331291116347083,0.2888783984415506,0.5021249457491624
