t,y,a,b,c,d
0.0,0.016084366097590095,0.0,0.0,0.0,0.0
0.001,0.02205982220001456,0.0,0.0,0.0,0.0
0.002,0.0059841462283806,0.0,0.0,0.0,0.0
0.003,0.02318888311789965,0.0,0.0,0.0,0.0
0.004,0.012231474389979255,0.0,0.0,0.0,0.0
0.005,0.02263584311240964,0.0,0.0,0.0,0.0
0.006,-0.04433767250783455,0.0,0.0,0.0,0.0
0.007,0.030891284904223926,0.0,0.0,0.0,0.0
0.008,0.026948937393361974,0.0,0.0,0.0,0.0
0.009000000000000001,-0.017000457834215596,0.0,0.0,0.0,0.0
0.01,0.03584753260962935,0.0,0.0,0.0,0.0
0.011,0.02378915066829021,0.0,0.0,0.0,0.0
0.012,-0.0064930612306571284,0.0,0.0,0.0,0.0
0.013000000000000001,0.07213998877105587,0.0,0.0,0.0,0.0
0.014,0.02493633270885754,0.0,0.0,0.0,0.0
0.015,0.02445638325433508,0.0,0.0,0.0,0.0
0.016,0.009507899294305025,0.0,0.0,0.0,0.0
0.017,-0.006883420032336539,0.0,0.0,0.0,0.0
0.018000000000000002,-0.056093272715401814,0.0,0.0,0.0,0.0
0.019,-0.005134084799343679,0.0,0.0,0.0,0.0
0.02,0.01222735653832208,0.0,0.0,0.0,0.0
0.021,-0.044675914743757414,0.0,0.0,0.0,0.0
0.022,-0.05847000567613447,0.0,0.0,0.0,0.0
0.023,-0.07101760023027535,0.0,0.0,0.0,0.0
0.024,0.07725309367998912,0.0,0.0,0.0,0.0
0.025,-0.027592795863980533,0.0,0.0,0.0,0.0
0.026000000000000002,0.010623714393634518,0.0,0.0,0.0,0.0
0.027,0.043569560418530086,0.0,0.0,0.0,0.0
0.028,-0.025050376361201238,0.0,0.0,0.0,0.0
0.029,0.012718181429256604,0.0,0.0,0.0,0.0
0.03,0.006152242277035425,0.0,0.0,0.0,0.0
0.031,-0.04825013754340387,0.0,0.0,0.0,0.0
0.032,-0.015968945656284598,0.0,0.0,0.0,0.0
0.033,-0.009562858218347186,0.0,0.0,0.0,0.0
0.034,-0.022649069768696156,0.0,0.0,0.0,0.0
0.035,-0.03516828371068585,0.0,0.0,0.0,0.0
0.036000000000000004,0.016861586025146355,0.0,0.0,0.0,0.0
0.037,-0.002792788143836434,0.0,0.0,0.0,0.0
0.038,-0.037069632287027574,0.0,0.0,0.0,0.0
0.039,-0.05057583678564771,0.0,0.0,0.0,0.0
0.04,-0.007659089469893241,0.0,0.0,0.0,0.0
0.041,-0.00433850035602095,0.0,0.0,0.0,0.0
0.042,-0.018603476548749193,0.0,0.0,0.0,0.0
0.043000000000000003,-0.017525200322347344,0.0,0.0,0.0,0.0
0.044,-0.026619009656028016,0.0,0.0,0.0,0.0
0.045,0.024465878550026424,0.0,0.0,0.0,0.0
0.046,-0.012984778163948479,0.0,0.0,0.0,0.0
0.047,0.00854438114480433,0.0,0.0,0.0,0.0
0.048,-0.0026949315735539537,0.0,0.0,0.0,0.0
0.049,0.016762528219183854,0.0,0.0,0.0,0.0
0.05,-0.0075942280484502115,0.0,0.0,0.0,0.0
0.051000000000000004,0.012758914431906208,0.0,0.0,0.0,0.0
0.052000000000000005,0.013814218670360458,0.0,0.0,0.0,0.0
0.053,0.026780561967656172,0.0,0.0,0.0,0.0
0.054,-0.04859521871639268,0.0,0.0,0.0,0.0
0.055,0.0024455442013913394,0.0,0.0,0.0,0.0
0.056,-0.00036162045666301296,0.0,0.0,0.0,0.0
0.057,0.016282035518332662,0.0,0.0,0.0,0.0
0.058,-0.08119596598256228,0.0,0.0,0.0,0.0
0.059000000000000004,0.013398280481817293,0.0,0.0,0.0,0.0
0.06,-0.014800662347093678,0.0,0.0,0.0,0.0
0.061,0.012893632698443526,0.0,0.0,0.0,0.0
0.062,-0.04161014529607186,0.0,0.0,0.0,0.0
0.063,0.015694522086548326,0.0,0.0,0.0,0.0
0.064,0.006052637833473019,0.0,0.0,0.0,0.0
0.065,0.00379862593423228,0.0,0.0,0.0,0.0
0.066,0.0008845765546272573,0.0,0.0,0.0,0.0
0.067,-0.050023910248305235,0.0,0.0,0.0,0.0
0.068,0.017448936548948815,0.0,0.0,0.0,0.0
0.069,-0.033890140760893646,0.0,0.0,0.0,0.0
0.07,-0.02645967625622871,0.0,0.0,0.0,0.0
0.07100000000000001,-0.007059524176761965,0.0,0.0,0.0,0.0
0.07200000000000001,0.03997787941678875,0.0,0.0,0.0,0.0
0.073,-0.02984267265568249,0.0,0.0,0.0,0.0
0.074,0.045511070520541604,0.0,0.0,0.0,0.0
0.075,0.029577697901604808,0.0,0.0,0.0,0.0
0.076,-0.03489110706856948,0.0,0.0,0.0,0.0
0.077,-0.0070905934366449685,0.0,0.0,0.0,0.0
0.078,-0.008375529976963142,0.0,0.0,0.0,0.0
0.079,-0.00564266621403782,0.0,0.0,0.0,0.0
0.08,0.0655594307831395,0.0,0.0,0.0,0.0
0.081,0.0492185362691329,0.0,0.0,0.0,0.0
0.082,-0.01923907283722463,0.0,0.0,0.0,0.0
0.083,-0.0020909251000210535,0.0,0.0,0.0,0.0
0.084,0.02813698697138022,0.0,0.0,0.0,0.0
0.085,0.01839359688265732,0.0,0.0,0.0,0.0
0.08600000000000001,0.045120864063612015,0.0,0.0,0.0,0.0
0.08700000000000001,0.03770293325194637,0.0,0.0,0.0,0.0
0.088,0.012890228850112245,0.0,0.0,0.0,0.0
0.089,-0.004111839834421931,0.0,0.0,0.0,0.0
0.09,-0.0018148643264533975,0.0,0.0,0.0,0.0
0.091,0.0011529351251284904,0.0,0.0,0.0,0.0
0.092,0.00019956201232938526,0.0,0.0,0.0,0.0
0.093,-0.04055075547932891,0.0,0.0,0.0,0.0
0.094,-0.040391241530797706,0.0,0.0,0.0,0.0
0.095,-0.021786782714473468,0.0,0.0,0.0,0.0
0.096,-0.022340186722666945,0.0,0.0,0.0,0.0
0.097,0.029926172145717696,0.0,0.0,0.0,0.0
0.098,0.029419200676729065,0.0,0.0,0.0,0.0
0.099,-0.014916650824123561,0.0,0.0,0.0,0.0
0.1,0.01951462819473932,0.0,0.0,0.0,0.0
0.101,-0.02458305150887292,0.0,0.0,0.0,0.0
0.10200000000000001,0.014803865886863304,0.0,0.0,0.0,0.0
0.10300000000000001,-0.05441332601333694,0.0,0.0,0.0,0.0
0.10400000000000001,-0.04922466438951191,0.0,0.0,0.0,0.0
0.105,0.05096052316141529,0.0,0.0,0.0,0.0
0.106,0.0682545854448569,0.0,0.0,0.0,0.0
0.107,0.03324418271255455,0.0,0.0,0.0,0.0
0.108,-0.001661242081096395,0.0,0.0,0.0,0.0
0.109,0.020697665269707254,0.0,0.0,0.0,0.0
0.11,-0.03361712629084167,0.0,0.0,0.0,0.0
0.111,-0.023113601124838803,0.0,0.0,0.0,0.0
0.112,-0.010724461115678749,0.0,0.0,0.0,0.0
0.113,0.01497139714668367,0.0,0.0,0.0,0.0
0.114,0.04663481505265571,0.0,0.0,0.0,0.0
0.115,-0.020150036148777445,0.0,0.0,0.0,0.0
0.116,-0.02451598013501907,0.0,0.0,0.0,0.0
0.117,0.004879149408664173,0.0,0.0,0.0,0.0
0.11800000000000001,0.05814688956234282,0.0,0.0,0.0,0.0
0.11900000000000001,0.03452085092759819,0.0,0.0,0.0,0.0
0.12,-0.01916240718608781,0.0,0.0,0.0,0.0
0.121,0.00481403361768842,0.0,0.0,0.0,0.0
0.122,-0.05569115244228583,0.0,0.0,0.0,0.0
0.123,0.06377878329432998,0.0,0.0,0.0,0.0
0.124,0.011475023954452249,0.0,0.0,0.0,0.0
0.125,-0.03960005945111586,0.0,0.0,0.0,0.0
0.126,0.026879472080207467,0.0,0.0,0.0,0.0
0.127,0.05623856834563832,0.0,0.0,0.0,0.0
0.128,-0.05376066181205874,0.0,0.0,0.0,0.0
0.129,0.03996630953861879,0.0,0.0,0.0,0.0
0.13,0.02358512148793744,0.0,0.0,0.0,0.0
0.131,-0.024279020613942173,0.0,0.0,0.0,0.0
0.132,0.010403557763417216,0.0,0.0,0.0,0.0
0.133,0.016844603289996058,0.0,0.0,0.0,0.0
0.134,0.041141001812399325,0.0,0.0,0.0,0.0
0.135,-0.0007870699317707158,0.0,0.0,0.0,0.0
0.136,0.05913096752087114,0.0,0.0,0.0,0.0
0.137,-0.02187474591865421,0.0,0.0,0.0,0.0
0.138,0.005010181665086926,0.0,0.0,0.0,0.0
0.139,-0.011042785410602465,0.0,0.0,0.0,0.0
0.14,0.07081117938212257,0.0,0.0,0.0,0.0
0.14100000000000001,-0.012377339570050216,0.0,0.0,0.0,0.0
0.14200000000000002,0.021403366136771906,0.0,0.0,0.0,0.0
0.14300000000000002,0.0005957451013539738,0.0,0.0,0.0,0.0
0.14400000000000002,0.009362330978826054,0.0,0.0,0.0,0.0
0.145,-0.017850722339120117,0.0,0.0,0.0,0.0
0.146,0.062045251978406386,0.0,0.0,0.0,0.0
0.147,0.06275760971809817,0.0,0.0,0.0,0.0
0.148,-0.06272278020139464,0.0,0.0,0.0,0.0
0.149,0.01389315851670982,0.0,0.0,0.0,0.0
0.15,-0.046314270671545865,0.0,0.0,0.0,0.0
0.151,-0.009152106368310469,0.0,0.0,0.0,0.0
0.152,0.0359086351821326,0.0,0.0,0.0,0.0
0.153,0.030851937429107527,0.0,0.0,0.0,0.0
0.154,-0.012575078357896917,0.0,0.0,0.0,0.0
0.155,0.03529336869784107,0.0,0.0,0.0,0.0
0.156,0.02661451772436994,0.0,0.0,0.0,0.0
0.157,0.02231283098437254,0.0,0.0,0.0,0.0
0.158,-0.011328019204961005,0.0,0.0,0.0,0.0
0.159,0.04168166142360967,0.0,0.0,0.0,0.0
0.16,-0.028360692491870135,0.0,0.0,0.0,0.0
0.161,0.03890615225623042,0.0,0.0,0.0,0.0
0.162,-0.01513286787489804,0.0,0.0,0.0,0.0
0.163,0.002389247514961498,0.0,0.0,0.0,0.0
0.164,-0.03034286835809519,0.0,0.0,0.0,0.0
0.165,0.04480500296901541,0.0,0.0,0.0,0.0
0.166,0.040798586539573085,0.0,0.0,0.0,0.0
0.167,0.017820442160266244,0.0,0.0,0.0,0.0
0.168,0.019851361153987647,0.0,0.0,0.0,0.0
0.169,-0.015645308886193823,0.0,0.0,0.0,0.0
0.17,0.02297197652052398,0.0,0.0,0.0,0.0
0.171,0.01609241431153285,0.0,0.0,0.0,0.0
0.17200000000000001,0.0224984939832801,0.0,0.0,0.0,0.0
0.17300000000000001,-0.03333535215347262,0.0,0.0,0.0,0.0
0.17400000000000002,-0.009145638466021042,0.0,0.0,0.0,0.0
0.17500000000000002,0.01969388721888117,0.0,0.0,0.0,0.0
0.176,0.03891675538700442,0.0,0.0,0.0,0.0
0.177,0.005543191758093565,0.0,0.0,0.0,0.0
0.178,0.02869879945267973,0.0,0.0,0.0,0.0
0.179,-0.012577004222134557,0.0,0.0,0.0,0.0
0.18,0.03341385934848422,0.0,0.0,0.0,0.0
0.181,-0.05025626672044112,0.0,0.0,0.0,0.0
0.182,0.03130720702609473,0.0,0.0,0.0,0.0
0.183,0.040280616445602234,0.0,0.0,0.0,0.0
0.184,-0.016404592725345113,0.0,0.0,0.0,0.0
0.185,0.016569107705883962,0.0,0.0,0.0,0.0
0.186,-0.028647182173530267,0.0,0.0,0.0,0.0
0.187,-0.020337943642266345,0.0,0.0,0.0,0.0
0.188,-0.018803686739288956,0.0,0.0,0.0,0.0
0.189,0.037199043140235664,0.0,0.0,0.0,0.0
0.19,0.005880428651210208,0.0,0.0,0.0,0.0
0.191,0.017593498444975385,0.0,0.0,0.0,0.0
0.192,0.05628053497973076,0.0,0.0,0.0,0.0
0.193,0.07310311395943901,0.0,0.0,0.0,0.0
0.194,0.03325557809560853,0.0,0.0,0.0,0.0
0.195,0.03608960968556893,0.0,0.0,0.0,0.0
0.196,0.006021925235651426,0.0,0.0,0.0,0.0
0.197,-0.0019472703033433895,0.0,0.0,0.0,0.0
0.198,-0.010407518168241661,0.0,0.0,0.0,0.0
0.199,-0.017844088449842047,0.0,0.0,0.0,0.0
0.2,0.020521353313974207,0.0,0.0,0.0,0.0
0.201,0.011864428198569189,0.0,0.0,0.0,0.0
0.202,0.03589217632010462,0.0,0.0,0.0,0.0
0.203,0.024790345605477868,0.0,0.0,0.0,0.0
0.20400000000000001,-0.02525843509202717,0.0,0.0,0.0,0.0
0.20500000000000002,-0.008340932063382078,0.0,0.0,0.0,0.0
0.20600000000000002,0.01654068115823784,0.0,0.0,0.0,0.0
0.20700000000000002,0.007317645339954409,0.0,0.0,0.0,0.0
0.20800000000000002,0.01785214697337498,0.0,0.0,0.0,0.0
0.209,-0.029407670892275403,0.0,0.0,0.0,0.0
0.21,-0.033566840665037984,0.0,0.0,0.0,0.0
0.211,-0.020575020504946383,0.0,0.0,0.0,0.0
0.212,-0.011946791782756464,0.0,0.0,0.0,0.0
0.213,0.03115492626048934,0.0,0.0,0.0,0.0
0.214,0.04879614780777444,0.0,0.0,0.0,0.0
0.215,-0.02921279349060242,0.0,0.0,0.0,0.0
0.216,-0.02828051976210239,0.0,0.0,0.0,0.0
0.217,-0.004217150646192274,0.0,0.0,0.0,0.0
0.218,-0.041625302572305796,0.0,0.0,0.0,0.0
0.219,-0.025704541483044907,0.0,0.0,0.0,0.0
0.22,0.04193648346350657,0.0,0.0,0.0,0.0
0.221,-0.01031423629390036,0.0,0.0,0.0,0.0
0.222,0.013820966439309773,0.0,0.0,0.0,0.0
0.223,-0.020744002899227915,0.0,0.0,0.0,0.0
0.224,-0.022760837628543966,0.0,0.0,0.0,0.0
0.225,0.03306921801513011,0.0,0.0,0.0,0.0
0.226,0.1085243679287523,0.0,0.0,0.0,0.0
0.227,-0.07556412508505739,0.0,0.0,0.0,0.0
0.228,0.029816289162919465,0.0,0.0,0.0,0.0
0.229,-0.029157419595022604,0.0,0.0,0.0,0.0
0.23,0.023920013539814475,0.0,0.0,0.0,0.0
0.231,0.0024559138682960164,0.0,0.0,0.0,0.0
0.232,0.025527511198785616,0.0,0.0,0.0,0.0
0.233,-0.0068722544478070895,0.0,0.0,0.0,0.0
0.234,0.018685219632584727,0.0,0.0,0.0,0.0
0.23500000000000001,-0.021537277489766866,0.0,0.0,0.0,0.0
0.23600000000000002,-0.046339624447252224,0.0,0.0,0.0,0.0
0.23700000000000002,0.034542004704676804,0.0,0.0,0.0,0.0
0.23800000000000002,0.002146699634782444,0.0,0.0,0.0,0.0
0.23900000000000002,-0.0069446292223479525,0.0,0.0,0.0,0.0
0.24,-0.05812428851552237,0.0,0.0,0.0,0.0
0.241,0.013328662619701975,0.0,0.0,0.0,0.0
0.242,-0.010088345323458266,0.0,0.0,0.0,0.0
0.243,0.0179223787618037,0.0,0.0,0.0,0.0
0.244,-0.03796931601661467,0.0,0.0,0.0,0.0
0.245,0.008730119149744585,0.0,0.0,0.0,0.0
0.246,-0.04721398596104157,0.0,0.0,0.0,0.0
0.247,0.008502603830801685,0.0,0.0,0.0,0.0
0.248,0.02246709954859223,0.0,0.0,0.0,0.0
0.249,0.02943461668166594,0.0,0.0,0.0,0.0
0.25,-0.050005561138879176,0.0,0.0,0.0,0.0
0.251,0.00834449424747049,0.0,0.0,0.0,0.0
0.252,-0.008212327836315536,0.0,0.0,0.0,0.0
0.253,0.05549746415102857,0.0,0.0,0.0,0.0
0.254,-0.0037437157073618513,0.0,0.0,0.0,0.0
0.255,0.012483948591151501,0.0,0.0,0.0,0.0
0.256,-0.030899799485172953,0.0,0.0,0.0,0.0
0.257,0.019113959555918797,0.0,0.0,0.0,0.0
0.258,-0.006532702210009972,0.0,0.0,0.0,0.0
0.259,0.046990119557851734,0.0,0.0,0.0,0.0
0.26,0.027678983046181597,0.0,0.0,0.0,0.0
0.261,0.021469637062572634,0.0,0.0,0.0,0.0
0.262,0.055295433193758695,0.0,0.0,0.0,0.0
0.263,-0.02755067587280402,0.0,0.0,0.0,0.0
0.264,0.017512424864640427,0.0,0.0,0.0,0.0
0.265,0.008606986212908096,0.0,0.0,0.0,0.0
0.266,0.021785785074969366,0.0,0.0,0.0,0.0
0.267,0.026450978386428542,0.0,0.0,0.0,0.0
0.268,0.02747381497179921,0.0,0.0,0.0,0.0
0.269,0.0018101889931950365,0.0,0.0,0.0,0.0
0.27,-0.06439823682346561,0.0,0.0,0.0,0.0
0.271,0.010904301170251346,0.0,0.0,0.0,0.0
0.272,-0.005682889976119426,0.0,0.0,0.0,0.0
0.273,0.025222539364107528,0.0,0.0,0.0,0.0
0.274,0.006136673178899209,0.0,0.0,0.0,0.0
0.275,0.013037765817359187,0.0,0.0,0.0,0.0
0.276,0.03790688294092861,0.0,0.0,0.0,0.0
0.277,0.03914806086163312,0.0,0.0,0.0,0.0
0.278,0.04660796858622169,0.0,0.0,0.0,0.0
0.279,0.054516708592436264,0.0,0.0,0.0,0.0
0.28,-0.015812353301395042,0.0,0.0,0.0,0.0
0.281,-0.018270928645751472,0.0,0.0,0.0,0.0
0.28200000000000003,-0.01329933895121484,0.0,0.0,0.0,0.0
0.28300000000000003,0.00019115793876549672,0.0,0.0,0.0,0.0
0.28400000000000003,-0.04946078021677616,0.0,0.0,0.0,0.0
0.28500000000000003,-0.06906877088925954,0.0,0.0,0.0,0.0
0.28600000000000003,-0.0253988510652804,0.0,0.0,0.0,0.0
0.28700000000000003,-0.06412357086706223,0.0,0.0,0.0,0.0
0.28800000000000003,0.03301405658821731,0.0,0.0,0.0,0.0
0.289,-0.05425386860924561,0.0,0.0,0.0,0.0
0.29,0.005885329797548767,0.0,0.0,0.0,0.0
0.291,-0.018824274043292996,0.0,0.0,0.0,0.0
0.292,0.04393176389869083,0.0,0.0,0.0,0.0
0.293,-0.020444662628151946,0.0,0.0,0.0,0.0
0.294,-0.03612963927762588,0.0,0.0,0.0,0.0
0.295,0.019399443887892658,0.0,0.0,0.0,0.0
0.296,-0.000482320274788047,0.0,0.0,0.0,0.0
0.297,-0.0009709248080093623,0.0,0.0,0.0,0.0
0.298,-0.02030269975425362,0.0,0.0,0.0,0.0
0.299,-0.005441931284816107,0.0,0.0,0.0,0.0
0.3,-0.02763581475866721,0.0,0.0,0.0,0.0
0.301,0.06751185182776735,0.0,0.0,0.0,0.0
0.302,-0.0025345856022435187,0.0,0.0,0.0,0.0
0.303,0.02201868035622852,0.0,0.0,0.0,0.0
0.304,0.0121941805756079,0.0,0.0,0.0,0.0
0.305,-0.010045801877168817,0.0,0.0,0.0,0.0
0.306,0.04093624213745313,0.0,0.0,0.0,0.0
0.307,0.05250238227915052,0.0,0.0,0.0,0.0
0.308,-0.007991706875124436,0.0,0.0,0.0,0.0
0.309,-0.06633166020545224,0.0,0.0,0.0,0.0
0.31,0.007737105189375046,0.0,0.0,0.0,0.0
0.311,0.029450784945228566,0.0,0.0,0.0,0.0
0.312,-0.006249110078086432,0.0,0.0,0.0,0.0
0.313,-0.02852642845948084,0.0,0.0,0.0,0.0
0.314,0.03891732994929294,0.0,0.0,0.0,0.0
0.315,-0.013254169398773174,0.0,0.0,0.0,0.0
0.316,0.02032768294545799,0.0,0.0,0.0,0.0
0.317,-0.009865486128316496,0.0,0.0,0.0,0.0
0.318,0.009055251548165905,0.0,0.0,0.0,0.0
0.319,0.030558710993676515,0.0,0.0,0.0,0.0
0.32,-0.02853233181531025,0.0,0.0,0.0,0.0
0.321,0.004136771838784341,0.0,0.0,0.0,0.0
0.322,0.019959163369231744,0.0,0.0,0.0,0.0
0.323,-0.03064056926313141,0.0,0.0,0.0,0.0
0.324,-0.003191950193065388,0.0,0.0,0.0,0.0
0.325,8.566533453220355e-05,0.0,0.0,0.0,0.0
0.326,-0.030510483210497756,0.0,0.0,0.0,0.0
0.327,0.020685739350885687,0.0,0.0,0.0,0.0
0.328,0.047868796476769095,0.0,0.0,0.0,0.0
0.329,-0.004441404119391961,0.0,0.0,0.0,0.0
0.33,0.01682938584746254,0.0,0.0,0.0,0.0
0.331,-0.03246115055005242,0.0,0.0,0.0,0.0
0.332,-0.018957753102609207,0.0,0.0,0.0,0.0
0.333,-0.00975697470827188,0.0,0.0,0.0,0.0
0.334,0.004004384784346539,0.0,0.0,0.0,0.0
0.335,0.07556570908977464,0.0,0.0,0.0,0.0
0.336,0.04285050856295125,0.0,0.0,0.0,0.0
0.337,-0.05033256442438591,0.0,0.0,0.0,0.0
0.338,-0.010475002769176794,0.0,0.0,0.0,0.0
0.339,0.02051753857070958,0.0,0.0,0.0,0.0
0.34,0.006447973326019844,0.0,0.0,0.0,0.0
0.341,-0.00948226573043218,0.0,0.0,0.0,0.0
0.342,0.0004910866698870087,0.0,0.0,0.0,0.0
0.343,0.008134352966906698,0.0,0.0,0.0,0.0
0.34400000000000003,0.020825765689207326,0.0,0.0,0.0,0.0
0.34500000000000003,0.010272869506310572,0.0,0.0,0.0,0.0
0.34600000000000003,-0.0016451618832995889,0.0,0.0,0.0,0.0
0.34700000000000003,-0.06542039220560467,0.0,0.0,0.0,0.0
0.34800000000000003,0.06544132205281487,0.0,0.0,0.0,0.0
0.34900000000000003,-0.010443160814146575,0.0,0.0,0.0,0.0
0.35000000000000003,-0.005342213833097523,0.0,0.0,0.0,0.0
0.35100000000000003,0.06750806479245682,0.0,0.0,0.0,0.0
0.352,-0.03235359092252741,0.0,0.0,0.0,0.0
0.353,0.0014978422593879821,0.0,0.0,0.0,0.0
0.354,-0.0023550818034848396,0.0,0.0,0.0,0.0
0.355,0.03649112685042026,0.0,0.0,0.0,0.0
0.356,0.03728504098251854,0.0,0.0,0.0,0.0
0.357,0.03162802691350767,0.0,0.0,0.0,0.0
0.358,0.0017774248256898538,0.0,0.0,0.0,0.0
0.359,-0.010944541025072065,0.0,0.0,0.0,0.0
0.36,0.040589961117696895,0.0,0.0,0.0,0.0
0.361,-0.04497946415836776,0.0,0.0,0.0,0.0
0.362,-0.020886084244903413,0.0,0.0,0.0,0.0
0.363,-0.04205461872316454,0.0,0.0,0.0,0.0
0.364,-0.01870918214341282,0.0,0.0,0.0,0.0
0.365,0.025637971483488342,0.0,0.0,0.0,0.0
0.366,-0.006923137852893281,0.0,0.0,0.0,0.0
0.367,-0.001104124856447895,0.0,0.0,0.0,0.0
0.368,-0.020641359358856946,0.0,0.0,0.0,0.0
0.369,0.03488751650353721,0.0,0.0,0.0,0.0
0.37,0.008172686529858144,0.0,0.0,0.0,0.0
0.371,-0.017578308142243048,0.0,0.0,0.0,0.0
0.372,-0.012697906722631632,0.0,0.0,0.0,0.0
0.373,0.006247214426834985,0.0,0.0,0.0,0.0
0.374,-0.03508560775954129,0.0,0.0,0.0,0.0
0.375,0.007784510530880727,0.0,0.0,0.0,0.0
0.376,-0.01199423927811527,0.0,0.0,0.0,0.0
0.377,0.01914910911502705,0.0,0.0,0.0,0.0
0.378,-0.04253375578981106,0.0,0.0,0.0,0.0
0.379,0.0017021619150990467,0.0,0.0,0.0,0.0
0.38,0.034033590650081186,0.0,0.0,0.0,0.0
0.381,0.04377985186194278,0.0,0.0,0.0,0.0
0.382,-0.005937591316894805,0.0,0.0,0.0,0.0
0.383,0.02311652846053018,0.0,0.0,0.0,0.0
0.384,0.0031175920257108035,0.0,0.0,0.0,0.0
0.385,-0.013323199064822728,0.0,0.0,0.0,0.0
0.386,-0.04255814475328498,0.0,0.0,0.0,0.0
0.387,-0.02760091505451976,0.0,0.0,0.0,0.0
0.388,0.04023488434070934,0.0,0.0,0.0,0.0
0.389,0.060026909931324694,0.0,0.0,0.0,0.0
0.39,0.1078656420724738,0.0,0.0,0.0,0.0
0.391,0.0767817419922813,0.0,0.0,0.0,0.0
0.392,0.04342554897673046,0.0,0.0,0.0,0.0
0.393,0.04314212780269858,0.0,0.0,0.0,0.0
0.394,0.01567855448364156,0.0,0.0,0.0,0.0
0.395,-0.031368002165467215,0.0,0.0,0.0,0.0
0.396,-0.04926144547902141,0.0,0.0,0.0,0.0
0.397,-0.026072122866267568,0.0,0.0,0.0,0.0
0.398,0.0037944194007850096,0.0,0.0,0.0,0.0
0.399,0.01206382165537834,0.0,0.0,0.0,0.0
0.4,0.010562258097427836,0.0,0.0,0.0,0.0
0.401,0.037077447027410025,0.0,0.0,0.0,0.0
0.402,-0.002406829084282013,0.0,0.0,0.0,0.0
0.403,0.03051440157906358,0.0,0.0,0.0,0.0
0.404,0.014871383389407166,0.0,0.0,0.0,0.0
0.405,0.051274644272723116,0.0,0.0,0.0,0.0
0.406,-0.0032630383826966368,0.0,0.0,0.0,0.0
0.40700000000000003,0.04100957151823675,0.0,0.0,0.0,0.0
0.40800000000000003,-0.04169352335254726,0.0,0.0,0.0,0.0
0.40900000000000003,-0.026508458369980552,0.0,0.0,0.0,0.0
0.41000000000000003,0.03062692623092012,0.0,0.0,0.0,0.0
0.41100000000000003,0.004167076528562727,0.0,0.0,0.0,0.0
0.41200000000000003,0.00810879143960781,0.0,0.0,0.0,0.0
0.41300000000000003,-0.020236672215043657,0.0,0.0,0.0,0.0
0.41400000000000003,0.024819475807874164,0.0,0.0,0.0,0.0
0.41500000000000004,-0.007972813491753612,0.0,0.0,0.0,0.0
0.41600000000000004,0.02221867631532344,0.0,0.0,0.0,0.0
0.417,-0.010467289761183982,0.0,0.0,0.0,0.0
0.418,-0.002313497636691828,0.0,0.0,0.0,0.0
0.419,0.018690292396976955,0.0,0.0,0.0,0.0
0.42,-0.0457511544150911,0.0,0.0,0.0,0.0
0.421,-0.029244393896990604,0.0,0.0,0.0,0.0
0.422,0.0085910049111311,0.0,0.0,0.0,0.0
0.423,-0.014346822564547973,0.0,0.0,0.0,0.0
0.424,-0.02091411366947189,0.0,0.0,0.0,0.0
0.425,0.04964080663029073,0.0,0.0,0.0,0.0
0.426,0.02473027404580499,0.0,0.0,0.0,0.0
0.427,0.009263314654284163,0.0,0.0,0.0,0.0
0.428,-0.03743783536962142,0.0,0.0,0.0,0.0
0.429,0.008913095699674715,0.0,0.0,0.0,0.0
0.43,0.000911709536359921,0.0,0.0,0.0,0.0
0.431,0.006321420285566729,0.0,0.0,0.0,0.0
0.432,-0.03050905822540788,0.0,0.0,0.0,0.0
0.433,0.007281605373569744,0.0,0.0,0.0,0.0
0.434,-0.00042215836353237755,0.0,0.0,0.0,0.0
0.435,0.05500154224211153,0.0,0.0,0.0,0.0
0.436,0.04418986904232211,0.0,0.0,0.0,0.0
0.437,0.055638128550844,0.0,0.0,0.0,0.0
0.438,-0.03464561065876835,0.0,0.0,0.0,0.0
0.439,0.05885974783475725,0.0,0.0,0.0,0.0
0.44,0.014065740898786695,0.0,0.0,0.0,0.0
0.441,0.003414068500877795,0.0,0.0,0.0,0.0
0.442,0.05586800560230433,0.0,0.0,0.0,0.0
0.443,-0.023296364671510857,0.0,0.0,0.0,0.0
0.444,0.002323119743328294,0.0,0.0,0.0,0.0
0.445,0.024847376988426116,0.0,0.0,0.0,0.0
0.446,0.044215121597632544,0.0,0.0,0.0,0.0
0.447,-0.013531599793075697,0.0,0.0,0.0,0.0
0.448,0.008634608449282323,0.0,0.0,0.0,0.0
0.449,-0.04288016925994906,0.0,0.0,0.0,0.0
0.45,0.005987187381405449,0.0,0.0,0.0,0.0
0.451,-0.07902260089075216,0.0,0.0,0.0,0.0
0.452,0.012241336138446506,0.0,0.0,0.0,0.0
0.453,-0.01766017792228524,0.0,0.0,1.0,0.0
0.454,0.016631396803403954,0.0,0.0,0.0,0.0
0.455,-0.014500164002867081,0.0,0.0,0.0,0.0
0.456,-0.065996797581613,0.0,0.0,0.0,0.0
0.457,-0.017137968335236082,0.0,0.0,0.0,0.0
0.458,0.020826610056685003,0.0,0.0,0.0,0.0
0.459,-0.036102049424636025,0.0,0.0,0.0,0.0
0.46,-0.024335723590955066,0.0,0.0,0.0,0.0
0.461,0.025119339765646825,0.0,0.0,0.0,0.0
0.462,0.043423832280152314,0.0,0.0,0.0,0.0
0.463,0.023108445072698488,0.0,0.0,0.0,0.0
0.464,-0.011189779816458485,0.0,0.0,0.0,0.0
0.465,0.034001718892747924,0.0,0.0,0.0,0.0
0.466,-0.0024058264355919777,0.0,0.0,0.0,0.0
0.467,-0.027691363236004136,0.0,0.0,0.0,0.0
0.468,-5.103551151232951e-05,0.0,0.0,0.0,0.0
0.46900000000000003,0.010005167394605635,0.0,0.0,0.0,0.0
0.47000000000000003,0.007991499639149358,0.0,0.0,0.0,0.0
0.47100000000000003,-0.04119885320409668,0.0,0.0,0.0,0.0
0.47200000000000003,0.012655668502332566,0.0,0.0,0.0,0.0
0.47300000000000003,-0.0004891255950578534,0.0,0.0,0.0,0.0
0.47400000000000003,0.0529639744296173,0.0,0.0,0.0,0.0
0.47500000000000003,-0.06111530049077984,0.0,0.0,0.0,0.0
0.47600000000000003,-0.01577221018679377,0.0,0.0,0.0,0.0
0.47700000000000004,0.014410680557418537,0.0,0.0,0.0,0.0
0.47800000000000004,0.011098964857282529,0.0,0.0,0.0,0.0
0.47900000000000004,-0.029853423366235265,0.0,0.0,0.0,0.0
0.48,-0.018334643998341674,0.0,0.0,0.0,0.0
0.481,-0.03886734388656091,0.0,0.0,0.0,0.0
0.482,-0.03492449988755659,0.0,0.0,0.0,0.0
0.483,0.042169451477073294,0.0,0.0,0.0,0.0
0.484,-0.009019424435593532,0.0,0.0,0.0,0.0
0.485,0.02310992497976119,0.0,0.0,0.0,0.0
0.486,-0.034849802888021864,0.0,0.0,0.0,0.0
0.487,0.0019373260368916643,0.0,0.0,0.0,0.0
0.488,-0.00938556481164346,0.0,0.0,0.0,0.0
0.489,-0.021978053433831534,0.0,0.0,0.0,0.0
0.49,0.0018111306745549286,0.0,0.0,0.0,0.0
0.491,-0.0058200286455929555,0.0,0.0,0.0,0.0
0.492,-0.002928830114362512,0.0,0.0,0.0,0.0
0.493,-0.010747630045672904,0.0,0.0,0.0,0.0
0.494,0.04367802865749634,0.0,0.0,0.0,0.0
0.495,0.011110468653070476,0.0,0.0,0.0,0.0
0.496,-0.0014794767119843631,0.0,0.0,0.0,0.0
0.497,-0.0013055041603910378,0.0,0.0,0.0,0.0
0.498,0.016044130025857056,1.0,0.0,0.0,0.0
0.499,-0.014608820452664104,0.0,0.0,0.0,0.0
0.5,0.03998563571251557,0.0,0.0,0.0,0.0
0.501,-0.01619134822807928,0.0,0.0,0.0,0.0
0.502,0.045089484836107536,0.0,0.0,0.0,0.0
0.503,0.0032110136547308095,0.0,0.0,0.0,0.0
0.504,-0.006898166047257652,0.0,0.0,0.0,0.0
0.505,0.03339223313693359,0.0,0.0,0.0,0.0
0.506,-0.01955166042046344,0.0,0.0,0.0,0.0
0.507,-0.00655037387997284,0.0,0.0,0.0,0.0
0.508,-0.013164202570518205,0.0,0.0,0.0,0.0
0.509,0.000397295273241954,0.0,0.0,0.0,0.0
0.51,0.014791802605967134,0.0,0.0,0.0,0.0
0.511,-0.030970852360048956,0.0,0.0,0.0,0.0
0.512,0.03872132354140277,0.0,0.0,0.0,0.0
0.513,0.05236686611586232,0.0,0.0,0.0,0.0
0.514,0.0884158194586835,0.0,0.0,0.0,0.0
0.515,-0.06693213300510795,0.0,0.0,0.0,0.0
0.516,0.0322097982275873,0.0,0.0,0.0,0.0
0.517,0.030892163013908895,0.0,0.0,0.0,0.0
0.518,0.09877802818032604,0.0,0.0,0.0,0.0
0.519,0.041796928527449186,0.0,0.0,0.0,0.0
0.52,-0.0419793543276628,0.0,0.0,0.0,0.0
0.521,-0.007713816169597072,0.0,0.0,0.0,0.0
0.522,0.014291288218621736,0.0,0.0,0.0,0.0
0.523,0.02865017581152069,0.0,0.0,0.0,0.0
0.524,0.0458173642542472,0.0,0.0,0.0,0.0
0.525,-0.05620486447852237,0.0,0.0,0.0,0.0
0.526,-0.0026968762184109924,0.0,0.0,0.0,0.0
0.527,-0.014490569973322612,0.0,0.0,0.0,0.0
0.528,0.07060155367930325,0.0,0.0,0.0,0.0
0.529,0.04937112892350064,0.0,0.0,0.0,0.0
0.53,-0.011970101987462992,0.0,0.0,0.0,0.0
0.531,-0.007645913735027303,0.0,0.0,0.0,0.0
0.532,0.03503566537645263,0.0,0.0,0.0,0.0
0.533,0.00589880017343951,0.0,0.0,0.0,0.0
0.534,0.04757786246633797,0.0,0.0,0.0,0.0
0.535,0.03774082212887398,0.0,0.0,0.0,0.0
0.536,-0.01255597522122254,0.0,0.0,0.0,0.0
0.537,0.014598571959300182,0.0,0.0,0.0,0.0
0.538,-0.04654655219572739,0.0,0.0,0.0,0.0
0.539,0.022003886515295668,0.0,0.0,0.0,0.0
0.54,0.028089411953887172,0.0,0.0,0.0,0.0
0.541,-0.014354417328301741,0.0,0.0,0.0,0.0
0.542,0.006181125384614796,0.0,0.0,0.0,0.0
0.543,0.0007510829097575342,0.0,0.0,0.0,0.0
0.544,0.022573669939976157,0.0,0.0,0.0,0.0
0.545,0.039693022855978345,0.0,0.0,0.0,0.0
0.546,-0.01666146699540306,0.0,0.0,0.0,0.0
0.547,-0.05828577851702619,0.0,0.0,0.0,0.0
0.548,-0.03188110992328553,0.0,0.0,0.0,0.0
0.549,-0.009007569275443012,0.0,0.0,0.0,0.0
0.55,0.02219775591121516,0.0,0.0,0.0,0.0
0.551,0.006094988402625801,0.0,0.0,0.0,0.0
0.552,0.028382033740136432,0.0,0.0,0.0,0.0
0.553,0.06017358628576183,0.0,0.0,0.0,0.0
0.554,-0.015306722823022525,0.0,0.0,0.0,0.0
0.555,0.02202372915700137,0.0,0.0,0.0,0.0
0.556,0.03496513104027865,0.0,0.0,0.0,0.0
0.557,0.08073313182518004,0.0,0.0,0.0,0.0
0.558,0.04415990851239896,0.0,0.0,0.0,0.0
0.559,-0.0454536918819802,0.0,0.0,0.0,0.0
0.56,0.05179374903192145,0.0,0.0,0.0,0.0
0.561,0.027292494115873693,0.0,0.0,0.0,0.0
0.562,0.016589913034739792,0.0,0.0,0.0,0.0
0.5630000000000001,-0.02243381958971088,0.0,0.0,0.0,0.0
0.5640000000000001,0.06622632397385453,0.0,0.0,0.0,0.0
0.5650000000000001,0.00696452646360953,0.0,0.0,0.0,0.0
0.5660000000000001,0.028428261099038895,0.0,0.0,0.0,0.0
0.5670000000000001,0.008279191882748317,0.0,0.0,0.0,0.0
0.5680000000000001,0.0194226062108257,0.0,0.0,0.0,0.0
0.5690000000000001,0.01652030820756186,0.0,0.0,0.0,0.0
0.5700000000000001,-0.007523522963947033,0.0,0.0,0.0,0.0
0.5710000000000001,0.04251089499072141,0.0,0.0,0.0,0.0
0.5720000000000001,0.041714081813562946,0.0,0.0,0.0,0.0
0.5730000000000001,0.03293116611914253,0.0,0.0,0.0,0.0
0.5740000000000001,-0.02782840364515062,0.0,0.0,0.0,0.0
0.5750000000000001,-0.03191876091286945,0.0,0.0,0.0,0.0
0.5760000000000001,-0.011741894033311648,0.0,0.0,0.0,0.0
0.577,0.014512218455776434,0.0,0.0,0.0,0.0
0.578,0.030471993901859062,0.0,0.0,0.0,0.0
0.579,-0.025045641796360197,0.0,0.0,0.0,0.0
0.58,0.017387438141527566,0.0,0.0,0.0,0.0
0.581,-0.0036282306948365473,0.0,0.0,0.0,0.0
0.582,0.020706409342123137,0.0,0.0,0.0,0.0
0.583,0.0064477256903198825,0.0,0.0,0.0,0.0
0.584,-0.018781355654994662,0.0,0.0,0.0,0.0
0.585,0.03790531999847768,0.0,0.0,0.0,0.0
0.586,0.048594682785739515,0.0,0.0,0.0,0.0
0.587,0.009469412776588356,0.0,0.0,0.0,0.0
0.588,-0.001213094571658628,0.0,0.0,0.0,0.0
0.589,0.03304148182083458,0.0,0.0,0.0,0.0
0.59,0.005493599661436096,0.0,0.0,0.0,0.0
0.591,0.0002244802175519478,0.0,0.0,0.0,0.0
0.592,-0.0035824177829894225,0.0,0.0,0.0,0.0
0.593,0.007492251552367537,0.0,0.0,0.0,0.0
0.594,0.04184183744508686,0.0,0.0,0.0,0.0
0.595,0.024463868180215773,0.0,0.0,0.0,0.0
0.596,0.013989056845120234,0.0,0.0,0.0,0.0
0.597,0.006554011645621621,0.0,0.0,0.0,0.0
0.598,0.0386587230720427,0.0,0.0,0.0,0.0
0.599,0.02669839554401609,0.0,0.0,0.0,0.0
0.6,0.0009243927368084368,0.0,0.0,0.0,0.0
0.601,-0.03961396680037968,0.0,0.0,0.0,0.0
0.602,-0.035458072530774556,0.0,0.0,0.0,0.0
0.603,0.026218803633491407,0.0,0.0,0.0,0.0
0.604,0.027241089399731112,0.0,0.0,0.0,0.0
0.605,0.01650324458450268,0.0,0.0,0.0,0.0
0.606,0.06335605458397761,0.0,0.0,0.0,0.0
0.607,0.05415516170434562,0.0,0.0,0.0,0.0
0.608,-0.002009923069207104,0.0,0.0,0.0,0.0
0.609,0.013527841378982587,0.0,0.0,0.0,0.0
0.61,0.04677351229292157,0.0,0.0,0.0,0.0
0.611,0.06182315897040033,0.0,0.0,0.0,0.0
0.612,0.03184350518217116,0.0,0.0,0.0,0.0
0.613,-0.023016577655058254,0.0,0.0,0.0,0.0
0.614,0.05203466142300142,0.0,0.0,0.0,0.0
0.615,0.03648914263784901,0.0,0.0,0.0,0.0
0.616,0.024692862288792458,0.0,0.0,0.0,0.0
0.617,-0.019256376029318973,0.0,0.0,0.0,0.0
0.618,-3.877894939992993e-06,0.0,0.0,0.0,0.0
0.619,-0.01786219504170441,0.0,0.0,0.0,0.0
0.62,0.0037370421828620244,0.0,0.0,0.0,0.0
0.621,0.07962115561752303,0.0,0.0,0.0,0.0
0.622,0.028885947803696355,0.0,0.0,0.0,0.0
0.623,-0.020960658209483483,0.0,0.0,0.0,0.0
0.624,0.010366125768302498,0.0,0.0,0.0,0.0
0.625,-0.0025999280053922297,0.0,0.0,0.0,0.0
0.626,-0.005678426926093721,0.0,0.0,0.0,0.0
0.627,0.01378739870988952,0.0,0.0,0.0,0.0
0.628,-0.01653697582771437,0.0,0.0,0.0,0.0
0.629,0.004583520348535295,0.0,0.0,0.0,0.0
0.63,-0.0010522315127393118,0.0,0.0,0.0,0.0
0.631,0.045248946185959996,0.0,0.0,0.0,0.0
0.632,-0.008871899362667154,0.0,0.0,0.0,0.0
0.633,0.02231466765387926,0.0,0.0,0.0,0.0
0.634,-0.011964696584236937,0.0,0.0,0.0,0.0
0.635,0.05894494312343757,0.0,0.0,0.0,0.0
0.636,0.04578260535729414,0.0,0.0,0.0,0.0
0.637,0.02839305745280694,0.0,0.0,0.0,0.0
0.638,-0.009844878604495965,0.0,0.0,0.0,0.0
0.639,0.0036386682825196174,0.0,0.0,0.0,0.0
0.64,-0.01711741250485619,0.0,0.0,0.0,0.0
0.641,-0.01386363116314015,0.0,0.0,0.0,0.0
0.642,0.004878977675493204,0.0,0.0,0.0,0.0
0.643,-0.006880085742198509,0.0,0.0,0.0,0.0
0.644,0.010957083958357115,0.0,0.0,0.0,0.0
0.645,-0.0039961128207382235,0.0,0.0,0.0,0.0
0.646,-0.018974548569289356,0.0,0.0,0.0,0.0
0.647,0.026424443617385378,0.0,0.0,0.0,0.0
0.648,0.0099985038676095,0.0,0.0,0.0,0.0
0.649,-0.0216408130660759,0.0,0.0,0.0,0.0
0.65,-0.0009704703089487218,0.0,0.0,0.0,0.0
0.651,-0.029372143563856742,0.0,0.0,0.0,0.0
0.652,0.03348780435175388,0.0,0.0,0.0,0.0
0.653,0.06509420643240586,0.0,0.0,0.0,0.0
0.654,-0.004002927011349978,0.0,0.0,0.0,0.0
0.655,-0.008124492694108115,0.0,0.0,0.0,0.0
0.656,-0.010376481623203102,0.0,0.0,0.0,0.0
0.657,-0.013379414401908872,0.0,0.0,0.0,0.0
0.658,0.0815894414293605,0.0,0.0,0.0,0.0
0.659,0.06003670673608265,0.0,0.0,0.0,0.0
0.66,-0.017008331984107027,0.0,0.0,0.0,0.0
0.661,-0.02551768664956123,0.0,0.0,0.0,0.0
0.662,-0.0595231403251746,0.0,0.0,0.0,0.0
0.663,0.05527517030570134,0.0,0.0,0.0,0.0
0.664,-0.007659866645436218,0.0,0.0,0.0,0.0
0.665,-0.010825512568682388,0.0,0.0,0.0,0.0
0.666,0.05535347686495088,0.0,0.0,0.0,0.0
0.667,0.011469890038228521,0.0,0.0,0.0,0.0
0.668,0.01048752804510148,0.0,0.0,0.0,0.0
0.669,0.038420627209628744,0.0,0.0,0.0,0.0
0.67,0.002881339087312523,0.0,0.0,0.0,0.0
0.671,0.015494258796366959,0.0,0.0,0.0,0.0
0.672,0.007191066188067285,0.0,0.0,0.0,0.0
0.673,-0.06337611090624562,0.0,0.0,0.0,0.0
0.674,0.027485048306427486,0.0,0.0,0.0,0.0
0.675,0.06843545186888031,0.0,0.0,0.0,0.0
0.676,0.02232380496502596,0.0,0.0,0.0,0.0
0.677,-0.010058667474203881,0.0,0.0,0.0,0.0
0.678,0.01484267788363063,0.0,0.0,0.0,0.0
0.679,-0.0004333903252270021,0.0,0.0,0.0,0.0
0.68,0.051499587329562196,0.0,0.0,0.0,0.0
0.681,-0.044708311033056586,0.0,0.0,0.0,0.0
0.682,-0.019417981957009625,0.0,0.0,0.0,0.0
0.683,0.12820381448764728,0.0,0.0,0.0,0.0
0.684,-0.0259107957873176,0.0,0.0,0.0,0.0
0.685,0.029403553089405482,0.0,0.0,0.0,0.0
0.686,-0.033804267810081653,0.0,0.0,0.0,0.0
0.687,0.022169036340525194,0.0,0.0,0.0,0.0
0.6880000000000001,-0.016852907758527852,0.0,0.0,0.0,0.0
0.6890000000000001,0.005755546462769814,0.0,0.0,0.0,0.0
0.6900000000000001,0.051786760591981916,0.0,0.0,0.0,0.0
0.6910000000000001,0.0032780154820553345,0.0,0.0,0.0,0.0
0.6920000000000001,-0.010870870113671665,0.0,0.0,0.0,0.0
0.6930000000000001,0.03338416927330896,0.0,0.0,0.0,0.0
0.6940000000000001,-0.0142716633749746,0.0,0.0,0.0,0.0
0.6950000000000001,0.018165724882373783,0.0,0.0,0.0,0.0
0.6960000000000001,0.011814402867995248,0.0,0.0,0.0,0.0
0.6970000000000001,0.02208872045276135,0.0,0.0,0.0,0.0
0.6980000000000001,-0.012664519117583248,0.0,0.0,0.0,0.0
0.6990000000000001,-0.017293514404505612,0.0,0.0,0.0,0.0
0.7000000000000001,0.035780164984120066,0.0,0.0,0.0,0.0
0.7010000000000001,0.0026828300288751876,0.0,0.0,0.0,0.0
0.7020000000000001,0.004047871689352988,0.0,0.0,0.0,0.0
0.7030000000000001,-0.02312312740688027,0.0,0.0,0.0,0.0
0.704,0.012709305259820404,0.0,0.0,0.0,0.0
0.705,0.05528747497775055,0.0,0.0,0.0,0.0
0.706,-0.04820120417487403,0.0,0.0,0.0,0.0
0.707,0.029777863937181105,0.0,0.0,0.0,0.0
0.708,0.04992976648517064,0.0,0.0,0.0,0.0
0.709,-0.025952194779111593,0.0,0.0,0.0,0.0
0.71,-0.037397989263063126,0.0,0.0,0.0,0.0
0.711,0.00232814765281147,0.0,0.0,0.0,0.0
0.712,0.04755702571142311,0.0,0.0,0.0,0.0
0.713,0.05126327067210756,0.0,0.0,0.0,0.0
0.714,0.018086442625055568,0.0,0.0,0.0,0.0
0.715,-0.015714707078331856,0.0,0.0,0.0,0.0
0.716,0.009727571604749564,0.0,0.0,0.0,0.0
0.717,0.033733565058252965,0.0,0.0,0.0,0.0
0.718,0.0027580017966100647,0.0,0.0,0.0,0.0
0.719,0.005153034786603318,0.0,0.0,0.0,0.0
0.72,0.013767425213988679,0.0,0.0,0.0,0.0
0.721,-0.0027016305719659347,0.0,0.0,0.0,0.0
0.722,-0.02462230961798667,0.0,0.0,0.0,0.0
0.723,-0.0007781605025866962,0.0,0.0,0.0,0.0
0.724,0.018780442804363355,0.0,0.0,0.0,0.0
0.725,0.017408291973330218,0.0,0.0,0.0,0.0
0.726,0.04562553477891202,0.0,0.0,0.0,0.0
0.727,0.02825659144674872,0.0,0.0,0.0,0.0
0.728,-0.00031849420132767405,0.0,0.0,0.0,0.0
0.729,-0.013437502778812283,0.0,0.0,0.0,0.0
0.73,-0.0076004824456880355,0.0,0.0,0.0,0.0
0.731,0.0415130976039202,0.0,0.0,0.0,0.0
0.732,0.024663098984961024,0.0,0.0,0.0,0.0
0.733,0.009279071907647268,0.0,0.0,0.0,0.0
0.734,-0.010458525127972814,0.0,0.0,0.0,0.0
0.735,0.022430009652110228,0.0,0.0,0.0,0.0
0.736,0.012621907496312361,0.0,0.0,0.0,0.0
0.737,0.005004454395233296,0.0,0.0,0.0,0.0
0.738,0.015414962866272152,0.0,0.0,0.0,0.0
0.739,-0.05610835063913677,0.0,0.0,0.0,0.0
0.74,-0.010542748154323512,0.0,0.0,0.0,0.0
0.741,-0.002696968071624178,0.0,0.0,0.0,0.0
0.742,0.018245392086976217,0.0,0.0,0.0,0.0
0.743,0.05032785749844447,0.0,0.0,0.0,0.0
0.744,0.007167716826182717,0.0,0.0,0.0,0.0
0.745,0.0028683367360146173,0.0,0.0,0.0,0.0
0.746,0.005897812211352448,0.0,0.0,0.0,0.0
0.747,-0.013158183478670055,0.0,0.0,0.0,0.0
0.748,0.02054490499026449,0.0,0.0,0.0,0.0
0.749,-0.0038135606303324777,0.0,0.0,0.0,0.0
0.75,0.02510884446428923,0.0,0.0,0.0,0.0
0.751,-0.022233816909421514,0.0,0.0,0.0,0.0
0.752,-0.013601506256721815,0.0,0.0,0.0,0.0
0.753,0.021168734397307785,0.0,0.0,0.0,0.0
0.754,-0.06038653296244656,0.0,0.0,0.0,0.0
0.755,-0.01855641469742318,0.0,0.0,0.0,0.0
0.756,0.04979509250174324,0.0,0.0,0.0,0.0
0.757,0.008189221896400523,0.0,0.0,0.0,0.0
0.758,-0.04953703841031204,0.0,0.0,0.0,0.0
0.759,-0.06209423947438752,0.0,0.0,0.0,0.0
0.76,-0.0019555113321658487,0.0,0.0,0.0,0.0
0.761,0.0075913598322413555,0.0,0.0,0.0,0.0
0.762,-0.0021757067003772956,0.0,0.0,0.0,0.0
0.763,0.044886333302974965,0.0,0.0,0.0,0.0
0.764,0.018521804863697554,0.0,0.0,0.0,0.0
0.765,-0.0028641605690864057,0.0,0.0,0.0,0.0
0.766,0.03123850939664966,0.0,0.0,0.0,0.0
0.767,0.06278699825007929,0.0,0.0,0.0,0.0
0.768,-0.04346607501690025,0.0,0.0,0.0,0.0
0.769,-0.0139315894089633,0.0,0.0,0.0,0.0
0.77,-0.03399120740087143,0.0,0.0,0.0,0.0
0.771,-0.0009486548767668225,0.0,0.0,0.0,0.0
0.772,0.014044353800822817,0.0,0.0,0.0,0.0
0.773,0.007705870170587689,0.0,0.0,0.0,0.0
0.774,-0.02577932972361014,0.0,0.0,0.0,0.0
0.775,0.027305249168933843,0.0,0.0,0.0,0.0
0.776,0.02596772886442021,0.0,0.0,0.0,0.0
0.777,0.022100256047754757,0.0,0.0,0.0,0.0
0.778,-0.04302084725731074,0.0,0.0,0.0,0.0
0.779,0.03150187045207388,0.0,0.0,0.0,0.0
0.78,0.021088321512646856,0.0,0.0,0.0,0.0
0.781,-0.03849820606366998,0.0,0.0,0.0,0.0
0.782,-0.02240289007396605,0.0,0.0,0.0,0.0
0.783,0.02389988953703847,0.0,0.0,0.0,0.0
0.784,0.03904729711734643,0.0,0.0,0.0,0.0
0.785,0.04589319262890852,0.0,0.0,0.0,0.0
0.786,0.0010317240838221328,0.0,0.0,0.0,0.0
0.787,0.008353578063509974,0.0,0.0,0.0,0.0
0.788,0.004840684555214818,0.0,0.0,0.0,0.0
0.789,-0.015712705967438644,0.0,0.0,0.0,0.0
0.79,0.022187706497289177,0.0,0.0,0.0,0.0
0.791,0.004912342197137368,0.0,0.0,0.0,0.0
0.792,-0.023074770278065752,0.0,0.0,0.0,0.0
0.793,0.07777058012658175,0.0,0.0,0.0,0.0
0.794,0.05044750673594223,0.0,0.0,0.0,0.0
0.795,0.015210478879840204,0.0,0.0,0.0,0.0
0.796,0.03168734914027847,0.0,0.0,0.0,0.0
0.797,-0.01448880438301296,0.0,0.0,0.0,0.0
0.798,-0.03542098007256228,0.0,0.0,0.0,0.0
0.799,-0.013317566051358008,0.0,0.0,0.0,0.0
0.8,-0.005390513247483618,0.0,0.0,0.0,0.0
0.801,0.012702323686206354,0.0,0.0,0.0,0.0
0.802,0.0069565635509915074,0.0,0.0,0.0,0.0
0.803,-0.05147611844727184,0.0,0.0,0.0,0.0
0.804,0.04462047304902246,0.0,0.0,0.0,0.0
0.805,-0.026896355827777226,0.0,0.0,0.0,0.0
0.806,-0.01166761729006737,0.0,0.0,0.0,0.0
0.807,0.0542874354066763,0.0,0.0,0.0,0.0
0.808,0.013082023780102592,0.0,0.0,0.0,0.0
0.809,0.05856963509595865,0.0,0.0,0.0,0.0
0.81,0.018505216536570505,0.0,0.0,0.0,0.0
0.811,0.03791388328531009,0.0,0.0,0.0,0.0
0.812,-0.003436611201518003,0.0,0.0,0.0,0.0
0.8130000000000001,0.029528491415140877,0.0,0.0,0.0,0.0
0.8140000000000001,0.022330149924271205,0.0,0.0,0.0,0.0
0.8150000000000001,0.04126936610336468,0.0,0.0,0.0,0.0
0.8160000000000001,0.013973803371202942,0.0,0.0,0.0,0.0
0.8170000000000001,-0.013872697775652622,0.0,0.0,0.0,0.0
0.8180000000000001,0.025992306781159262,0.0,0.0,0.0,0.0
0.8190000000000001,-0.005833565273894042,0.0,0.0,0.0,0.0
0.8200000000000001,0.013235705990253954,0.0,0.0,0.0,0.0
0.8210000000000001,0.04993474329210015,0.0,0.0,0.0,0.0
0.8220000000000001,-0.014979524014505342,0.0,0.0,0.0,0.0
0.8230000000000001,0.009862275751597902,0.0,0.0,0.0,0.0
0.8240000000000001,0.027955651357819807,0.0,0.0,0.0,0.0
0.8250000000000001,0.022656663290104136,0.0,0.0,0.0,0.0
0.8260000000000001,0.010258319739919091,0.0,0.0,0.0,0.0
0.8270000000000001,0.003010847051134616,0.0,0.0,0.0,0.0
0.8280000000000001,0.06303608656362483,0.0,0.0,0.0,0.0
0.8290000000000001,-0.026058721100832398,0.0,0.0,0.0,0.0
0.8300000000000001,-0.02348041560674844,0.0,0.0,0.0,0.0
0.8310000000000001,-0.016470985325475855,0.0,0.0,0.0,0.0
0.8320000000000001,0.02796038719413385,0.0,0.0,0.0,0.0
0.833,0.01313015625059191,0.0,0.0,0.0,0.0
0.834,-0.007525388481605033,0.0,0.0,0.0,0.0
0.835,-0.02462434648337486,0.0,0.0,0.0,0.0
0.836,0.009324431689317339,0.0,0.0,0.0,0.0
0.837,0.012974022762824916,0.0,0.0,0.0,0.0
0.838,0.0071579784945866014,0.0,0.0,0.0,0.0
0.839,-0.019215650906188445,0.0,0.0,0.0,0.0
0.84,0.012086068204465178,0.0,0.0,0.0,0.0
0.841,0.04426419713890389,0.0,0.0,0.0,0.0
0.842,-0.01139190829448253,0.0,0.0,0.0,0.0
0.843,0.03362700044027872,0.0,0.0,0.0,0.0
0.844,-0.010346428236381471,0.0,0.0,0.0,0.0
0.845,-0.005681748876482654,0.0,0.0,0.0,0.0
0.846,-0.04573787984587833,0.0,0.0,0.0,0.0
0.847,0.029167974675587086,0.0,0.0,0.0,0.0
0.848,0.027674099228637797,0.0,0.0,0.0,0.0
0.849,-0.015384245693190982,0.0,0.0,0.0,0.0
0.85,0.03636038576532502,0.0,0.0,0.0,0.0
0.851,0.004671315061002756,0.0,0.0,0.0,0.0
0.852,0.04058505901331105,0.0,0.0,0.0,0.0
0.853,-0.007489324157983916,0.0,0.0,0.0,0.0
0.854,0.04337364942204349,0.0,0.0,0.0,0.0
0.855,0.0066054084719625004,0.0,0.0,0.0,0.0
0.856,0.030697398795790955,0.0,0.0,0.0,0.0
0.857,0.01139342125343951,0.0,0.0,0.0,0.0
0.858,0.014964414859106321,0.0,0.0,0.0,0.0
0.859,-0.01912192989310914,0.0,0.0,0.0,0.0
0.86,0.01126828877508838,0.0,0.0,0.0,0.0
0.861,0.037692615384563546,0.0,0.0,0.0,0.0
0.862,0.03012665502578049,0.0,0.0,0.0,0.0
0.863,-0.04384640733351376,0.0,0.0,0.0,0.0
0.864,0.044457968840557194,0.0,0.0,0.0,0.0
0.865,-0.048486464142747585,0.0,0.0,0.0,0.0
0.866,-0.008578781968762127,0.0,0.0,0.0,0.0
0.867,-0.06471717999951357,0.0,0.0,0.0,0.0
0.868,0.01588125642065997,0.0,0.0,0.0,0.0
0.869,0.003320604078192419,0.0,0.0,0.0,0.0
0.87,0.017598969055699992,0.0,0.0,0.0,0.0
0.871,-0.03217693014210783,0.0,0.0,0.0,0.0
0.872,0.05140204358152686,0.0,0.0,0.0,0.0
0.873,0.031151085496225542,0.0,0.0,0.0,0.0
0.874,0.0368344767465542,0.0,0.0,0.0,0.0
0.875,0.05766724605452078,0.0,0.0,0.0,0.0
0.876,0.04344319916177714,0.0,0.0,0.0,0.0
0.877,0.042988083804043065,0.0,0.0,0.0,0.0
0.878,0.021566864235480113,0.0,0.0,0.0,0.0
0.879,-0.03516295844094876,0.0,0.0,0.0,0.0
0.88,-0.02071773197245766,0.0,0.0,0.0,0.0
0.881,-0.01888950190278247,0.0,0.0,0.0,0.0
0.882,0.04006128209738799,0.0,0.0,0.0,0.0
0.883,0.07094448319290199,0.0,0.0,0.0,0.0
0.884,0.045508620924969365,0.0,0.0,0.0,0.0
0.885,0.0321694500661847,0.0,0.0,0.0,0.0
0.886,0.037508410606894964,0.0,0.0,0.0,0.0
0.887,0.017356986064829258,0.0,0.0,0.0,0.0
0.888,0.048213238847930176,0.0,0.0,0.0,0.0
0.889,0.07611344301981668,0.0,0.0,0.0,0.0
0.89,0.0302480425561766,0.0,0.0,0.0,0.0
0.891,0.018212844327600113,0.0,0.0,0.0,0.0
0.892,-0.018204303520123505,0.0,0.0,0.0,0.0
0.893,0.025592212822732132,0.0,0.0,0.0,0.0
0.894,0.009419558649186425,0.0,0.0,0.0,0.0
0.895,-0.007095768452698032,0.0,0.0,0.0,0.0
0.896,0.017235516731293126,0.0,0.0,0.0,0.0
0.897,0.04110391788003351,0.0,0.0,0.0,0.0
0.898,0.02499260343125871,0.0,0.0,0.0,0.0
0.899,-0.03142498630748533,0.0,0.0,0.0,0.0
0.9,0.00019309617270118866,0.0,0.0,0.0,0.0
0.901,0.010164602182426262,0.0,0.0,0.0,0.0
0.902,0.019763976485773396,0.0,0.0,0.0,0.0
0.903,-0.005373410928843766,0.0,0.0,0.0,0.0
0.904,-0.013884812022975226,0.0,0.0,0.0,0.0
0.905,-0.037854137532166085,0.0,0.0,0.0,0.0
0.906,0.03854980782520108,0.0,0.0,0.0,0.0
0.907,-0.057986110832649526,0.0,0.0,0.0,0.0
0.908,-0.028165272706270245,0.0,0.0,0.0,0.0
0.909,-0.010764835763559289,0.0,0.0,0.0,0.0
0.91,0.021630038213531894,0.0,0.0,0.0,0.0
0.911,0.03020569032969669,0.0,0.0,0.0,0.0
0.912,-0.02232874999607142,0.0,0.0,0.0,0.0
0.913,-0.0054937999697422454,0.0,0.0,0.0,0.0
0.914,-0.05401426658974244,0.0,0.0,0.0,0.0
0.915,-0.0004675122375216653,0.0,0.0,0.0,0.0
0.916,0.004918233246435641,0.0,0.0,0.0,0.0
0.917,0.0038328610716557333,0.0,0.0,0.0,0.0
0.918,-0.015188110507227601,0.0,0.0,0.0,0.0
0.919,0.006437949933884848,0.0,0.0,0.0,0.0
0.92,-0.06197432850931475,0.0,0.0,0.0,0.0
0.921,-0.06535424663927397,0.0,0.0,0.0,0.0
0.922,0.023790564369720258,0.0,0.0,0.0,0.0
0.923,-0.014030124593899587,0.0,0.0,0.0,0.0
0.924,0.04168619389591832,0.0,0.0,0.0,0.0
0.925,0.01874673509039734,0.0,0.0,0.0,0.0
0.926,0.08553296427385121,0.0,0.0,0.0,0.0
0.927,0.015511788738175563,0.0,0.0,0.0,0.0
0.928,0.027348678933393565,0.0,0.0,0.0,0.0
0.929,0.008124818589813053,0.0,0.0,0.0,0.0
0.93,0.005180719176579614,0.0,0.0,0.0,0.0
0.931,0.034451164708973275,0.0,0.0,0.0,0.0
0.932,-0.0296169887523468,0.0,0.0,0.0,0.0
0.933,0.025038252372256965,0.0,0.0,0.0,0.0
0.934,0.024017469056571962,0.0,0.0,0.0,0.0
0.935,-0.0022770660537510673,0.0,0.0,0.0,0.0
0.936,0.003636114120292147,0.0,0.0,0.0,0.0
0.937,0.0641419667597992,0.0,0.0,0.0,0.0
0.9380000000000001,-0.01719613303644867,0.0,0.0,0.0,0.0
0.9390000000000001,0.022793959013601497,0.0,0.0,0.0,0.0
0.9400000000000001,0.0286477346810664,0.0,0.0,0.0,0.0
0.9410000000000001,-0.0038697108653001546,0.0,0.0,0.0,0.0
0.9420000000000001,-0.020085367999932293,0.0,0.0,0.0,0.0
0.9430000000000001,-0.016710751212958987,0.0,0.0,0.0,0.0
0.9440000000000001,0.021469836865671478,0.0,0.0,0.0,0.0
0.9450000000000001,-0.012468976063247714,0.0,0.0,0.0,0.0
0.9460000000000001,-0.04531837351943519,0.0,0.0,0.0,0.0
0.9470000000000001,-0.01983044098109081,0.0,0.0,0.0,0.0
0.9480000000000001,0.02794445179302945,0.0,0.0,0.0,0.0
0.9490000000000001,0.04229634214856419,0.0,0.0,0.0,0.0
0.9500000000000001,0.014653152918369904,0.0,0.0,0.0,0.0
0.9510000000000001,0.007952619310827122,0.0,0.0,0.0,0.0
0.9520000000000001,0.04997070723742102,0.0,0.0,0.0,0.0
0.9530000000000001,-0.006206407034159065,0.0,0.0,0.0,0.0
0.9540000000000001,0.015810142098959576,0.0,0.0,0.0,0.0
0.9550000000000001,0.03576364926347174,0.0,0.0,0.0,0.0
0.9560000000000001,-0.005488461321178155,0.0,0.0,0.0,0.0
0.9570000000000001,-0.05554421805210869,0.0,0.0,0.0,0.0
0.9580000000000001,0.035451198591486786,0.0,0.0,0.0,0.0
0.9590000000000001,-0.01788325587026371,0.0,0.0,0.0,0.0
0.96,-0.02751644642335982,0.0,0.0,0.0,0.0
0.961,0.013168567837973797,0.0,0.0,0.0,0.0
0.962,-0.028929852254672355,0.0,0.0,0.0,0.0
0.963,-0.02127273990249421,0.0,0.0,0.0,0.0
0.964,-0.027770158259092445,0.0,0.0,0.0,0.0
0.965,-0.00768266719957097,0.0,0.0,0.0,0.0
0.966,0.0541809675807902,0.0,0.0,0.0,0.0
0.967,-0.0047114160537881766,0.0,0.0,0.0,0.0
0.968,0.05062223325797887,0.0,0.0,0.0,0.0
0.969,0.04759585902074112,0.0,0.0,0.0,0.0
0.97,0.007413430647912777,0.0,0.0,0.0,0.0
0.971,0.01740734954458823,0.0,0.0,0.0,0.0
0.972,0.023418812743309477,0.0,0.0,0.0,0.0
0.973,0.01989421662170517,0.0,0.0,0.0,0.0
0.974,0.0070580203914004935,0.0,0.0,0.0,0.0
0.975,0.06039771613256935,0.0,0.0,0.0,0.0
0.976,0.004399369827181335,0.0,0.0,0.0,0.0
0.977,0.0167601298967179,0.0,0.0,0.0,0.0
0.978,-0.017534444302465924,0.0,0.0,0.0,0.0
0.979,-0.010534050590544785,0.0,0.0,0.0,0.0
0.98,0.003965389351219971,0.0,0.0,0.0,0.0
0.981,0.030252233599054892,0.0,0.0,0.0,0.0
0.982,0.027342858783513703,0.0,0.0,0.0,0.0
0.983,0.025587283986748546,0.0,0.0,0.0,0.0
0.984,-0.055531627323700594,0.0,0.0,0.0,0.0
0.985,-0.02455930884681789,0.0,0.0,0.0,0.0
0.986,0.005992900251056621,0.0,0.0,0.0,0.0
0.987,-0.029400088750117452,0.0,0.0,0.0,0.0
0.988,-0.031023202365000706,0.0,0.0,0.0,0.0
0.989,0.02613612122242495,0.0,0.0,0.0,0.0
0.99,0.04068090288972293,0.0,0.0,0.0,0.0
0.991,0.05140943869584712,0.0,0.0,0.0,0.0
0.992,-0.0011961202267138649,0.0,0.0,0.0,0.0
0.993,-0.06522164512487887,0.0,0.0,0.0,0.0
0.994,0.008739762483131441,0.0,0.0,0.0,0.0
0.995,0.013718144777671677,0.0,0.0,0.0,0.0
0.996,-0.0019656570399400365,0.0,0.0,0.0,0.0
0.997,0.016717375036347487,0.0,0.0,0.0,0.0
0.998,0.017479002820172403,0.0,0.0,0.0,0.0
0.999,0.02694334971755783,0.0,0.0,0.0,0.0
