i,j,a,b,c,d,e
0.0,0.0,0.0,0.012751361678371133,0.006837897519498187,0.0032265457910037928,0.7967182181683217
1.0,0.0,0.0,0.0009022044823165551,0.0002545304790367068,0.0002565599965476324,0.00023501209625664482
2.0,0.0,0.0,0.011193627685265009,-0.00010197732867541028,0.0006358608348771932,-0.01783181678091139
3.0,0.0,0.0,0.00220869022545889,0.00015815813389805355,-0.0009793965917120075,0.007990757608506944
4.0,0.0,0.0,0.0067670844917742,-0.00016658288990235357,-0.0002811068681867286,-0.00017587820894694023
5.0,0.0,0.0,0.001329289047042078,-0.00014965705699503435,-0.01463338372367921,-0.007053774172164036
6.0,0.0,0.0,0.00026359823644516567,-2.5234072017660718e-05,-0.0021861336153815576,0.006547796879380913
7.0,0.0,0.0,0.0028812899348387155,-6.896514707881537e-05,-0.012173699980159262,-0.008701061666159186
8.0,0.0,0.0,0.0,0.0,0.0,0.0
9.0,0.0,0.0,0.0,0.0,0.0,0.0
10.0,0.0,0.0,0.0,0.0,0.0,0.0
11.0,0.0,0.0,0.0,0.0,0.0,0.0
12.0,0.0,0.0,0.0,0.0,0.0,0.0
13.0,0.0,0.0,0.0,0.0,0.0,0.0
14.0,0.0,0.0,0.0,0.0,0.0,0.0
15.0,0.0,0.0,0.0,0.0,0.0,0.0
0.0,1.0,0.0,0.0009022044823165337,0.000254530479036702,0.00025655999654763224,0.00023501209625664387
1.0,1.0,0.0,0.16099954343907036,0.0025208760377735694,0.0017041143314693772,0.02146855931737227
2.0,1.0,0.0,0.2023676589502121,0.0037599903594512122,0.0004976926648271558,0.00036416450206780215
3.0,1.0,0.0,-0.002580259550889603,0.0001500119668017072,0.006248931081631556,0.009325149609152582
4.0,1.0,0.0,0.14146637545991472,-0.012402858340237858,0.00027655008170993355,-0.000668411919711096
5.0,1.0,0.0,-0.0011936008622451628,-3.848094106339602e-05,-0.001331613410814468,0.00021576414875695325
6.0,1.0,0.0,-0.002518066957732662,4.025202351155533e-05,0.00656038393298698,0.00878431354203857
7.0,1.0,0.0,0.0050410345510076456,-1.3821749878725335e-05,-0.0015155508695977446,0.00018309716696547512
8.0,1.0,0.0,0.0,0.0,0.0,0.0
9.0,1.0,0.0,0.0,0.0,0.0,0.0
10.0,1.0,0.0,0.0,0.0,0.0,0.0
11.0,1.0,0.0,0.0,0.0,0.0,0.0
12.0,1.0,0.0,0.0,0.0,0.0,0.0
13.0,1.0,0.0,0.0,0.0,0.0,0.0
14.0,1.0,0.0,0.0,0.0,0.0,0.0
15.0,1.0,0.0,0.0,0.0,0.0,0.0
0.0,2.0,0.0,0.011193627685264976,-0.00010197732867541282,0.000635860834877192,-0.01783181678091141
1.0,2.0,0.0,0.2023676589502119,0.0037599903594512,0.0004976926648271552,0.0003641645020678023
2.0,2.0,0.0,0.31257412049648636,0.02179372973797986,0.0023702301833044837,0.0027789057200280414
3.0,2.0,0.0,0.001223877473815378,5.676238313307434e-05,0.0007364250783047641,-9.782441351891632e-05
4.0,2.0,0.0,0.22372814407417022,0.002170311632151124,0.0003858542146592041,0.0002613310871705589
5.0,2.0,0.0,0.0017819999725856629,0.006043801664913077,-0.006151386181324694,0.00025349395348263115
6.0,2.0,0.0,-0.0030952794315564107,4.054554414649154e-05,0.0005429792301872532,-7.435014941430386e-05
7.0,2.0,0.0,0.014150121768740474,0.004982287314179613,-0.004846438314463745,0.0002851094420549898
8.0,2.0,0.0,0.0,0.0,0.0,0.0
9.0,2.0,0.0,0.0,0.0,0.0,0.0
10.0,2.0,0.0,0.0,0.0,0.0,0.0
11.0,2.0,0.0,0.0,0.0,0.0,0.0
12.0,2.0,0.0,0.0,0.0,0.0,0.0
13.0,2.0,0.0,0.0,0.0,0.0,0.0
14.0,2.0,0.0,0.0,0.0,0.0,0.0
15.0,2.0,0.0,0.0,0.0,0.0,0.0
0.0,3.0,0.0,0.0022086902254588874,0.00015815813389805344,-0.000979396591712008,0.007990757608506944
1.0,3.0,0.0,-0.0025802595508895953,0.0001500119668017075,0.006248931081631538,0.009325149609152577
2.0,3.0,0.0,0.0012238774738153736,5.676238313307381e-05,0.0007364250783047634,-9.782441351891636e-05
3.0,3.0,0.0,0.0014742387740392228,0.00011889892560013876,0.13022276134452201,0.005903286313434303
4.0,3.0,0.0,0.00029070062246769655,-0.005965056237568572,0.011890944070895259,-0.00027518286004283183
5.0,3.0,0.0,0.0010186741402856434,5.623045784146108e-06,0.015915819685546728,2.4638578391003715e-05
6.0,3.0,0.0,0.00032985265990602934,4.8441453642894394e-05,0.12286466609142534,0.005493865229088785
7.0,3.0,0.0,0.0016843208580080403,1.6786941511001627e-05,0.009535324817428834,-1.5836037961504314e-05
8.0,3.0,0.0,0.0,0.0,0.0,0.0
9.0,3.0,0.0,0.0,0.0,0.0,0.0
10.0,3.0,0.0,0.0,0.0,0.0,0.0
11.0,3.0,0.0,0.0,0.0,0.0,0.0
12.0,3.0,0.0,0.0,0.0,0.0,0.0
13.0,3.0,0.0,0.0,0.0,0.0,0.0
14.0,3.0,0.0,0.0,0.0,0.0,0.0
15.0,3.0,0.0,0.0,0.0,0.0,0.0
0.0,4.0,0.0,0.0067670844917742425,-0.00016658288990235412,-0.00028110686818672893,-0.00017587820894694023
1.0,4.0,0.0,0.1414663754599143,-0.012402858340237861,0.0002765500817099332,-0.0006684119197110965
2.0,4.0,0.0,0.22372814407416997,0.0021703116321511286,0.00038585421465920386,0.0002613310871705588
3.0,4.0,0.0,0.0002907006224676986,-0.005965056237568569,0.011890944070895264,-0.00027518286004283205
4.0,4.0,0.0,0.19914102845339499,0.7315332784332081,0.004449017497946461,0.005910952379544178
5.0,4.0,0.0,0.0010661079600326863,0.004178372093973856,0.0014757911953749208,7.820127746686591e-06
6.0,4.0,0.0,-0.0023846832539802963,-0.0039401232607049076,0.014925868619115153,-0.00028700161440717303
7.0,4.0,0.0,0.010014573500626763,0.0037982054710201806,0.0011752036541352792,4.8055379156882906e-05
8.0,4.0,0.0,0.0,0.0,0.0,0.0
9.0,4.0,0.0,0.0,0.0,0.0,0.0
10.0,4.0,0.0,0.0,0.0,0.0,0.0
11.0,4.0,0.0,0.0,0.0,0.0,0.0
12.0,4.0,0.0,0.0,0.0,0.0,0.0
13.0,4.0,0.0,0.0,0.0,0.0,0.0
14.0,4.0,0.0,0.0,0.0,0.0,0.0
15.0,4.0,0.0,0.0,0.0,0.0,0.0
0.0,5.0,0.0,0.0013292890470420738,-0.00014965705699503462,-0.014633383723679217,-0.007053774172164044
1.0,5.0,0.0,-0.0011936008622451804,-3.848094106339594e-05,-0.0013316134108144683,0.00021576414875695328
2.0,5.0,0.0,0.0017819999725856596,0.0060438016649130765,-0.006151386181324683,0.0002534939534826312
3.0,5.0,0.0,0.0010186741402856425,5.623045784145991e-06,0.01591581968554669,2.463857839100369e-05
4.0,5.0,0.0,0.0010661079600326807,0.004178372093973848,0.0014757911953749141,7.820127746686591e-06
5.0,5.0,0.0,0.0012442313623814774,0.0033753363496182706,0.16582252119882354,0.0005099641197490862
6.0,5.0,0.0,0.0005468297436487434,0.0003402241547840802,0.026685566784088205,0.00010396742201802266
7.0,5.0,0.0,0.0013115507835721736,0.002625153047863645,0.1283088535072584,0.00019227027911330536
8.0,5.0,0.0,0.0,0.0,0.0,0.0
9.0,5.0,0.0,0.0,0.0,0.0,0.0
10.0,5.0,0.0,0.0,0.0,0.0,0.0
11.0,5.0,0.0,0.0,0.0,0.0,0.0
12.0,5.0,0.0,0.0,0.0,0.0,0.0
13.0,5.0,0.0,0.0,0.0,0.0,0.0
14.0,5.0,0.0,0.0,0.0,0.0,0.0
15.0,5.0,0.0,0.0,0.0,0.0,0.0
0.0,6.0,0.0,0.0002635982364451658,-2.5234072017660494e-05,-0.002186133615381559,0.0065477968793809125
1.0,6.0,0.0,-0.00251806695773266,4.0252023511555374e-05,0.006560383932986977,0.008784313542038569
2.0,6.0,0.0,-0.0030952794315564063,4.054554414649128e-05,0.0005429792301872539,-7.435014941430376e-05
3.0,6.0,0.0,0.0003298526599060297,4.8441453642894305e-05,0.12286466609142561,0.005493865229088784
4.0,6.0,0.0,-0.0023846832539803015,-0.003940123260704908,0.01492586861911515,-0.0002870016144071733
5.0,6.0,0.0,0.000546829743648743,0.00034022415478407887,0.026685566784088184,0.00010396742201802269
6.0,6.0,0.0,0.0006669147916829809,0.0006582485763644743,0.1818212932471891,0.006012150678075243
7.0,6.0,0.0,2.3106281407373687e-05,2.9172087834328404e-05,0.008516079340535412,7.907410753413851e-07
8.0,6.0,0.0,0.0,0.0,0.0,0.0
9.0,6.0,0.0,0.0,0.0,0.0,0.0
10.0,6.0,0.0,0.0,0.0,0.0,0.0
11.0,6.0,0.0,0.0,0.0,0.0,0.0
12.0,6.0,0.0,0.0,0.0,0.0,0.0
13.0,6.0,0.0,0.0,0.0,0.0,0.0
14.0,6.0,0.0,0.0,0.0,0.0,0.0
15.0,6.0,0.0,0.0,0.0,0.0,0.0
0.0,7.0,0.0,0.0028812899348387116,-6.896514707881542e-05,-0.01217369998015928,-0.00870106166615919
1.0,7.0,0.0,0.005041034551007638,-1.3821749878724779e-05,-0.0015155508695977443,0.00018309716696547529
2.0,7.0,0.0,0.014150121768740509,0.004982287314179616,-0.004846438314463761,0.00028510944205498997
3.0,7.0,0.0,0.0016843208580080392,1.6786941511001684e-05,0.009535324817428864,-1.5836037961504327e-05
4.0,7.0,0.0,0.010014573500626752,0.0037982054710201736,0.0011752036541352786,4.8055379156882946e-05
5.0,7.0,0.0,0.0013115507835721742,0.0026251530478636443,0.12830885350725849,0.00019227027911330555
6.0,7.0,0.0,2.310628140737364e-05,2.9172087834328398e-05,0.00851607934053545,7.907410753413578e-07
7.0,7.0,0.0,0.00437498869355891,0.0021771028562912694,0.12557429707427034,0.00019977580589427505
8.0,7.0,0.0,0.0,0.0,0.0,0.0
9.0,7.0,0.0,0.0,0.0,0.0,0.0
10.0,7.0,0.0,0.0,0.0,0.0,0.0
11.0,7.0,0.0,0.0,0.0,0.0,0.0
12.0,7.0,0.0,0.0,0.0,0.0,0.0
13.0,7.0,0.0,0.0,0.0,0.0,0.0
14.0,7.0,0.0,0.0,0.0,0.0,0.0
15.0,7.0,0.0,0.0,0.0,0.0,0.0
0.0,8.0,0.0,0.0,0.0,0.0,0.0
1.0,8.0,0.0,0.0,0.0,0.0,0.0
2.0,8.0,0.0,0.0,0.0,0.0,0.0
3.0,8.0,0.0,0.0,0.0,0.0,0.0
4.0,8.0,0.0,0.0,0.0,0.0,0.0
5.0,8.0,0.0,0.0,0.0,0.0,0.0
6.0,8.0,0.0,0.0,0.0,0.0,0.0
7.0,8.0,0.0,0.0,0.0,0.0,0.0
8.0,8.0,0.12499999999999992,0.23232148873360242,0.17290868973054266,0.0003415384709403651,0.0738473429141401
9.0,8.0,0.12499999999999992,0.001681935305187124,0.001190621699011888,-2.7454229648216593e-05,9.484794810214915e-05
10.0,8.0,0.12499999999999992,-0.0007385420505918667,-0.0010357389121793572,0.0003538669911608683,-0.0016478706084395937
11.0,8.0,0.12499999999999992,0.01104620726141394,0.0016896673865668863,-5.236430396216119e-06,0.0009160829536966283
12.0,8.0,0.12499999999999992,0.0017229791695596436,0.0019103692386847726,-1.9517037947886227e-06,-0.00025001360847584956
13.0,8.0,0.12499999999999992,0.0008098334410319452,-0.0006167941537074424,-0.000792195274347843,-0.0008602600603987593
14.0,8.0,0.12499999999999992,0.003993763241085149,-0.0009008512864995067,-0.00016432444345183407,0.0007350549418976941
15.0,8.0,0.12499999999999992,-0.0001937475858412954,6.584861012300454e-06,-0.0009446316634514509,-0.00020559700279001387
0.0,9.0,0.0,0.0,0.0,0.0,0.0
1.0,9.0,0.0,0.0,0.0,0.0,0.0
2.0,9.0,0.0,0.0,0.0,0.0,0.0
3.0,9.0,0.0,0.0,0.0,0.0,0.0
4.0,9.0,0.0,0.0,0.0,0.0,0.0
5.0,9.0,0.0,0.0,0.0,0.0,0.0
6.0,9.0,0.0,0.0,0.0,0.0,0.0
7.0,9.0,0.0,0.0,0.0,0.0,0.0
8.0,9.0,0.12499999999999992,0.0016819353051871252,0.001190621699011886,-2.74542296482169e-05,9.484794810214869e-05
9.0,9.0,0.12499999999999992,0.006030351829822981,0.0010307201275171968,0.0160850257681163,0.00814330999010994
10.0,9.0,0.12499999999999992,0.006101808359123274,0.00015512450031573304,0.0032793499588595256,0.0016066375366978285
11.0,9.0,0.12499999999999992,0.0006767592840822602,0.0007806145286496637,0.010749388830853475,0.001354081777424893
12.0,9.0,0.12499999999999992,0.004183504416980267,-0.00045183463044228363,-0.007131250148826466,-0.0023592358073305955
13.0,9.0,0.12499999999999992,-0.0010074910958769818,-0.0003950542782926707,0.0003569068410310794,0.00024003746676170228
14.0,9.0,0.12499999999999992,0.00022168314759724744,-0.00021962523685467337,0.003173950501955161,0.00031351373066597143
15.0,9.0,0.12499999999999992,0.00014024899052683388,-3.634634259726876e-07,-0.004483995440820691,0.00012562486900216037
0.0,10.0,0.0,0.0,0.0,0.0,0.0
1.0,10.0,0.0,0.0,0.0,0.0,0.0
2.0,10.0,0.0,0.0,0.0,0.0,0.0
3.0,10.0,0.0,0.0,0.0,0.0,0.0
4.0,10.0,0.0,0.0,0.0,0.0,0.0
5.0,10.0,0.0,0.0,0.0,0.0,0.0
6.0,10.0,0.0,0.0,0.0,0.0,0.0
7.0,10.0,0.0,0.0,0.0,0.0,0.0
8.0,10.0,0.12499999999999992,-0.0007385420505918658,-0.0010357389121793566,0.0003538669911608689,-0.0016478706084395967
9.0,10.0,0.12499999999999992,0.006101808359123271,0.00015512450031573285,0.0032793499588595243,0.00160663753669783
10.0,10.0,0.12499999999999992,0.009415175105578053,0.0007302435585963795,0.02042205787667562,0.020418481265993358
11.0,10.0,0.12499999999999992,1.1680408057460453e-05,3.108244425262582e-05,0.0007925835173964789,2.888638185574272e-06
12.0,10.0,0.12499999999999992,0.006721861356646035,6.231286957636291e-05,0.0019165389993961617,0.0022560733359224265
13.0,10.0,0.12499999999999992,7.059095206817746e-05,-0.00016870348973128848,0.0061304270320297225,0.0019370833322829844
14.0,10.0,0.12499999999999992,-0.00031552663029724056,-0.0007285847625480386,-0.0008532997874072642,-5.858178318909745e-05
15.0,10.0,0.12499999999999992,0.00040575455821103586,0.00016164109170948847,0.010452230015286092,0.0005600135370700657
0.0,11.0,0.0,0.0,0.0,0.0,0.0
1.0,11.0,0.0,0.0,0.0,0.0,0.0
2.0,11.0,0.0,0.0,0.0,0.0,0.0
3.0,11.0,0.0,0.0,0.0,0.0,0.0
4.0,11.0,0.0,0.0,0.0,0.0,0.0
5.0,11.0,0.0,0.0,0.0,0.0,0.0
6.0,11.0,0.0,0.0,0.0,0.0,0.0
7.0,11.0,0.0,0.0,0.0,0.0,0.0
8.0,11.0,0.12499999999999992,0.011046207261413955,0.0016896673865668865,-5.236430396216203e-06,0.000916082953696628
9.0,11.0,0.12499999999999992,0.0006767592840822599,0.0007806145286496637,0.010749388830853471,0.0013540817774248962
10.0,11.0,0.12499999999999992,1.168040805746074e-05,3.1082444252625496e-05,0.0007925835173964746,2.8886381855744307e-06
11.0,11.0,0.12499999999999992,0.010734463527388553,0.000783665905412933,0.016017859719856083,0.0012407026168775623
12.0,11.0,0.12499999999999992,-3.316751633198484e-05,0.00015802926508798402,-0.0060933693620133225,-0.0019176293407874721
13.0,11.0,0.12499999999999992,0.006757644918131742,-0.00011406570609034347,0.0015264448269862098,6.072093427442274e-05
14.0,11.0,0.12499999999999992,0.006820428452508538,-1.0524565102029606e-05,0.007054556002718077,0.0006931921891064693
15.0,11.0,0.12499999999999992,0.00010164588730064331,8.716453254993183e-05,-0.001350004785152258,2.529343382712675e-05
0.0,12.0,0.0,0.0,0.0,0.0,0.0
1.0,12.0,0.0,0.0,0.0,0.0,0.0
2.0,12.0,0.0,0.0,0.0,0.0,0.0
3.0,12.0,0.0,0.0,0.0,0.0,0.0
4.0,12.0,0.0,0.0,0.0,0.0,0.0
5.0,12.0,0.0,0.0,0.0,0.0,0.0
6.0,12.0,0.0,0.0,0.0,0.0,0.0
7.0,12.0,0.0,0.0,0.0,0.0,0.0
8.0,12.0,0.12499999999999992,0.0017229791695596445,0.0019103692386847767,-1.95170379478891e-06,-0.0002500136084758505
9.0,12.0,0.12499999999999992,0.004183504416980251,-0.00045183463044228374,-0.007131250148826464,-0.002359235807330592
10.0,12.0,0.12499999999999992,0.006721861356646018,6.23128695763622e-05,0.0019165389993961533,0.0022560733359224304
11.0,12.0,0.12499999999999992,-3.3167516331984685e-05,0.00015802926508798418,-0.006093369362013329,-0.001917629340787473
12.0,12.0,0.12499999999999992,0.00637295237965121,0.024846467911475652,0.02174416781172036,0.05429020581331685
13.0,12.0,0.12499999999999992,9.303711379974005e-05,0.0007851632685821756,0.001811179618848408,5.985455983300512e-06
14.0,12.0,0.12499999999999992,0.00017853496046496353,0.0005166463690497868,-0.004973108412705763,-0.0011581993072631034
15.0,12.0,0.12499999999999992,0.00038747236147787425,0.00039469958849974686,0.010439231701999776,0.00037343186897706324
0.0,13.0,0.0,0.0,0.0,0.0,0.0
1.0,13.0,0.0,0.0,0.0,0.0,0.0
2.0,13.0,0.0,0.0,0.0,0.0,0.0
3.0,13.0,0.0,0.0,0.0,0.0,0.0
4.0,13.0,0.0,0.0,0.0,0.0,0.0
5.0,13.0,0.0,0.0,0.0,0.0,0.0
6.0,13.0,0.0,0.0,0.0,0.0,0.0
7.0,13.0,0.0,0.0,0.0,0.0,0.0
8.0,13.0,0.12499999999999992,0.0008098334410319395,-0.0006167941537074497,-0.0007921952743478425,-0.0008602600603987596
9.0,13.0,0.12499999999999992,-0.001007491095876983,-0.0003950542782926718,0.0003569068410310813,0.0002400374667617032
10.0,13.0,0.12499999999999992,7.059095206817732e-05,-0.00016870348973128818,0.0061304270320297225,0.0019370833322829854
11.0,13.0,0.12499999999999992,0.006757644918131762,-0.00011406570609034928,0.001526444826986207,6.072093427442271e-05
12.0,13.0,0.12499999999999992,9.303711379973737e-05,0.0007851632685821608,0.001811179618848398,5.985455983300788e-06
13.0,13.0,0.12499999999999992,0.019496049886957873,0.007128249958748125,0.017336369215213917,0.001471066935302261
14.0,13.0,0.12499999999999992,0.017490581964039915,0.011199266911787225,0.004028792296687298,2.06045401705896e-05
15.0,13.0,0.12499999999999992,5.930496656146134e-06,0.0001244299033322734,0.010654777514085249,0.0005594464783084355
0.0,14.0,0.0,0.0,0.0,0.0,0.0
1.0,14.0,0.0,0.0,0.0,0.0,0.0
2.0,14.0,0.0,0.0,0.0,0.0,0.0
3.0,14.0,0.0,0.0,0.0,0.0,0.0
4.0,14.0,0.0,0.0,0.0,0.0,0.0
5.0,14.0,0.0,0.0,0.0,0.0,0.0
6.0,14.0,0.0,0.0,0.0,0.0,0.0
7.0,14.0,0.0,0.0,0.0,0.0,0.0
8.0,14.0,0.12499999999999992,0.003993763241085157,-0.0009008512864995015,-0.00016432444345183364,0.0007350549418976947
9.0,14.0,0.12499999999999992,0.00022168314759724668,-0.00021962523685467377,0.00317395050195516,0.0003135137306659716
10.0,14.0,0.12499999999999992,-0.000315526630297241,-0.000728584762548037,-0.0008532997874072622,-5.858178318909738e-05
11.0,14.0,0.12499999999999992,0.0068204284525085436,-1.052456510203159e-05,0.007054556002718075,0.0006931921891064691
12.0,14.0,0.12499999999999992,0.00017853496046496174,0.0005166463690497802,-0.004973108412705762,-0.0011581993072631044
13.0,14.0,0.12499999999999992,0.01749058196403991,0.01119926691178719,0.004028792296687299,2.0604540170589632e-05
14.0,14.0,0.12499999999999992,0.02224119460583532,0.02341309877069085,0.017655987862469087,0.0007614531212201299
15.0,14.0,0.12499999999999992,4.763210585135919e-05,-7.853497391911955e-05,-0.00012170720399486224,-3.962447193492354e-06
0.0,15.0,0.0,0.0,0.0,0.0,0.0
1.0,15.0,0.0,0.0,0.0,0.0,0.0
2.0,15.0,0.0,0.0,0.0,0.0,0.0
3.0,15.0,0.0,0.0,0.0,0.0,0.0
4.0,15.0,0.0,0.0,0.0,0.0,0.0
5.0,15.0,0.0,0.0,0.0,0.0,0.0
6.0,15.0,0.0,0.0,0.0,0.0,0.0
7.0,15.0,0.0,0.0,0.0,0.0,0.0
8.0,15.0,0.12499999999999992,-0.00019374758584129513,6.5848610123008135e-06,-0.0009446316634514517,-0.00020559700279001403
9.0,15.0,0.12499999999999992,0.00014024899052683375,-3.634634259726252e-07,-0.004483995440820682,0.00012562486900216088
10.0,15.0,0.12499999999999992,0.0004057545582110364,0.00016164109170948847,0.010452230015286121,0.0005600135370700673
11.0,15.0,0.12499999999999992,0.0001016458873006433,8.716453254993168e-05,-0.0013500047851522589,2.52934338271267e-05
12.0,15.0,0.12499999999999992,0.00038747236147787403,0.00039469958849974637,0.010439231701999781,0.0003734318689770636
13.0,15.0,0.12499999999999992,5.930496656146689e-06,0.00012442990333227396,0.010654777514085213,0.0005594464783084353
14.0,15.0,0.12499999999999992,4.7632105851359024e-05,-7.853497391912077e-05,-0.00012170720399486301,-3.962447193492366e-06
15.0,15.0,0.12499999999999992,0.0001618962421782145,0.00014349560068235815,0.27520621260647926,0.00032562484062073106
